0.179, 0.000, 0.000, 0.000
0.195, 0.000, 0.000, 0.000
0.212, 0.000, 0.000, 0.000
0.229, 0.000, 0.000, 0.000
0.245, 0.000, 0.000, 0.000
0.262, 0.000, 0.000, 0.000
0.279, 0.000, 0.000, 0.000
0.296, 0.000, 0.000, 0.000
0.312, 0.000, 0.000, 0.000
0.329, 0.000, 0.000, 0.000
0.346, 0.000, 0.000, 0.000
0.362, 0.000, 0.000, 0.000
0.380, 0.000, 0.000, 0.000
0.395, 0.000, 0.000, 0.000
0.412, 0.000, 0.000, 0.000
0.429, 0.000, 0.000, 0.000
0.445, 0.000, 0.000, 0.000
0.462, 0.000, 0.000, 0.000
0.479, 0.000, 0.000, 0.000
0.495, 0.000, 0.000, 0.000
0.512, 0.000, 0.000, 0.000
0.529, 0.005, -0.002, -0.001
0.546, 0.004, -0.004, -0.002
0.562, 0.005, -0.003, -0.001
0.579, -0.001, -0.001, -0.000
0.596, 0.002, -0.000, 0.002
0.612, 0.000, -0.001, 0.000
0.629, 0.002, 0.000, 0.000
0.646, -0.003, -0.000, -0.000
0.663, -0.001, 0.002, -0.001
0.679, -0.002, -0.002, -0.000
0.696, -0.001, -0.001, -0.000
0.713, -0.001, -0.000, -0.000
0.729, -0.000, 0.001, 0.001
0.747, -0.011, 0.007, 0.001
0.763, -0.006, 0.000, 0.001
0.780, -0.007, 0.003, -0.001
0.796, 0.004, -0.006, -0.001
0.813, -0.001, 0.000, -0.000
0.829, -0.001, -0.003, -0.001
0.845, 0.001, 0.003, -0.001
0.862, 0.000, 0.000, 0.001
0.879, 0.000, 0.003, 0.001
0.895, -0.001, 0.002, -0.001
0.912, -0.001, 0.003, -0.002
0.929, -0.000, -0.000, -0.001
0.945, 0.001, 0.006, -0.004
0.962, -0.001, 0.002, -0.000
0.979, 0.000, 0.005, -0.004
0.996, -0.000, -0.000, 0.001
1.012, 0.001, 0.003, -0.004
1.029, 0.001, -0.000, 0.000
1.046, 0.001, 0.000, 0.002
1.062, 0.002, 0.004, 0.000
1.079, -0.002, 0.002, 0.002
1.095, 0.001, 0.006, -0.006
1.112, 0.003, -0.000, -0.002
1.129, 0.004, 0.007, -0.007
1.146, 0.002, -0.003, 0.004
1.163, -0.005, 0.002, 0.001
1.179, -0.003, -0.003, 0.003
1.196, 0.002, -0.002, 0.000
1.212, 0.008, -0.003, 0.001
1.229, 0.008, 0.000, 0.000
1.246, -0.001, -0.001, 0.000
1.263, -0.002, -0.003, 0.004
1.279, 0.001, -0.005, 0.002
1.296, -0.002, -0.000, 0.001
1.312, -0.001, 0.003, -0.003
1.329, -0.004, 0.003, 0.000
1.346, -0.000, 0.000, -0.001
1.362, -0.001, -0.001, -0.000
1.379, 0.001, -0.001, -0.000
1.396, 0.001, 0.002, -0.000
1.412, -0.003, 0.002, 0.000
1.429, -0.002, -0.001, -0.001
1.445, -0.000, -0.001, 0.001
1.462, 0.004, 0.001, -0.001
1.479, 0.001, 0.001, -0.000
1.495, -0.000, -0.001, -0.001
1.512, -0.001, -0.003, 0.001
1.529, -0.000, 0.001, 0.000
1.546, -0.001, 0.001, -0.000
1.562, -0.000, -0.001, -0.000
1.579, 0.000, -0.001, 0.001
1.596, 0.002, -0.005, 0.001
1.612, 0.001, -0.001, 0.001
1.629, -0.000, -0.002, -0.002
1.646, -0.004, -0.003, 0.001
1.662, -0.001, -0.002, -0.000
1.679, -0.001, -0.004, 0.003
1.696, 0.001, 0.003, -0.002
1.712, -0.000, 0.000, -0.000
1.729, -0.001, 0.001, -0.002
1.746, -0.009, 0.007, -0.002
1.762, -0.004, 0.003, -0.002
1.779, -0.005, 0.002, -0.002
1.796, 0.006, -0.003, 0.001
1.812, 0.001, -0.000, 0.001
1.829, 0.002, 0.001, 0.000
1.845, -0.000, 0.002, -0.002
1.862, -0.000, 0.001, -0.001
1.879, -0.001, -0.000, 0.000
1.896, 0.000, -0.002, -0.002
1.912, 0.001, 0.001, -0.003
1.931, 0.003, 0.001, -0.004
1.946, -0.001, 0.002, 0.001
1.962, -0.005, 0.000, 0.001
1.979, -0.003, 0.000, -0.001
1.995, 0.000, 0.003, -0.002
2.012, 0.004, 0.002, -0.002
2.029, 0.001, 0.002, -0.001
2.046, -0.001, 0.000, 0.000
2.062, 0.000, -0.000, 0.002
2.079, -0.000, 0.002, 0.001
2.096, 0.002, -0.005, 0.002
2.112, -0.000, -0.003, -0.001
2.129, 0.002, -0.003, 0.001
2.145, -0.003, 0.001, -0.001
2.162, -0.001, 0.002, -0.001
2.179, -0.003, -0.000, -0.001
2.195, 0.003, 0.001, 0.002
2.212, 0.001, 0.000, 0.001
2.229, 0.002, 0.000, 0.002
2.245, -0.004, -0.006, -0.001
2.262, -0.002, -0.003, -0.000
2.279, -0.003, -0.003, -0.001
2.296, 0.000, 0.002, -0.001
2.312, -0.000, -0.001, -0.000
2.329, -0.001, -0.001, 0.001
2.346, -0.001, -0.001, -0.001
2.362, -0.004, -0.001, -0.001
2.379, -0.001, -0.000, -0.001
2.396, 0.002, 0.002, -0.003
2.412, 0.005, 0.000, -0.003
2.429, 0.001, -0.000, -0.004
2.445, 0.002, -0.001, 0.004
2.462, 0.001, -0.001, 0.002
2.479, 0.002, 0.000, 0.001
2.495, -0.000, 0.001, -0.001
2.512, 0.001, 0.002, 0.001
2.529, 0.001, 0.001, 0.000
2.546, 0.002, 0.003, -0.002
2.562, 0.001, 0.000, -0.001
2.579, 0.001, 0.002, -0.001
2.596, 0.000, 0.000, -0.001
2.612, 0.002, -0.000, -0.000
2.629, 0.001, 0.001, -0.001
2.646, 0.000, 0.000, 0.002
2.662, -0.006, 0.005, 0.001
2.679, 0.001, 0.000, 0.001
2.696, -0.001, -0.000, -0.001
2.712, 0.005, -0.002, -0.002
2.729, -0.000, 0.003, -0.002
2.746, -0.001, -0.002, 0.001
2.762, -0.001, -0.001, 0.000
2.779, -0.001, -0.005, 0.002
2.796, -0.000, 0.002, -0.002
2.812, -0.001, 0.001, -0.001
2.829, -0.002, 0.003, -0.003
2.846, -0.001, -0.002, 0.001
2.863, -0.001, -0.003, 0.001
2.879, -0.000, -0.004, 0.003
2.896, -0.000, 0.001, -0.002
2.912, 0.000, 0.002, -0.003
2.929, -0.001, 0.001, -0.003
2.945, -0.002, -0.002, 0.001
2.962, -0.000, -0.001, -0.001
2.979, -0.001, 0.000, -0.001
2.996, 0.000, -0.002, -0.000
3.012, -0.001, -0.003, 0.002
3.029, -0.000, -0.002, 0.000
3.046, -0.001, -0.001, 0.001
3.063, -0.000, -0.002, 0.002
3.079, -0.006, -0.000, 0.003
3.096, 0.008, -0.000, -0.004
3.112, 0.007, 0.000, -0.004
3.129, 0.013, -0.004, -0.003
3.146, -0.011, 0.004, 0.003
3.162, -0.006, 0.001, 0.002
3.179, -0.006, 0.003, -0.000
3.195, -0.004, -0.001, 0.005
3.213, -0.005, 0.001, 0.002
3.229, -0.004, -0.001, 0.004
3.246, 0.002, 0.000, 0.001
3.262, -0.001, -0.000, 0.003
3.279, -0.009, -0.001, 0.004
3.296, -0.000, 0.003, -0.002
3.312, 0.001, 0.004, -0.003
3.329, 0.009, 0.004, -0.003
3.346, 0.003, 0.002, -0.004
3.362, -0.000, 0.001, -0.002
3.379, -0.002, -0.001, -0.003
3.396, 0.000, -0.004, 0.002
3.412, -0.001, -0.003, 0.000
3.429, 0.003, 0.001, 0.000
3.446, -0.003, 0.006, 0.002
3.462, -0.007, 0.008, 0.002
3.479, -0.009, 0.004, 0.003
3.496, 0.005, 0.002, -0.001
3.512, 0.011, 0.002, -0.004
3.529, 0.012, 0.005, -0.004
3.546, -0.002, -0.000, -0.003
3.562, -0.002, -0.001, 0.000
3.579, -0.003, -0.001, -0.001
3.596, -0.001, 0.001, -0.000
3.613, -0.005, -0.000, -0.001
3.629, -0.001, 0.004, -0.002
3.646, 0.002, 0.001, -0.003
3.663, 0.001, 0.002, -0.002
3.679, -0.005, 0.001, 0.000
3.696, 0.006, -0.006, 0.002
3.712, 0.011, -0.005, -0.001
3.729, 0.012, -0.007, -0.001
3.746, -0.000, -0.001, -0.002
3.762, -0.000, -0.002, 0.001
3.779, -0.001, -0.004, -0.001
3.796, 0.001, 0.007, -0.002
3.812, 0.000, 0.004, -0.002
3.829, 0.002, 0.005, -0.001
3.846, 0.002, 0.003, 0.001
3.862, 0.002, 0.007, -0.001
3.879, 0.001, 0.007, -0.002
3.896, -0.001, 0.000, 0.002
3.913, 0.000, 0.001, 0.002
3.929, -0.000, -0.000, 0.002
3.946, 0.000, 0.002, -0.000
3.962, -0.001, -0.001, 0.001
3.979, -0.000, 0.001, 0.001
3.996, 0.001, -0.000, 0.001
4.012, 0.001, 0.002, -0.000
4.029, 0.001, 0.001, 0.000
4.046, 0.001, 0.000, -0.001
4.062, 0.000, -0.001, 0.001
4.079, 0.001, 0.001, -0.000
4.096, -0.012, 0.003, 0.005
4.112, -0.006, 0.001, 0.003
4.129, -0.006, 0.002, 0.003
4.146, 0.005, -0.004, -0.002
4.162, -0.001, -0.002, 0.001
4.179, -0.000, -0.002, 0.001
4.196, 0.000, -0.001, 0.001
4.212, 0.001, -0.001, 0.002
4.229, -0.000, -0.001, 0.001
4.246, -0.000, 0.001, -0.001
4.262, -0.001, -0.000, -0.001
4.279, 0.000, 0.000, -0.000
4.296, 0.000, 0.002, -0.001
4.312, 0.000, 0.002, -0.001
4.329, 0.000, 0.001, -0.000
4.346, -0.001, -0.004, 0.002
4.363, -0.001, -0.003, 0.002
4.379, -0.001, -0.002, 0.001
4.396, 0.001, 0.002, -0.001
4.412, 0.001, 0.002, -0.001
4.429, 0.001, -0.001, 0.001
4.446, -0.001, -0.000, -0.001
4.462, -0.001, -0.000, -0.001
4.479, -0.002, -0.001, 0.001
4.496, 0.001, 0.004, -0.003
4.512, 0.002, 0.004, -0.004
4.529, 0.003, 0.005, -0.006
4.545, 0.000, -0.000, -0.001
4.562, -0.001, 0.000, 0.001
4.579, -0.000, 0.002, 0.000
4.596, 0.001, 0.001, 0.003
4.612, 0.001, -0.001, 0.004
4.629, 0.001, -0.000, 0.002
4.646, 0.003, 0.000, 0.001
4.662, 0.004, 0.004, -0.001
4.679, 0.003, 0.002, 0.002
4.696, -0.000, -0.002, 0.001
4.712, -0.000, -0.003, 0.000
4.729, -0.001, -0.001, -0.002
4.746, -0.000, 0.006, -0.003
4.762, 0.001, 0.004, -0.001
4.779, 0.000, 0.002, 0.001
4.796, 0.002, 0.001, -0.001
4.812, 0.000, 0.003, -0.002
4.829, 0.001, 0.003, -0.003
4.846, -0.003, 0.001, 0.001
4.862, -0.001, -0.000, 0.001
4.879, -0.002, 0.001, 0.002
4.896, 0.003, -0.002, 0.000
4.912, 0.001, -0.000, -0.000
4.929, 0.001, -0.001, 0.001
4.946, 0.000, 0.001, -0.002
4.963, 0.001, 0.001, -0.001
4.979, 0.002, 0.001, -0.002
4.996, -0.004, -0.003, 0.005
5.012, -0.002, -0.002, 0.002
5.029, -0.002, -0.002, 0.003
5.046, -0.001, 0.002, -0.000
5.063, -0.003, -0.001, 0.004
5.079, -0.002, -0.000, 0.002
5.096, 0.001, 0.001, -0.004
5.112, 0.000, 0.000, -0.001
5.129, -0.000, 0.002, -0.002
5.146, -0.001, -0.000, 0.002
5.162, 0.000, 0.003, -0.004
5.179, 0.000, -0.003, 0.001
5.195, -0.005, 0.000, 0.001
5.212, -0.002, -0.000, 0.003
5.229, -0.002, 0.001, 0.001
5.245, 0.002, -0.000, -0.002
5.262, 0.000, -0.001, -0.001
5.279, -0.000, 0.003, -0.003
5.295, -0.001, 0.002, 0.001
5.312, -0.001, 0.000, 0.001
5.329, -0.000, -0.001, 0.001
5.345, -0.002, 0.001, -0.002
5.362, -0.001, 0.002, 0.001
5.379, -0.002, 0.001, 0.001
5.396, -0.002, -0.002, 0.004
5.412, -0.002, -0.000, 0.001
5.429, -0.004, -0.002, 0.005
5.446, 0.001, -0.002, -0.002
5.462, 0.002, -0.001, -0.003
5.479, 0.001, -0.000, -0.003
5.495, 0.000, -0.001, 0.003
5.512, -0.001, -0.001, 0.001
5.529, -0.001, -0.001, 0.002
5.545, 0.001, 0.002, -0.003
5.562, -0.001, -0.001, 0.002
5.579, 0.003, -0.001, 0.002
5.595, 0.003, -0.001, -0.003
5.612, 0.000, -0.000, -0.003
5.629, 0.001, 0.001, -0.005
5.646, -0.002, 0.002, -0.000
5.662, 0.002, 0.001, -0.000
5.679, 0.001, -0.001, 0.002
5.695, -0.012, -0.009, 0.003
5.712, -0.010, -0.002, 0.000
5.729, -0.014, -0.007, -0.000
5.745, -0.003, 0.001, -0.002
5.762, -0.005, -0.004, -0.001
5.779, -0.003, 0.007, -0.003
5.795, -0.003, 0.000, 0.005
5.812, -0.004, -0.002, 0.003
5.829, -0.004, -0.008, 0.004
5.845, -0.002, -0.001, -0.001
5.862, -0.002, 0.002, -0.000
5.879, -0.001, 0.003, 0.000
5.895, 0.002, -0.002, 0.002
5.912, 0.002, -0.002, 0.001
5.929, 0.002, -0.004, 0.001
5.946, 0.006, -0.000, -0.001
5.963, 0.002, -0.001, -0.001
5.979, 0.004, 0.002, 0.002
5.996, -0.001, -0.001, 0.003
6.012, 0.000, 0.002, -0.001
6.029, -0.001, -0.003, -0.001
6.046, 0.002, -0.003, -0.002
6.062, 0.002, -0.003, 0.002
6.079, 0.005, -0.000, -0.000
6.096, -0.001, 0.003, 0.001
6.112, -0.000, 0.000, -0.001
6.129, -0.001, 0.001, 0.002
6.146, 0.001, -0.002, -0.004
6.162, 0.002, -0.001, -0.002
6.179, -0.000, -0.002, -0.005
6.195, 0.002, 0.004, 0.004
6.213, 0.003, 0.000, 0.001
6.229, 0.001, 0.003, 0.004
6.246, -0.002, 0.005, -0.007
6.262, 0.001, 0.006, -0.002
6.279, 0.002, 0.002, -0.005
6.295, 0.001, 0.005, -0.001
6.312, -0.000, 0.006, -0.004
6.329, 0.006, 0.008, -0.000
6.346, 0.009, -0.002, -0.002
6.362, 0.006, -0.001, -0.002
6.379, 0.001, -0.002, -0.005
6.395, -0.002, -0.001, -0.000
6.412, -0.002, 0.001, -0.003
6.429, -0.003, 0.003, 0.003
6.445, 0.003, 0.002, -0.002
6.462, 0.005, 0.004, 0.002
6.479, 0.008, 0.007, -0.006
6.495, 0.005, 0.022, 0.004
6.512, 0.009, 0.024, 0.013
6.529, 0.017, 0.029, 0.005
6.545, 0.022, 0.017, 0.011
6.562, 0.016, 0.012, -0.003
6.579, 0.004, -0.001, 0.012
6.596, -0.001, 0.002, -0.002
6.612, -0.008, -0.001, 0.002
6.629, -0.005, 0.001, -0.003
6.645, -0.006, -0.004, 0.002
6.662, 0.005, 0.002, -0.003
6.679, 0.001, 0.002, 0.008
6.696, 0.017, 0.006, 0.003
6.712, 0.011, 0.005, 0.015
6.729, 0.015, 0.007, 0.005
6.746, 0.004, -0.007, 0.015
6.762, 0.008, -0.010, 0.009
6.779, 0.012, -0.006, 0.006
6.795, -0.000, -0.007, 0.002
6.812, 0.004, -0.005, 0.003
6.829, 0.003, -0.014, 0.012
6.846, 0.013, -0.001, 0.014
6.862, 0.008, 0.000, 0.011
6.879, 0.008, 0.003, 0.005
6.895, 0.006, 0.000, 0.002
6.912, 0.008, -0.001, 0.004
6.929, 0.009, -0.002, 0.013
6.945, 0.010, 0.000, 0.011
6.962, 0.021, -0.005, 0.015
6.979, 0.029, -0.008, 0.008
6.995, 0.033, -0.009, 0.010
7.012, 0.028, -0.008, 0.007
7.029, 0.023, -0.003, 0.007
7.045, 0.032, -0.000, 0.013
7.062, 0.040, 0.004, 0.015
7.079, 0.045, 0.008, 0.010
7.095, 0.052, 0.004, 0.018
7.112, 0.068, 0.010, 0.027
7.129, 0.080, 0.009, 0.029
7.146, 0.067, 0.013, 0.017
7.162, 0.059, 0.015, 0.012
7.179, 0.064, 0.025, 0.022
7.196, 0.100, 0.037, 0.029
7.212, 0.119, 0.046, 0.029
7.229, 0.119, 0.046, 0.026
7.246, 0.124, 0.050, 0.014
7.263, 0.145, 0.054, 0.018
7.279, 0.151, 0.070, 0.022
7.296, 0.153, 0.097, 0.029
7.312, 0.161, 0.108, 0.031
7.329, 0.181, 0.108, 0.027
7.346, 0.176, 0.106, 0.042
7.362, 0.199, 0.113, 0.049
7.379, 0.201, 0.126, 0.058
7.396, 0.218, 0.134, 0.052
7.412, 0.223, 0.149, 0.066
7.429, 0.236, 0.159, 0.080
7.445, 0.240, 0.136, 0.084
7.462, 0.220, 0.138, 0.077
7.479, 0.260, 0.155, 0.101
7.495, 0.271, 0.172, 0.124
7.512, 0.314, 0.192, 0.139
7.529, 0.290, 0.180, 0.130
7.546, 0.298, 0.202, 0.131
7.562, 0.263, 0.186, 0.134
7.579, 0.313, 0.213, 0.158
7.595, 0.318, 0.219, 0.165
7.612, 0.379, 0.262, 0.192
7.629, 0.343, 0.245, 0.181
7.646, 0.356, 0.254, 0.189
7.662, 0.359, 0.244, 0.205
7.679, 0.365, 0.249, 0.214
7.695, 0.368, 0.244, 0.226
7.712, 0.370, 0.247, 0.240
7.729, 0.379, 0.251, 0.248
7.746, 0.385, 0.249, 0.254
7.762, 0.346, 0.216, 0.224
7.779, 0.392, 0.221, 0.266
7.796, 0.412, 0.220, 0.272
7.812, 0.419, 0.212, 0.271
7.829, 0.420, 0.209, 0.267
7.845, 0.416, 0.183, 0.254
7.862, 0.472, 0.188, 0.286
7.879, 0.425, 0.149, 0.241
7.895, 0.415, 0.140, 0.258
7.912, 0.357, 0.107, 0.218
7.929, 0.413, 0.105, 0.255
7.946, 0.411, 0.077, 0.223
7.962, 0.465, 0.072, 0.251
7.979, 0.410, 0.033, 0.214
7.996, 0.404, 0.029, 0.219
8.012, 0.342, 0.002, 0.187
8.029, 0.377, -0.015, 0.198
8.045, 0.390, -0.056, 0.199
8.062, 0.430, -0.090, 0.226
8.079, 0.378, -0.098, 0.192
8.096, 0.361, -0.102, 0.189
8.112, 0.357, -0.137, 0.180
8.129, 0.341, -0.152, 0.187
8.146, 0.329, -0.162, 0.180
8.162, 0.310, -0.187, 0.177
8.179, 0.302, -0.215, 0.176
8.196, 0.309, -0.237, 0.180
8.212, 0.291, -0.256, 0.165
8.229, 0.284, -0.270, 0.167
8.246, 0.269, -0.288, 0.159
8.262, 0.231, -0.264, 0.146
8.279, 0.246, -0.313, 0.162
8.296, 0.226, -0.316, 0.160
8.312, 0.236, -0.383, 0.180
8.329, 0.200, -0.356, 0.158
8.346, 0.201, -0.361, 0.160
8.362, 0.167, -0.317, 0.138
8.379, 0.183, -0.375, 0.157
8.396, 0.148, -0.378, 0.141
8.413, 0.143, -0.380, 0.138
8.429, 0.121, -0.383, 0.133
8.446, 0.130, -0.408, 0.134
8.463, 0.122, -0.458, 0.145
8.479, 0.108, -0.407, 0.121
8.496, 0.086, -0.396, 0.129
8.512, 0.061, -0.348, 0.106
8.529, 0.066, -0.397, 0.115
8.546, 0.062, -0.401, 0.096
8.563, 0.071, -0.452, 0.113
8.579, 0.040, -0.387, 0.096
8.596, 0.046, -0.408, 0.117
8.613, 0.029, -0.396, 0.100
8.629, 0.031, -0.394, 0.097
8.646, 0.021, -0.371, 0.083
8.662, 0.014, -0.313, 0.067
8.679, 0.006, -0.356, 0.077
8.696, 0.005, -0.337, 0.071
8.713, 0.006, -0.333, 0.073
8.729, -0.002, -0.313, 0.059
8.746, -0.005, -0.306, 0.064
8.763, -0.004, -0.336, 0.075
8.779, -0.004, -0.289, 0.071
8.796, -0.015, -0.283, 0.067
8.812, -0.029, -0.260, 0.056
8.829, -0.019, -0.252, 0.062
8.846, -0.013, -0.227, 0.050
8.862, -0.005, -0.221, 0.057
8.879, -0.025, -0.208, 0.050
8.896, -0.009, -0.206, 0.057
8.912, -0.010, -0.182, 0.053
8.929, 0.005, -0.169, 0.053
8.946, -0.016, -0.163, 0.051
8.962, -0.014, -0.131, 0.041
8.979, -0.015, -0.148, 0.047
8.996, -0.031, -0.125, 0.047
9.012, -0.022, -0.115, 0.052
9.029, -0.022, -0.102, 0.047
9.046, 0.013, -0.112, 0.050
9.062, 0.012, -0.125, 0.046
9.079, 0.014, -0.098, 0.038
9.096, 0.002, -0.085, 0.040
9.112, -0.004, -0.066, 0.033
9.129, -0.006, -0.066, 0.026
9.145, -0.006, -0.053, 0.006
9.162, 0.001, -0.047, 0.006
9.179, 0.003, -0.052, 0.002
9.195, 0.005, -0.046, 0.010
9.212, 0.008, -0.041, 0.003
9.229, 0.015, -0.030, 0.003
9.245, 0.007, -0.037, -0.000
9.262, 0.001, -0.032, -0.002
9.279, 0.000, -0.027, -0.007
9.295, 0.005, -0.018, -0.012
9.312, 0.003, -0.013, -0.016
9.329, 0.005, -0.011, -0.016
9.345, 0.029, -0.006, -0.002
9.362, 0.028, -0.002, -0.003
9.379, 0.021, -0.001, -0.008
9.395, 0.002, -0.006, -0.020
9.412, 0.003, -0.004, -0.018
9.429, 0.010, -0.004, -0.009
9.446, 0.010, -0.012, -0.009
9.462, 0.017, -0.014, -0.009
9.479, 0.017, -0.011, -0.012
9.496, 0.017, 0.001, -0.007
9.512, 0.013, 0.002, -0.002
9.529, 0.009, 0.003, 0.004
9.545, 0.011, -0.001, -0.001
9.562, 0.007, -0.003, -0.006
9.579, 0.012, -0.005, -0.008
9.596, 0.009, -0.007, -0.008
9.612, 0.009, -0.004, -0.002
9.629, 0.005, -0.013, -0.001
9.645, 0.003, -0.004, 0.009
9.662, 0.005, -0.013, 0.007
9.679, 0.010, -0.012, 0.011
9.696, -0.012, -0.007, -0.009
9.712, -0.012, -0.004, -0.011
9.729, -0.023, -0.009, -0.014
9.746, -0.002, -0.028, 0.004
9.762, -0.000, -0.033, 0.003
9.779, 0.007, -0.027, 0.003
9.796, 0.012, -0.028, 0.001
9.812, 0.003, -0.033, -0.003
9.829, -0.001, -0.031, -0.004
9.846, -0.012, -0.036, -0.008
9.862, -0.009, -0.034, -0.003
9.879, -0.005, -0.043, -0.003
9.895, -0.001, -0.036, 0.001
9.912, -0.003, -0.045, -0.003
9.929, -0.002, -0.039, -0.002
9.945, -0.011, -0.047, -0.007
9.962, -0.002, -0.044, -0.002
9.979, -0.004, -0.052, -0.003
9.995, -0.003, -0.050, 0.010
10.012, -0.003, -0.048, 0.013
10.029, -0.002, -0.044, 0.009
10.046, 0.005, -0.038, -0.004
10.062, 0.001, -0.042, -0.007
10.079, -0.001, -0.034, -0.006
10.096, -0.001, -0.054, -0.005
10.112, 0.004, -0.049, -0.009
10.129, 0.004, -0.051, -0.009
10.146, 0.011, -0.036, -0.010
10.162, 0.001, -0.036, -0.023
10.179, 0.018, -0.032, -0.013
10.196, 0.019, -0.031, -0.004
10.212, 0.037, -0.029, 0.006
10.229, 0.013, -0.032, -0.011
10.245, 0.028, -0.027, -0.007
10.262, 0.019, -0.024, -0.012
10.279, 0.037, -0.022, -0.004
10.296, 0.026, -0.021, -0.027
10.312, 0.028, -0.012, -0.020
10.329, 0.029, -0.014, -0.021
10.346, 0.036, -0.016, -0.006
10.362, 0.036, -0.021, -0.015
10.379, 0.032, -0.010, -0.020
10.396, 0.028, -0.010, -0.027
10.413, 0.033, -0.003, -0.025
10.429, 0.033, -0.006, -0.017
10.446, 0.033, -0.006, -0.007
10.463, 0.032, -0.012, -0.010
10.479, 0.035, -0.014, -0.009
10.496, 0.039, -0.006, -0.016
10.513, 0.038, -0.003, -0.004
10.529, 0.039, 0.000, -0.014
10.546, 0.031, 0.001, -0.017
10.563, 0.027, 0.006, -0.018
10.579, 0.031, -0.004, -0.009
10.596, 0.026, -0.007, -0.011
10.612, 0.042, -0.012, -0.010
10.629, 0.037, -0.007, -0.010
10.646, 0.044, -0.008, -0.006
10.663, 0.030, -0.005, -0.011
10.679, 0.026, 0.007, -0.015
10.696, 0.022, -0.014, -0.003
10.712, 0.033, -0.027, 0.005
10.729, 0.030, -0.035, 0.005
10.746, 0.032, -0.011, -0.006
10.762, 0.024, -0.002, -0.008
10.779, 0.030, -0.002, -0.002
10.796, 0.027, -0.007, -0.003
10.814, 0.027, -0.011, 0.004
10.829, 0.025, -0.014, -0.001
10.846, 0.038, -0.012, 0.017
10.862, 0.026, -0.005, 0.010
10.879, 0.019, -0.003, 0.013
10.896, 0.004, -0.003, -0.005
10.912, -0.001, 0.000, -0.004
10.929, 0.016, -0.005, 0.004
10.946, 0.024, -0.005, 0.016
10.962, 0.032, -0.009, 0.018
10.979, 0.022, -0.001, 0.013
10.996, 0.011, 0.006, 0.001
11.012, 0.008, 0.007, 0.005
11.029, 0.008, 0.008, 0.006
11.046, 0.009, 0.004, 0.008
11.062, 0.009, 0.005, 0.003
11.079, 0.008, 0.006, -0.006
11.096, 0.008, 0.009, -0.009
11.112, 0.006, 0.015, -0.011
11.129, 0.001, 0.014, -0.008
11.146, 0.004, 0.007, -0.002
11.162, 0.007, 0.007, -0.003
11.179, 0.007, 0.011, -0.008
11.196, 0.006, 0.016, -0.009
11.213, 0.003, 0.017, -0.013
11.229, -0.001, 0.016, -0.014
11.246, -0.004, 0.026, -0.026
11.262, -0.008, 0.025, -0.022
11.279, -0.008, 0.025, -0.019
11.296, -0.009, 0.021, -0.007
11.313, -0.004, 0.025, -0.007
11.329, -0.004, 0.028, -0.003
11.346, -0.009, 0.033, -0.018
11.362, -0.013, 0.032, -0.011
11.379, -0.011, 0.033, -0.014
11.396, -0.009, 0.020, 0.005
11.412, -0.017, 0.023, -0.001
11.429, -0.016, 0.023, 0.005
11.447, -0.012, 0.026, 0.002
11.462, -0.006, 0.030, 0.007
11.479, -0.013, 0.034, 0.003
11.496, -0.008, 0.033, 0.006
11.512, -0.002, 0.026, 0.013
11.529, 0.001, 0.019, 0.017
11.546, -0.002, 0.025, 0.010
11.562, -0.012, 0.030, 0.006
11.579, -0.008, 0.030, 0.006
11.596, -0.012, 0.028, 0.017
11.612, -0.007, 0.032, 0.003
11.629, -0.006, 0.035, -0.002
11.645, 0.000, 0.032, -0.013
11.662, 0.002, 0.030, 0.001
11.679, 0.001, 0.024, 0.005
11.696, -0.005, 0.031, 0.004
11.712, -0.006, 0.030, -0.010
11.729, -0.000, 0.035, -0.006
11.746, 0.003, 0.022, 0.001
11.762, 0.007, 0.023, 0.008
11.779, 0.002, 0.022, 0.001
11.795, -0.004, 0.024, -0.004
11.812, -0.001, 0.018, 0.000
11.829, 0.000, 0.024, 0.011
11.845, 0.013, 0.031, 0.007
11.862, 0.009, 0.029, 0.008
11.879, 0.010, 0.025, -0.003
11.896, 0.008, 0.027, 0.001
11.912, 0.015, 0.032, -0.001
11.929, 0.018, 0.030, 0.005
11.946, 0.014, 0.019, 0.002
11.962, 0.028, 0.018, 0.011
11.979, 0.027, 0.019, 0.006
11.995, 0.032, 0.021, 0.005
12.012, 0.021, 0.018, 0.006
12.029, 0.017, 0.020, 0.006
12.045, 0.034, 0.024, 0.018
12.062, 0.040, 0.023, 0.016
12.079, 0.045, 0.018, 0.020
12.095, 0.029, 0.019, 0.011
12.112, 0.033, 0.018, 0.007
12.129, 0.033, 0.023, 0.008
12.146, 0.048, 0.025, 0.017
12.162, 0.045, 0.025, 0.012
12.179, 0.045, 0.020, 0.005
12.196, 0.042, 0.026, -0.007
12.212, 0.040, 0.026, -0.009
12.229, 0.053, 0.020, -0.001
12.246, 0.043, 0.012, -0.000
12.263, 0.044, 0.007, 0.001
12.279, 0.034, 0.014, -0.014
12.296, 0.031, 0.001, -0.017
12.312, 0.042, -0.003, -0.015
12.329, 0.039, -0.010, -0.015
12.346, 0.041, 0.005, -0.026
12.362, 0.035, -0.001, -0.036
12.379, 0.041, -0.007, -0.031
12.396, 0.048, -0.025, -0.017
12.413, 0.045, -0.019, -0.031
12.429, 0.045, -0.021, -0.032
12.445, 0.035, -0.016, -0.045
12.462, 0.035, -0.026, -0.038
12.479, 0.033, -0.024, -0.047
12.495, 0.032, -0.022, -0.047
12.512, 0.036, -0.021, -0.057
12.529, 0.028, -0.021, -0.062
12.545, 0.027, -0.017, -0.071
12.562, 0.031, -0.025, -0.067
12.579, 0.029, -0.024, -0.068
12.596, 0.047, -0.043, -0.054
12.612, 0.034, -0.034, -0.063
12.629, 0.046, -0.039, -0.059
12.645, 0.014, -0.027, -0.078
12.662, 0.028, -0.033, -0.071
12.679, 0.022, -0.033, -0.067
12.695, 0.042, -0.042, -0.060
12.712, 0.024, -0.034, -0.060
12.729, 0.025, -0.032, -0.060
12.745, 0.010, -0.028, -0.075
12.762, 0.008, -0.031, -0.061
12.779, 0.015, -0.034, -0.058
12.796, 0.019, -0.021, -0.038
12.812, 0.020, -0.021, -0.036
12.829, 0.004, -0.015, -0.034
12.845, 0.007, -0.017, -0.021
12.862, 0.003, -0.014, -0.014
12.879, 0.002, -0.013, -0.003
12.895, 0.006, -0.017, 0.000
12.912, 0.001, -0.017, 0.015
12.929, -0.000, -0.011, 0.018
12.945, -0.006, -0.011, 0.018
12.962, 0.003, -0.011, 0.027
12.979, -0.016, -0.009, 0.028
12.996, -0.018, -0.004, 0.032
13.012, -0.020, 0.003, 0.034
13.029, -0.005, -0.002, 0.037
13.046, -0.004, -0.006, 0.037
13.062, -0.019, -0.001, 0.038
13.079, -0.019, -0.004, 0.041
13.095, -0.020, 0.005, 0.042
13.112, -0.027, 0.005, 0.032
13.129, -0.033, 0.011, 0.032
13.146, -0.037, 0.004, 0.047
13.162, -0.031, 0.001, 0.049
13.179, -0.038, 0.006, 0.047
13.196, -0.048, 0.017, 0.030
13.212, -0.053, 0.016, 0.027
13.229, -0.043, 0.008, 0.030
13.246, -0.036, 0.005, 0.028
13.262, -0.042, 0.013, 0.027
13.279, -0.046, 0.013, 0.022
13.296, -0.051, 0.014, 0.035
13.312, -0.051, 0.012, 0.026
13.329, -0.052, 0.010, 0.031
13.346, -0.059, 0.014, 0.009
13.362, -0.058, 0.009, 0.012
13.379, -0.048, 0.014, 0.009
13.396, -0.049, 0.016, 0.007
13.412, -0.045, 0.019, 0.008
13.429, -0.057, 0.016, 0.000
13.446, -0.038, 0.007, 0.008
13.462, -0.031, 0.009, 0.001
13.479, -0.034, 0.015, -0.005
13.496, -0.044, 0.024, -0.006
13.512, -0.043, 0.022, -0.014
13.529, -0.039, 0.019, -0.018
13.546, -0.027, 0.008, -0.018
13.562, -0.018, 0.002, -0.024
13.579, -0.014, 0.001, -0.025
13.596, -0.022, 0.011, -0.040
13.612, -0.028, 0.019, -0.044
13.629, -0.021, 0.018, -0.044
13.646, -0.006, 0.009, -0.035
13.662, -0.003, -0.000, -0.037
13.679, 0.002, 0.007, -0.042
13.696, 0.001, -0.005, -0.049
13.713, 0.006, 0.003, -0.051
13.729, 0.010, -0.013, -0.055
13.746, 0.007, 0.001, -0.064
13.762, 0.008, 0.000, -0.076
13.779, 0.006, 0.007, -0.074
13.796, 0.008, -0.005, -0.057
13.812, 0.017, -0.005, -0.066
13.829, 0.029, -0.014, -0.059
13.846, 0.034, 0.008, -0.087
13.862, 0.036, -0.008, -0.069
13.879, 0.025, 0.004, -0.074
13.896, 0.043, -0.023, -0.056
13.912, 0.045, -0.014, -0.052
13.929, 0.051, -0.023, -0.045
13.945, 0.038, -0.016, -0.034
13.962, 0.036, -0.020, -0.026
13.979, 0.042, -0.015, -0.027
13.996, 0.046, -0.014, -0.032
14.012, 0.051, -0.014, -0.017
14.029, 0.044, -0.022, -0.012
14.046, 0.039, -0.027, -0.006
14.063, 0.042, -0.027, -0.003
14.079, 0.041, -0.017, 0.001
14.096, 0.047, -0.016, 0.010
14.113, 0.046, -0.014, 0.013
14.129, 0.050, -0.023, 0.024
14.146, 0.044, -0.013, 0.015
14.163, 0.040, -0.011, 0.022
14.179, 0.034, -0.006, 0.020
14.196, 0.047, -0.026, 0.043
14.213, 0.036, -0.017, 0.041
14.229, 0.031, -0.020, 0.045
14.246, 0.022, -0.008, 0.034
14.263, 0.032, -0.020, 0.049
14.279, 0.034, -0.011, 0.051
14.296, 0.026, -0.005, 0.059
14.313, 0.013, -0.006, 0.058
14.329, 0.011, -0.010, 0.066
14.346, 0.007, -0.016, 0.059
14.363, 0.005, -0.013, 0.067
14.379, 0.005, -0.015, 0.066
14.396, 0.007, -0.005, 0.076
14.413, 0.004, -0.012, 0.066
14.429, 0.004, -0.007, 0.066
14.446, 0.004, -0.022, 0.070
14.463, 0.002, -0.010, 0.066
14.479, -0.007, -0.020, 0.055
14.497, -0.012, -0.020, 0.043
14.513, -0.011, -0.023, 0.027
14.529, -0.003, -0.017, 0.028
14.546, -0.008, -0.013, 0.013
14.562, -0.008, -0.020, 0.012
14.579, -0.014, -0.020, 0.006
14.595, -0.017, -0.014, 0.007
14.612, -0.015, -0.001, 0.004
14.629, -0.018, 0.000, 0.003
14.645, -0.013, -0.004, 0.005
14.662, -0.013, -0.012, 0.012
14.679, -0.020, -0.002, 0.008
14.695, -0.028, -0.011, 0.029
14.712, -0.033, 0.005, 0.024
14.729, -0.029, 0.005, 0.035
14.745, -0.038, 0.020, 0.007
14.762, -0.043, 0.028, 0.024
14.779, -0.043, 0.028, 0.028
14.796, -0.039, 0.048, 0.033
14.812, -0.055, 0.039, 0.023
14.829, -0.061, 0.045, 0.018
14.846, -0.065, 0.034, 0.029
14.862, -0.059, 0.041, 0.032
14.879, -0.065, 0.042, 0.028
14.896, -0.050, 0.039, 0.024
14.913, -0.064, 0.039, 0.017
14.929, -0.064, 0.042, 0.018
14.946, -0.075, 0.040, 0.016
14.962, -0.077, 0.045, 0.018
14.979, -0.075, 0.040, 0.014
14.996, -0.084, 0.032, 0.007
15.012, -0.070, 0.037, 0.002
15.029, -0.071, 0.034, -0.003
15.045, -0.056, 0.056, 0.010
15.062, -0.061, 0.045, 0.001
15.079, -0.050, 0.050, 0.006
15.096, -0.054, 0.033, 0.005
15.113, -0.042, 0.034, 0.004
15.129, -0.045, 0.038, -0.003
15.146, -0.029, 0.035, -0.010
15.163, -0.029, 0.037, -0.009
15.179, -0.017, 0.020, -0.005
15.196, -0.036, 0.021, 0.002
15.212, -0.016, 0.024, -0.001
15.229, -0.013, 0.023, 0.002
15.246, 0.009, 0.023, -0.003
15.262, 0.018, 0.016, -0.007
15.279, 0.019, 0.016, -0.013
15.296, 0.018, 0.009, -0.019
15.313, 0.020, -0.004, -0.013
15.329, 0.022, -0.005, -0.015
15.346, 0.024, 0.004, -0.025
15.362, 0.031, -0.000, -0.025
15.379, 0.042, -0.003, -0.029
15.396, 0.053, -0.010, -0.011
15.413, 0.043, -0.018, -0.015
15.429, 0.043, -0.018, -0.019
15.446, 0.047, -0.033, -0.026
15.462, 0.062, -0.035, -0.032
15.479, 0.056, -0.043, -0.041
15.496, 0.065, -0.041, -0.052
15.512, 0.065, -0.042, -0.062
15.529, 0.067, -0.042, -0.058
15.546, 0.060, -0.033, -0.061
15.563, 0.060, -0.034, -0.060
15.580, 0.069, -0.040, -0.053
15.596, 0.061, -0.048, -0.051
15.613, 0.051, -0.046, -0.041
15.629, 0.052, -0.048, -0.049
15.646, 0.052, -0.052, -0.033
15.662, 0.061, -0.053, -0.037
15.679, 0.048, -0.052, -0.024
15.696, 0.058, -0.047, -0.029
15.712, 0.049, -0.057, -0.018
15.729, 0.057, -0.053, -0.009
15.746, 0.038, -0.053, -0.014
15.762, 0.032, -0.048, -0.009
15.779, 0.024, -0.049, -0.019
15.796, 0.019, -0.057, 0.009
15.813, 0.024, -0.061, 0.012
15.829, 0.016, -0.060, 0.022
15.846, 0.022, -0.063, 0.002
15.862, 0.015, -0.064, 0.009
15.879, 0.014, -0.068, 0.004
15.896, 0.017, -0.058, 0.011
15.912, 0.015, -0.060, 0.012
15.929, 0.015, -0.063, 0.016
15.946, 0.013, -0.067, 0.007
15.962, 0.015, -0.071, 0.007
15.979, 0.018, -0.070, 0.010
15.996, 0.011, -0.073, 0.010
16.012, 0.008, -0.071, 0.003
16.029, 0.001, -0.070, -0.006
16.046, 0.013, -0.081, 0.018
16.062, 0.014, -0.083, 0.014
16.079, 0.026, -0.093, 0.018
16.096, 0.020, -0.088, 0.007
16.113, 0.019, -0.103, 0.007
16.129, 0.013, -0.093, 0.007
16.146, 0.020, -0.105, -0.007
16.162, 0.019, -0.103, -0.007
16.179, 0.031, -0.116, -0.002
16.196, 0.006, -0.104, -0.006
16.212, 0.018, -0.110, 0.004
16.229, 0.006, -0.110, 0.001
16.246, 0.022, -0.117, 0.005
16.262, 0.025, -0.113, -0.000
16.279, 0.024, -0.115, -0.000
16.296, 0.031, -0.113, 0.014
16.312, 0.034, -0.120, 0.015
16.329, 0.034, -0.114, 0.016
16.346, 0.029, -0.113, 0.006
16.363, 0.028, -0.110, 0.020
16.379, 0.032, -0.104, 0.026
16.396, 0.034, -0.111, 0.034
16.412, 0.033, -0.106, 0.037
16.429, 0.039, -0.109, 0.034
16.446, 0.026, -0.093, 0.032
16.462, 0.034, -0.085, 0.028
16.479, 0.025, -0.083, 0.030
16.496, 0.046, -0.076, 0.029
16.512, 0.041, -0.069, 0.027
16.529, 0.042, -0.058, 0.019
16.546, 0.037, -0.064, 0.018
16.562, 0.040, -0.060, 0.011
16.579, 0.051, -0.058, 0.010
16.596, 0.052, -0.053, 0.009
16.612, 0.047, -0.053, 0.011
16.629, 0.046, -0.053, 0.015
16.646, 0.050, -0.047, 0.018
16.662, 0.056, -0.043, 0.018
16.679, 0.062, -0.041, 0.024
16.696, 0.052, -0.037, 0.018
16.712, 0.052, -0.028, 0.024
16.729, 0.044, -0.028, 0.019
16.746, 0.041, -0.035, 0.036
16.762, 0.034, -0.033, 0.039
16.779, 0.038, -0.030, 0.056
16.795, 0.037, -0.026, 0.054
16.812, 0.044, -0.027, 0.065
16.829, 0.036, -0.027, 0.060
16.846, 0.039, -0.022, 0.068
16.862, 0.032, -0.027, 0.066
16.879, 0.029, -0.024, 0.069
16.896, 0.032, -0.027, 0.063
16.912, 0.023, -0.021, 0.061
16.929, 0.031, -0.025, 0.060
16.945, 0.032, -0.024, 0.059
16.962, 0.032, -0.028, 0.050
16.979, 0.031, -0.031, 0.048
16.995, 0.027, -0.037, 0.042
17.012, 0.036, -0.038, 0.045
17.029, 0.037, -0.040, 0.035
17.046, 0.038, -0.035, 0.037
17.062, 0.041, -0.036, 0.027
17.079, 0.051, -0.044, 0.027
17.096, 0.051, -0.042, 0.017
17.113, 0.060, -0.052, 0.007
17.129, 0.058, -0.050, 0.008
17.146, 0.066, -0.066, 0.011
17.162, 0.067, -0.081, 0.010
17.179, 0.066, -0.080, -0.003
17.195, 0.070, -0.088, -0.002
17.212, 0.075, -0.087, 0.003
17.229, 0.076, -0.096, 0.005
17.245, 0.088, -0.095, 0.008
17.262, 0.090, -0.102, 0.005
17.279, 0.087, -0.107, 0.012
17.296, 0.063, -0.099, 0.004
17.312, 0.060, -0.100, 0.010
17.329, 0.069, -0.097, 0.017
17.345, 0.083, -0.100, 0.018
17.362, 0.080, -0.099, 0.020
17.379, 0.070, -0.097, 0.021
17.395, 0.057, -0.090, 0.024
17.412, 0.056, -0.078, 0.036
17.429, 0.057, -0.068, 0.032
17.446, 0.065, -0.073, 0.044
17.462, 0.062, -0.057, 0.035
17.479, 0.060, -0.052, 0.040
17.496, 0.055, -0.046, 0.042
17.513, 0.057, -0.044, 0.043
17.529, 0.050, -0.036, 0.037
17.546, 0.043, -0.023, 0.027
17.562, 0.044, -0.009, 0.026
17.579, 0.051, -0.008, 0.029
17.596, 0.059, -0.009, 0.026
17.612, 0.052, -0.002, 0.017
17.629, 0.046, 0.003, 0.011
17.646, 0.042, 0.011, 0.009
17.662, 0.036, 0.012, 0.006
17.679, 0.032, 0.013, -0.002
17.696, 0.033, 0.009, 0.002
17.712, 0.030, 0.009, -0.001
17.729, 0.029, 0.007, -0.004
17.746, 0.011, 0.006, -0.023
17.762, 0.002, -0.003, -0.037
17.779, 0.000, -0.006, -0.042
17.795, 0.003, -0.017, -0.041
17.813, -0.003, -0.019, -0.036
17.829, -0.012, -0.019, -0.043
17.846, -0.014, -0.023, -0.040
17.862, -0.008, -0.037, -0.037
17.879, -0.010, -0.041, -0.031
17.896, -0.012, -0.037, -0.028
17.912, -0.023, -0.038, -0.022
17.929, -0.023, -0.050, -0.005
17.945, -0.019, -0.043, -0.013
17.962, -0.015, -0.038, -0.003
17.979, -0.008, -0.033, -0.003
17.996, -0.012, -0.040, 0.018
18.012, -0.011, -0.044, 0.021
18.029, -0.012, -0.042, 0.022
18.045, -0.002, -0.046, 0.032
18.062, 0.006, -0.048, 0.032
18.079, 0.008, -0.053, 0.037
18.095, 0.010, -0.045, 0.027
18.112, 0.016, -0.044, 0.028
18.129, 0.019, -0.041, 0.023
18.146, 0.015, -0.063, 0.027
18.162, 0.012, -0.062, 0.024
18.179, 0.019, -0.066, 0.017
18.196, 0.026, -0.050, 0.012
18.212, 0.031, -0.055, 0.007
18.229, 0.031, -0.060, 0.014
18.245, 0.026, -0.058, 0.006
18.262, 0.031, -0.059, 0.007
18.279, 0.035, -0.061, 0.007
18.296, 0.042, -0.060, 0.009
18.312, 0.039, -0.062, 0.015
18.329, 0.045, -0.064, 0.020
18.346, 0.053, -0.071, 0.031
18.362, 0.062, -0.072, 0.032
18.379, 0.068, -0.071, 0.029
18.395, 0.066, -0.057, 0.026
18.412, 0.073, -0.065, 0.031
18.429, 0.071, -0.060, 0.028
18.446, 0.080, -0.077, 0.036
18.462, 0.084, -0.066, 0.028
18.479, 0.096, -0.063, 0.030
18.495, 0.093, -0.053, 0.014
18.512, 0.100, -0.055, 0.016
18.529, 0.103, -0.057, 0.014
18.546, 0.107, -0.051, 0.022
18.562, 0.124, -0.049, 0.023
18.579, 0.117, -0.041, 0.026
18.596, 0.123, -0.038, 0.020
18.612, 0.118, -0.026, 0.020
18.629, 0.116, -0.023, 0.014
18.646, 0.135, -0.020, 0.031
18.662, 0.127, -0.021, 0.023
18.679, 0.133, -0.015, 0.025
18.696, 0.112, -0.023, 0.012
18.712, 0.116, -0.011, 0.012
18.729, 0.117, -0.013, 0.011
18.746, 0.123, -0.009, 0.016
18.762, 0.126, -0.008, 0.009
18.779, 0.125, -0.006, 0.007
18.796, 0.120, -0.002, -0.006
18.812, 0.118, -0.007, -0.012
18.829, 0.119, -0.004, -0.011
18.846, 0.122, -0.005, -0.023
18.862, 0.119, -0.008, -0.019
18.879, 0.123, -0.009, -0.031
18.896, 0.111, -0.017, -0.014
18.912, 0.112, -0.010, -0.022
18.929, 0.105, -0.015, -0.016
18.946, 0.111, -0.010, -0.026
18.962, 0.112, -0.019, -0.023
18.979, 0.112, -0.022, -0.024
18.996, 0.108, -0.026, -0.034
19.012, 0.105, -0.033, -0.035
19.029, 0.104, -0.036, -0.042
19.046, 0.103, -0.033, -0.041
19.062, 0.099, -0.038, -0.047
19.079, 0.100, -0.040, -0.043
19.096, 0.098, -0.046, -0.035
19.112, 0.097, -0.053, -0.037
19.129, 0.084, -0.055, -0.041
19.146, 0.100, -0.061, -0.041
19.162, 0.095, -0.061, -0.029
19.179, 0.100, -0.062, -0.026
19.196, 0.090, -0.066, -0.009
19.212, 0.084, -0.065, -0.002
19.229, 0.082, -0.065, 0.003
19.246, 0.076, -0.064, -0.006
19.262, 0.078, -0.072, -0.006
19.279, 0.080, -0.078, 0.007
19.296, 0.087, -0.083, 0.018
19.312, 0.086, -0.082, 0.015
19.329, 0.082, -0.080, 0.019
19.346, 0.078, -0.087, 0.024
19.362, 0.074, -0.090, 0.039
19.379, 0.072, -0.093, 0.030
19.396, 0.070, -0.086, 0.025
19.412, 0.073, -0.090, 0.025
19.429, 0.068, -0.086, 0.028
19.446, 0.065, -0.086, 0.025
19.462, 0.059, -0.083, 0.020
19.479, 0.065, -0.093, 0.022
19.496, 0.062, -0.088, 0.026
19.512, 0.069, -0.085, 0.020
19.529, 0.070, -0.077, 0.018
19.546, 0.071, -0.080, 0.013
19.563, 0.063, -0.074, 0.016
19.579, 0.060, -0.072, 0.017
19.596, 0.060, -0.067, 0.019
19.612, 0.055, -0.069, 0.019
19.629, 0.058, -0.068, 0.012
19.646, 0.060, -0.070, 0.003
19.662, 0.063, -0.059, -0.007
19.679, 0.056, -0.054, -0.010
19.695, 0.053, -0.055, -0.018
19.712, 0.052, -0.049, -0.024
19.729, 0.058, -0.052, -0.021
19.746, 0.048, -0.052, -0.033
19.762, 0.049, -0.055, -0.044
19.779, 0.039, -0.048, -0.055
19.796, 0.053, -0.052, -0.044
19.812, 0.058, -0.058, -0.035
19.829, 0.062, -0.057, -0.041
19.846, 0.059, -0.057, -0.047
19.862, 0.056, -0.053, -0.060
19.879, 0.055, -0.058, -0.064
19.896, 0.063, -0.068, -0.068
19.912, 0.061, -0.072, -0.068
19.929, 0.066, -0.070, -0.066
19.945, 0.068, -0.067, -0.064
19.962, 0.078, -0.073, -0.059
19.979, 0.076, -0.080, -0.052
19.996, 0.078, -0.088, -0.044
20.012, 0.077, -0.089, -0.034
20.029, 0.086, -0.090, -0.034
20.046, 0.079, -0.082, -0.029
20.062, 0.095, -0.088, -0.025
20.079, 0.092, -0.092, -0.014
20.096, 0.105, -0.091, -0.003
20.112, 0.110, -0.101, 0.006
20.129, 0.118, -0.105, 0.000
20.146, 0.119, -0.108, 0.004
20.163, 0.110, -0.102, 0.002
20.179, 0.118, -0.103, 0.009
20.195, 0.115, -0.095, 0.001
20.212, 0.124, -0.102, 0.010
20.229, 0.121, -0.104, 0.011
20.246, 0.118, -0.108, 0.010
20.262, 0.119, -0.109, 0.007
20.279, 0.112, -0.104, 0.008
20.296, 0.132, -0.110, 0.023
20.312, 0.127, -0.105, 0.019
20.329, 0.134, -0.111, 0.027
20.346, 0.113, -0.113, 0.008
20.363, 0.119, -0.122, 0.021
20.379, 0.116, -0.121, 0.010
20.396, 0.123, -0.124, 0.017
20.412, 0.111, -0.120, 0.004
20.429, 0.111, -0.126, 0.009
20.446, 0.110, -0.132, 0.007
20.462, 0.118, -0.141, 0.008
20.479, 0.110, -0.134, -0.003
20.496, 0.114, -0.129, -0.009
20.512, 0.109, -0.129, -0.015
20.529, 0.115, -0.124, -0.016
20.546, 0.115, -0.128, -0.025
20.563, 0.110, -0.123, -0.022
20.579, 0.111, -0.132, -0.023
20.596, 0.109, -0.114, -0.018
20.612, 0.111, -0.110, -0.031
20.629, 0.111, -0.103, -0.034
20.646, 0.109, -0.109, -0.040
20.662, 0.114, -0.094, -0.046
20.679, 0.112, -0.093, -0.053
20.696, 0.114, -0.083, -0.038
20.713, 0.117, -0.081, -0.037
20.729, 0.115, -0.073, -0.034
20.747, 0.095, -0.064, -0.049
20.762, 0.095, -0.058, -0.042
20.779, 0.099, -0.049, -0.043
20.796, 0.114, -0.054, -0.031
20.812, 0.100, -0.045, -0.034
20.829, 0.101, -0.045, -0.024
20.846, 0.100, -0.046, -0.023
20.862, 0.105, -0.047, -0.014
20.879, 0.097, -0.041, -0.017
20.896, 0.094, -0.037, -0.020
20.912, 0.089, -0.037, -0.015
20.929, 0.090, -0.043, -0.011
20.946, 0.084, -0.040, -0.007
20.962, 0.085, -0.042, -0.009
20.979, 0.079, -0.040, -0.005
20.996, 0.070, -0.042, -0.010
21.012, 0.079, -0.045, -0.003
21.029, 0.076, -0.046, -0.008
21.046, 0.088, -0.060, 0.005
21.062, 0.072, -0.060, 0.007
21.079, 0.080, -0.068, 0.011
21.096, 0.082, -0.062, 0.001
21.112, 0.082, -0.070, 0.004
21.129, 0.088, -0.079, 0.009
21.146, 0.077, -0.082, 0.006
21.162, 0.088, -0.092, -0.009
21.179, 0.090, -0.092, -0.013
21.196, 0.092, -0.096, -0.025
21.212, 0.095, -0.105, -0.040
21.229, 0.090, -0.104, -0.063
21.246, 0.109, -0.125, -0.068
21.262, 0.114, -0.124, -0.081
21.279, 0.123, -0.132, -0.086
21.296, 0.128, -0.121, -0.083
21.312, 0.125, -0.129, -0.099
21.329, 0.125, -0.128, -0.099
21.346, 0.115, -0.126, -0.118
21.362, 0.111, -0.124, -0.112
21.379, 0.111, -0.127, -0.115
21.396, 0.105, -0.130, -0.105
21.412, 0.110, -0.129, -0.105
21.429, 0.103, -0.121, -0.107
21.445, 0.104, -0.111, -0.118
21.462, 0.102, -0.110, -0.118
21.479, 0.097, -0.109, -0.124
21.496, 0.089, -0.100, -0.108
21.512, 0.084, -0.089, -0.119
21.529, 0.087, -0.083, -0.120
21.545, 0.081, -0.086, -0.122
21.562, 0.076, -0.076, -0.114
21.579, 0.071, -0.068, -0.107
21.596, 0.076, -0.063, -0.119
21.612, 0.068, -0.054, -0.112
21.629, 0.071, -0.048, -0.106
21.650, 0.056, -0.038, -0.098
21.662, 0.051, -0.026, -0.097
21.679, 0.045, -0.018, -0.096
21.696, 0.061, -0.013, -0.081
21.712, 0.061, -0.008, -0.075
21.729, 0.057, 0.001, -0.077
21.746, 0.052, 0.010, -0.080
21.762, 0.044, 0.019, -0.083
21.779, 0.043, 0.020, -0.079
21.796, 0.032, 0.030, -0.090
21.813, 0.031, 0.043, -0.095
21.829, 0.029, 0.050, -0.102
21.846, 0.025, 0.049, -0.114
21.862, 0.021, 0.047, -0.119
21.879, 0.017, 0.051, -0.127
21.896, 0.018, 0.044, -0.112
21.913, 0.019, 0.051, -0.120
21.929, 0.011, 0.049, -0.118
21.946, 0.021, 0.052, -0.136
21.962, 0.018, 0.050, -0.126
21.979, 0.021, 0.051, -0.123
21.996, 0.011, 0.059, -0.121
22.012, 0.012, 0.053, -0.120
22.029, 0.016, 0.047, -0.111
22.046, 0.023, 0.033, -0.095
22.062, 0.022, 0.032, -0.084
22.079, 0.021, 0.024, -0.081
22.096, 0.020, 0.018, -0.065
22.112, 0.021, 0.006, -0.050
22.129, 0.026, 0.003, -0.037
22.146, 0.027, -0.004, -0.037
22.162, 0.035, -0.023, -0.022
22.179, 0.034, -0.027, -0.025
22.196, 0.031, -0.031, -0.017
22.212, 0.034, -0.041, -0.013
22.229, 0.034, -0.054, -0.004
22.245, 0.048, -0.057, -0.013
22.262, 0.052, -0.068, -0.016
22.279, 0.060, -0.079, -0.007
22.295, 0.061, -0.091, -0.005
22.312, 0.064, -0.094, -0.003
22.329, 0.065, -0.095, -0.006
22.346, 0.074, -0.106, 0.000
22.362, 0.079, -0.114, 0.008
22.379, 0.089, -0.120, 0.006
22.396, 0.067, -0.114, -0.002
22.412, 0.082, -0.125, 0.009
22.429, 0.079, -0.124, 0.003
22.445, 0.098, -0.130, 0.022
22.462, 0.090, -0.127, 0.011
22.479, 0.094, -0.133, 0.027
22.496, 0.100, -0.134, 0.024
22.512, 0.107, -0.140, 0.029
22.529, 0.110, -0.137, 0.025
22.546, 0.105, -0.146, 0.022
22.562, 0.106, -0.143, 0.026
22.579, 0.101, -0.143, 0.022
22.595, 0.115, -0.153, 0.037
22.612, 0.107, -0.151, 0.041
22.629, 0.107, -0.154, 0.048
22.646, 0.098, -0.150, 0.045
22.662, 0.106, -0.162, 0.054
22.679, 0.104, -0.164, 0.050
22.696, 0.101, -0.154, 0.060
22.712, 0.097, -0.152, 0.056
22.729, 0.097, -0.147, 0.063
22.746, 0.093, -0.157, 0.058
22.762, 0.084, -0.154, 0.060
22.779, 0.074, -0.160, 0.056
22.796, 0.081, -0.159, 0.062
22.812, 0.085, -0.154, 0.065
22.829, 0.085, -0.154, 0.072
22.846, 0.075, -0.146, 0.069
22.862, 0.059, -0.145, 0.072
22.879, 0.063, -0.139, 0.071
22.896, 0.065, -0.138, 0.075
22.912, 0.061, -0.136, 0.074
22.929, 0.059, -0.136, 0.082
22.946, 0.059, -0.132, 0.078
22.963, 0.064, -0.131, 0.080
22.979, 0.056, -0.124, 0.072
22.995, 0.058, -0.130, 0.077
23.012, 0.053, -0.121, 0.071
23.029, 0.055, -0.123, 0.075
23.046, 0.054, -0.121, 0.080
23.062, 0.055, -0.118, 0.086
23.079, 0.054, -0.115, 0.083
23.096, 0.044, -0.105, 0.072
23.112, 0.044, -0.107, 0.072
23.129, 0.047, -0.107, 0.072
23.146, 0.046, -0.108, 0.076
23.162, 0.047, -0.104, 0.076
23.179, 0.045, -0.101, 0.082
23.196, 0.046, -0.099, 0.076
23.212, 0.043, -0.097, 0.079
23.229, 0.048, -0.096, 0.078
23.246, 0.042, -0.093, 0.078
23.262, 0.053, -0.088, 0.079
23.279, 0.042, -0.089, 0.079
23.296, 0.048, -0.089, 0.081
23.312, 0.043, -0.085, 0.082
23.329, 0.049, -0.079, 0.082
23.346, 0.060, -0.083, 0.089
23.362, 0.057, -0.083, 0.092
23.379, 0.060, -0.085, 0.093
23.396, 0.048, -0.082, 0.086
23.412, 0.052, -0.080, 0.085
23.429, 0.049, -0.079, 0.082
23.445, 0.057, -0.074, 0.079
23.462, 0.056, -0.075, 0.074
23.479, 0.054, -0.080, 0.076
23.495, 0.050, -0.078, 0.071
23.512, 0.048, -0.082, 0.068
23.529, 0.052, -0.080, 0.063
23.546, 0.051, -0.081, 0.063
23.562, 0.048, -0.083, 0.062
23.579, 0.047, -0.089, 0.055
23.596, 0.045, -0.087, 0.051
23.612, 0.042, -0.088, 0.049
23.629, 0.037, -0.088, 0.054
23.646, 0.034, -0.092, 0.054
23.662, 0.029, -0.095, 0.056
23.679, 0.023, -0.094, 0.048
23.696, 0.021, -0.106, 0.070
23.712, 0.017, -0.107, 0.071
23.729, 0.015, -0.111, 0.084
23.746, 0.010, -0.109, 0.076
23.762, 0.005, -0.116, 0.085
23.779, 0.002, -0.118, 0.091
23.795, 0.006, -0.116, 0.094
23.812, -0.002, -0.123, 0.097
23.829, -0.004, -0.125, 0.099
23.845, -0.013, -0.138, 0.097
23.862, -0.006, -0.145, 0.099
23.879, -0.005, -0.150, 0.097
23.896, 0.004, -0.160, 0.099
23.912, 0.003, -0.156, 0.089
23.929, 0.003, -0.164, 0.070
23.946, 0.001, -0.155, 0.068
23.962, 0.007, -0.174, 0.050
23.979, 0.010, -0.178, 0.052
23.996, 0.004, -0.191, 0.025
24.012, 0.002, -0.193, 0.017
24.029, 0.008, -0.193, 0.012
24.046, 0.025, -0.206, 0.020
24.062, 0.035, -0.208, 0.015
24.079, 0.035, -0.212, 0.013
24.096, 0.033, -0.204, 0.004
24.112, 0.036, -0.211, 0.006
24.129, 0.043, -0.210, 0.003
24.146, 0.050, -0.221, 0.002
24.162, 0.054, -0.219, -0.010
24.179, 0.057, -0.220, -0.010
24.195, 0.046, -0.213, -0.018
24.212, 0.047, -0.216, -0.017
24.229, 0.045, -0.213, -0.020
24.245, 0.062, -0.205, -0.005
24.262, 0.068, -0.199, -0.009
24.279, 0.078, -0.190, -0.007
24.296, 0.068, -0.185, -0.017
24.313, 0.073, -0.169, -0.018
24.329, 0.066, -0.166, -0.025
24.345, 0.081, -0.161, -0.018
24.362, 0.076, -0.155, -0.021
24.379, 0.083, -0.139, -0.017
24.396, 0.071, -0.137, -0.034
24.412, 0.078, -0.114, -0.030
24.429, 0.076, -0.107, -0.038
24.446, 0.096, -0.085, -0.026
24.462, 0.088, -0.073, -0.039
24.479, 0.081, -0.063, -0.040
24.496, 0.070, -0.060, -0.050
24.512, 0.068, -0.037, -0.054
24.529, 0.069, -0.026, -0.060
24.546, 0.067, -0.007, -0.054
24.562, 0.065, 0.011, -0.057
24.579, 0.067, 0.023, -0.054
24.596, 0.053, 0.028, -0.064
24.612, 0.056, 0.042, -0.062
24.629, 0.051, 0.049, -0.059
24.646, 0.060, 0.060, -0.061
24.662, 0.057, 0.070, -0.053
24.679, 0.056, 0.079, -0.050
24.696, 0.046, 0.089, -0.029
24.712, 0.053, 0.098, -0.017
24.729, 0.054, 0.096, -0.012
24.746, 0.063, 0.101, -0.012
24.762, 0.055, 0.101, 0.001
24.779, 0.055, 0.112, 0.011
24.796, 0.046, 0.101, 0.017
24.813, 0.047, 0.106, 0.014
24.829, 0.051, 0.100, 0.027
24.846, 0.060, 0.103, 0.022
24.862, 0.061, 0.099, 0.037
24.879, 0.057, 0.099, 0.024
24.896, 0.056, 0.098, 0.037
24.912, 0.052, 0.099, 0.035
24.929, 0.057, 0.090, 0.041
24.946, 0.059, 0.091, 0.043
24.962, 0.061, 0.076, 0.036
24.979, 0.055, 0.075, 0.043
24.996, 0.052, 0.057, 0.038
25.013, 0.054, 0.057, 0.043
25.029, 0.052, 0.050, 0.034
25.046, 0.050, 0.060, 0.030
25.063, 0.047, 0.040, 0.029
25.079, 0.048, 0.036, 0.027
25.096, 0.040, 0.023, 0.030
25.112, 0.039, 0.015, 0.032
25.129, 0.038, 0.009, 0.039
25.146, 0.036, 0.006, 0.027
25.162, 0.038, -0.004, 0.033
25.179, 0.035, -0.014, 0.032
25.196, 0.044, -0.027, 0.046
25.212, 0.035, -0.034, 0.045
25.229, 0.034, -0.042, 0.050
25.246, 0.037, -0.049, 0.050
25.262, 0.041, -0.064, 0.056
25.279, 0.036, -0.068, 0.057
25.296, 0.028, -0.075, 0.056
25.312, 0.021, -0.082, 0.060
25.329, 0.022, -0.092, 0.059
25.345, 0.023, -0.110, 0.060
25.362, 0.016, -0.116, 0.058
25.379, 0.014, -0.124, 0.058
25.396, 0.008, -0.121, 0.069
25.412, 0.009, -0.136, 0.067
25.429, 0.007, -0.137, 0.070
25.446, 0.005, -0.139, 0.052
25.462, 0.002, -0.144, 0.045
25.479, 0.002, -0.150, 0.045
25.496, -0.002, -0.157, 0.060
25.512, -0.000, -0.154, 0.057
25.529, 0.002, -0.158, 0.052
25.546, -0.000, -0.152, 0.041
25.562, -0.003, -0.155, 0.044
25.579, 0.001, -0.160, 0.043
25.596, -0.001, -0.150, 0.036
25.612, -0.000, -0.151, 0.038
25.629, -0.007, -0.141, 0.034
25.646, 0.003, -0.150, 0.043
25.662, 0.008, -0.144, 0.040
25.679, 0.013, -0.142, 0.043
25.696, 0.015, -0.147, 0.037
25.712, 0.015, -0.137, 0.036
25.729, 0.017, -0.135, 0.032
25.745, 0.016, -0.116, 0.031
25.762, 0.021, -0.118, 0.029
25.779, 0.019, -0.112, 0.026
25.796, 0.025, -0.106, 0.026
25.812, 0.028, -0.098, 0.024
25.829, 0.029, -0.094, 0.022
25.845, 0.025, -0.097, 0.020
25.862, 0.027, -0.089, 0.018
25.879, 0.032, -0.085, 0.014
25.896, 0.031, -0.078, 0.012
25.912, 0.032, -0.074, 0.004
25.929, 0.031, -0.070, 0.006
25.946, 0.034, -0.069, -0.010
25.962, 0.038, -0.064, -0.011
25.979, 0.037, -0.064, -0.016
25.995, 0.040, -0.063, -0.004
26.012, 0.040, -0.060, -0.017
26.029, 0.043, -0.059, -0.013
26.046, 0.033, -0.055, -0.020
26.062, 0.032, -0.053, -0.020
26.079, 0.031, -0.059, -0.026
26.096, 0.040, -0.054, -0.020
26.112, 0.041, -0.061, -0.011
26.129, 0.041, -0.055, -0.011
26.146, 0.046, -0.069, -0.008
26.162, 0.041, -0.069, -0.003
26.179, 0.043, -0.077, 0.006
26.196, 0.044, -0.080, 0.007
26.212, 0.050, -0.087, 0.013
26.229, 0.046, -0.091, 0.014
26.246, 0.044, -0.094, 0.015
26.262, 0.045, -0.102, 0.020
26.279, 0.046, -0.107, 0.027
26.296, 0.046, -0.106, 0.035
26.312, 0.037, -0.110, 0.038
26.329, 0.035, -0.116, 0.037
26.346, 0.038, -0.126, 0.050
26.363, 0.040, -0.137, 0.057
26.379, 0.037, -0.138, 0.062
26.396, 0.026, -0.148, 0.051
26.413, 0.026, -0.152, 0.051
26.429, 0.030, -0.160, 0.047
26.446, 0.035, -0.156, 0.052
26.462, 0.028, -0.171, 0.043
26.479, 0.027, -0.170, 0.040
26.496, 0.026, -0.180, 0.032
26.512, 0.035, -0.184, 0.031
26.529, 0.026, -0.187, 0.023
26.546, 0.035, -0.187, 0.025
26.562, 0.033, -0.191, 0.013
26.579, 0.038, -0.196, 0.009
26.595, 0.025, -0.199, 0.008
26.612, 0.027, -0.192, 0.009
26.629, 0.024, -0.195, 0.009
26.646, 0.024, -0.189, -0.011
26.662, 0.024, -0.197, -0.005
26.679, 0.031, -0.192, -0.006
26.696, 0.038, -0.204, 0.000
26.713, 0.032, -0.192, -0.005
26.729, 0.032, -0.196, -0.007
26.746, 0.039, -0.183, 0.001
26.762, 0.044, -0.186, -0.007
26.779, 0.044, -0.180, -0.008
26.796, 0.040, -0.172, -0.019
26.812, 0.047, -0.167, -0.021
26.829, 0.054, -0.165, -0.020
26.846, 0.054, -0.168, -0.023
26.862, 0.058, -0.161, -0.026
26.879, 0.061, -0.157, -0.030
26.896, 0.070, -0.150, -0.024
26.912, 0.072, -0.144, -0.028
26.929, 0.076, -0.139, -0.029
26.946, 0.078, -0.133, -0.034
26.963, 0.089, -0.131, -0.030
26.979, 0.086, -0.122, -0.035
26.996, 0.089, -0.119, -0.032
27.012, 0.092, -0.109, -0.034
27.029, 0.094, -0.107, -0.033
27.045, 0.101, -0.108, -0.033
27.063, 0.102, -0.099, -0.040
27.079, 0.109, -0.099, -0.039
27.096, 0.093, -0.089, -0.048
27.112, 0.093, -0.084, -0.044
27.129, 0.098, -0.078, -0.042
27.146, 0.115, -0.073, -0.042
27.162, 0.114, -0.075, -0.045
27.179, 0.109, -0.070, -0.050
27.196, 0.112, -0.077, -0.048
27.212, 0.114, -0.070, -0.048
27.229, 0.116, -0.071, -0.050
27.246, 0.108, -0.065, -0.051
27.262, 0.111, -0.064, -0.056
27.279, 0.109, -0.062, -0.052
27.296, 0.123, -0.068, -0.048
27.312, 0.116, -0.064, -0.050
27.329, 0.116, -0.058, -0.052
27.346, 0.123, -0.059, -0.053
27.362, 0.122, -0.054, -0.044
27.379, 0.122, -0.053, -0.044
27.396, 0.105, -0.033, -0.040
27.412, 0.115, -0.030, -0.029
27.429, 0.115, -0.029, -0.017
27.446, 0.133, -0.035, 0.009
27.462, 0.127, -0.026, 0.023
27.479, 0.122, -0.021, 0.024
27.502, 0.121, -0.014, 0.035
