9.464, -0.548, -0.195, 0.173
9.483, -0.550, -0.195, 0.173
9.505, -0.622, -0.195, 0.164
9.523, -0.636, -0.196, 0.163
9.543, -0.649, -0.195, 0.161
9.564, -0.649, -0.196, 0.161
9.583, -0.649, -0.197, 0.161
9.603, -0.688, -0.195, 0.156
9.623, -0.704, -0.194, 0.153
9.644, -0.704, -0.195, 0.153
9.663, -0.704, -0.196, 0.153
9.683, -0.704, -0.196, 0.153
9.702, -0.751, -0.187, 0.147
9.723, -0.766, -0.186, 0.145
9.743, -0.775, -0.181, 0.144
9.763, -0.783, -0.179, 0.143
9.783, -0.791, -0.175, 0.142
9.803, -0.803, -0.169, 0.141
9.822, -0.814, -0.163, 0.140
9.843, -0.820, -0.158, 0.140
9.863, -0.824, -0.156, 0.139
9.883, -0.833, -0.148, 0.138
9.902, -0.840, -0.140, 0.137
9.923, -0.846, -0.130, 0.135
9.943, -0.849, -0.124, 0.134
9.963, -0.850, -0.122, 0.134
9.983, -0.854, -0.111, 0.133
10.002, -0.856, -0.101, 0.132
10.023, -0.856, -0.091, 0.131
10.043, -0.855, -0.080, 0.130
10.063, -0.855, -0.077, 0.129
10.083, -0.854, -0.070, 0.128
10.103, -0.849, -0.056, 0.126
10.122, -0.846, -0.049, 0.125
10.143, -0.843, -0.042, 0.125
10.163, -0.841, -0.039, 0.124
10.183, -0.834, -0.028, 0.123
10.203, -0.823, -0.015, 0.121
10.222, -0.816, -0.009, 0.120
10.243, -0.810, -0.003, 0.119
10.263, -0.802, 0.004, 0.118
10.283, -0.794, 0.010, 0.116
10.303, -0.781, 0.019, 0.115
10.323, -0.767, 0.026, 0.113
10.343, -0.757, 0.032, 0.111
10.363, -0.752, 0.035, 0.111
10.384, -0.736, 0.042, 0.109
10.403, -0.719, 0.050, 0.107
10.423, -0.701, 0.055, 0.105
10.443, -0.681, 0.062, 0.102
10.463, -0.675, 0.064, 0.102
10.483, -0.662, 0.067, 0.100
10.502, -0.634, 0.074, 0.097
10.522, -0.620, 0.077, 0.096
10.543, -0.598, 0.081, 0.094
10.563, -0.591, 0.082, 0.093
10.582, -0.576, 0.084, 0.091
10.602, -0.547, 0.087, 0.088
10.623, -0.532, 0.089, 0.087
10.643, -0.517, 0.090, 0.085
10.663, -0.510, 0.091, 0.084
10.683, -0.488, 0.092, 0.082
10.703, -0.459, 0.092, 0.078
10.723, -0.445, 0.093, 0.077
10.742, -0.424, 0.092, 0.074
10.763, -0.417, 0.093, 0.073
10.783, -0.403, 0.092, 0.072
10.803, -0.383, 0.091, 0.069
10.823, -0.371, 0.091, 0.068
10.842, -0.352, 0.089, 0.065
10.863, -0.346, 0.089, 0.064
10.883, -0.328, 0.088, 0.062
10.903, -0.312, 0.086, 0.059
10.923, -0.296, 0.084, 0.057
10.943, -0.286, 0.082, 0.055
10.963, -0.281, 0.082, 0.054
10.983, -0.267, 0.080, 0.052
11.003, -0.253, 0.078, 0.050
11.023, -0.241, 0.075, 0.047
11.042, -0.229, 0.073, 0.045
11.063, -0.225, 0.073, 0.044
11.083, -0.218, 0.071, 0.042
11.103, -0.207, 0.069, 0.040
11.123, -0.198, 0.067, 0.038
11.143, -0.192, 0.066, 0.036
11.162, -0.189, 0.065, 0.036
11.183, -0.181, 0.063, 0.033
11.203, -0.173, 0.061, 0.031
11.223, -0.166, 0.060, 0.030
11.242, -0.162, 0.059, 0.028
11.263, -0.158, 0.058, 0.027
11.283, -0.154, 0.057, 0.026
11.303, -0.146, 0.055, 0.023
11.323, -0.143, 0.055, 0.022
11.343, -0.140, 0.054, 0.021
11.363, -0.137, 0.054, 0.020
11.383, -0.134, 0.053, 0.019
11.403, -0.130, 0.052, 0.018
11.422, -0.126, 0.052, 0.016
11.442, -0.124, 0.052, 0.015
11.463, -0.123, 0.051, 0.015
11.483, -0.120, 0.051, 0.013
11.503, -0.120, 0.051, 0.013
11.523, -0.114, 0.051, 0.011
11.543, -0.112, 0.051, 0.010
11.563, -0.110, 0.051, 0.009
11.583, -0.109, 0.051, 0.009
11.602, -0.105, 0.052, 0.007
11.623, -0.104, 0.052, 0.007
11.643, -0.101, 0.052, 0.006
11.663, -0.101, 0.053, 0.006
11.683, -0.099, 0.053, 0.005
11.703, -0.096, 0.053, 0.004
11.722, -0.095, 0.053, 0.004
11.743, -0.093, 0.054, 0.004
11.763, -0.092, 0.054, 0.003
11.783, -0.090, 0.054, 0.003
11.803, -0.088, 0.054, 0.002
11.823, -0.086, 0.055, 0.002
11.842, -0.084, 0.055, 0.002
11.863, -0.083, 0.055, 0.002
11.883, -0.081, 0.055, 0.001
11.903, -0.078, 0.055, 0.001
11.923, -0.076, 0.055, 0.001
11.943, -0.074, 0.055, 0.001
11.963, -0.074, 0.055, 0.001
11.983, -0.071, 0.055, 0.001
12.003, -0.068, 0.055, 0.000
12.023, -0.066, 0.054, 0.000
12.042, -0.064, 0.054, 0.000
12.063, -0.063, 0.054, 0.000
12.083, -0.061, 0.053, 0.000
12.103, -0.058, 0.052, 0.000
12.122, -0.055, 0.052, 0.000
12.143, -0.054, 0.051, 0.000
12.163, -0.053, 0.051, 0.000
12.183, -0.050, 0.050, 0.000
12.203, -0.047, 0.049, 0.000
12.223, -0.045, 0.049, 0.000
12.242, -0.044, 0.049, 0.001
12.263, -0.042, 0.048, 0.001
12.283, -0.041, 0.048, 0.001
12.303, -0.038, 0.047, 0.001
12.322, -0.036, 0.046, 0.001
12.342, -0.035, 0.046, 0.001
12.363, -0.034, 0.046, 0.001
12.383, -0.033, 0.045, 0.001
12.403, -0.031, 0.045, 0.001
12.423, -0.029, 0.044, 0.001
12.442, -0.028, 0.044, 0.002
12.463, -0.027, 0.044, 0.002
12.483, -0.026, 0.043, 0.002
12.503, -0.024, 0.043, 0.002
12.523, -0.023, 0.043, 0.002
12.542, -0.023, 0.043, 0.002
12.562, -0.022, 0.042, 0.002
12.583, -0.021, 0.042, 0.003
12.603, -0.020, 0.042, 0.003
12.623, -0.019, 0.042, 0.003
12.642, -0.018, 0.041, 0.003
12.663, -0.018, 0.041, 0.003
12.683, -0.017, 0.041, 0.003
12.703, -0.016, 0.041, 0.003
12.723, -0.015, 0.041, 0.004
12.743, -0.014, 0.041, 0.004
12.762, -0.014, 0.040, 0.004
12.782, -0.013, 0.040, 0.004
12.803, -0.012, 0.040, 0.004
12.823, -0.011, 0.040, 0.004
12.843, -0.010, 0.039, 0.005
12.863, -0.010, 0.039, 0.005
12.882, -0.009, 0.039, 0.005
12.902, -0.008, 0.039, 0.005
12.923, -0.008, 0.039, 0.005
12.943, -0.007, 0.038, 0.005
12.963, -0.006, 0.038, 0.005
12.983, -0.006, 0.038, 0.006
13.003, -0.005, 0.038, 0.006
13.023, -0.004, 0.038, 0.006
13.043, -0.004, 0.037, 0.006
13.062, -0.003, 0.037, 0.006
13.083, -0.003, 0.037, 0.007
13.103, -0.001, 0.037, 0.007
13.123, -0.001, 0.036, 0.007
13.142, -0.000, 0.036, 0.007
13.163, 0.000, 0.036, 0.008
13.183, 0.000, 0.036, 0.008
13.204, 0.001, 0.035, 0.008
13.223, 0.002, 0.035, 0.008
13.243, 0.002, 0.035, 0.009
13.263, 0.002, 0.034, 0.009
13.282, 0.003, 0.034, 0.009
13.302, 0.003, 0.033, 0.009
13.323, 0.004, 0.033, 0.010
13.343, 0.004, 0.032, 0.010
13.363, 0.004, 0.032, 0.010
13.383, 0.004, 0.031, 0.010
13.403, 0.005, 0.030, 0.010
13.423, 0.005, 0.029, 0.011
13.443, 0.005, 0.028, 0.011
13.463, 0.005, 0.028, 0.011
13.483, 0.006, 0.027, 0.011
13.502, 0.006, 0.025, 0.012
13.523, 0.006, 0.024, 0.012
13.543, 0.007, 0.023, 0.012
13.563, 0.007, 0.023, 0.012
13.582, 0.007, 0.021, 0.012
13.603, 0.008, 0.019, 0.013
13.623, 0.009, 0.018, 0.013
13.644, 0.009, 0.017, 0.013
13.663, 0.009, 0.016, 0.013
13.683, 0.010, 0.014, 0.013
13.703, 0.011, 0.012, 0.013
13.723, 0.011, 0.011, 0.013
13.744, 0.012, 0.009, 0.013
13.763, 0.012, 0.009, 0.013
13.783, 0.013, 0.007, 0.014
13.803, 0.014, 0.006, 0.014
13.822, 0.015, 0.004, 0.014
13.843, 0.015, 0.003, 0.014
13.863, 0.016, 0.002, 0.014
13.883, 0.017, 0.001, 0.014
13.903, 0.018, -0.001, 0.014
13.922, 0.018, -0.002, 0.014
13.943, 0.019, -0.003, 0.014
13.963, 0.020, -0.004, 0.014
13.983, 0.021, -0.005, 0.014
14.002, 0.022, -0.007, 0.014
14.023, 0.023, -0.008, 0.015
14.043, 0.024, -0.008, 0.014
14.063, 0.024, -0.009, 0.014
14.083, 0.025, -0.009, 0.014
14.103, 0.027, -0.009, 0.014
14.123, 0.027, -0.009, 0.014
14.143, 0.029, -0.010, 0.014
14.163, 0.029, -0.009, 0.014
14.183, 0.030, -0.009, 0.014
14.203, 0.031, -0.009, 0.014
14.223, 0.032, -0.008, 0.014
14.243, 0.033, -0.008, 0.014
14.262, 0.033, -0.008, 0.014
14.283, 0.034, -0.007, 0.013
14.303, 0.035, -0.006, 0.013
14.323, 0.036, -0.005, 0.013
14.343, 0.036, -0.004, 0.013
14.363, 0.037, -0.004, 0.012
14.383, 0.038, -0.003, 0.012
14.403, 0.039, -0.002, 0.011
14.423, 0.039, -0.001, 0.011
14.443, 0.040, -0.001, 0.011
14.462, 0.040, -0.001, 0.010
14.483, 0.041, -0.000, 0.010
14.503, 0.041, 0.000, 0.009
14.523, 0.042, 0.001, 0.008
14.543, 0.042, 0.001, 0.008
14.563, 0.043, 0.001, 0.007
14.583, 0.043, 0.001, 0.007
14.602, 0.043, 0.001, 0.006
14.623, 0.044, 0.001, 0.005
14.642, 0.044, 0.001, 0.004
14.663, 0.044, 0.000, 0.004
14.683, 0.044, -0.000, 0.003
14.703, 0.043, -0.002, 0.002
14.723, 0.043, -0.002, 0.002
14.743, 0.043, -0.003, 0.001
14.762, 0.042, -0.004, 0.001
14.782, 0.042, -0.005, 0.000
14.803, 0.040, -0.007, -0.001
14.823, 0.040, -0.008, -0.001
14.843, 0.039, -0.009, -0.002
14.863, 0.039, -0.010, -0.003
14.883, 0.038, -0.011, -0.003
14.902, 0.036, -0.014, -0.004
14.923, 0.036, -0.015, -0.005
14.943, 0.035, -0.016, -0.005
14.963, 0.034, -0.017, -0.006
14.983, 0.034, -0.018, -0.006
15.002, 0.032, -0.020, -0.007
15.022, 0.031, -0.020, -0.008
15.043, 0.031, -0.021, -0.008
15.063, 0.030, -0.022, -0.009
15.083, 0.029, -0.022, -0.009
15.104, 0.028, -0.023, -0.010
15.123, 0.027, -0.024, -0.011
15.143, 0.027, -0.024, -0.011
15.162, 0.026, -0.025, -0.012
15.183, 0.025, -0.025, -0.012
15.203, 0.024, -0.026, -0.013
15.223, 0.024, -0.026, -0.013
15.243, 0.023, -0.026, -0.014
15.263, 0.023, -0.026, -0.014
15.283, 0.022, -0.026, -0.014
15.303, 0.021, -0.026, -0.015
15.323, 0.021, -0.026, -0.015
15.343, 0.020, -0.026, -0.015
15.363, 0.020, -0.026, -0.015
15.383, 0.020, -0.026, -0.016
15.403, 0.019, -0.026, -0.016
15.422, 0.019, -0.026, -0.016
15.443, 0.019, -0.026, -0.016
15.463, 0.018, -0.026, -0.016
15.483, 0.018, -0.026, -0.017
15.503, 0.018, -0.025, -0.017
15.523, 0.017, -0.025, -0.017
15.543, 0.017, -0.025, -0.017
15.563, 0.017, -0.025, -0.017
15.583, 0.016, -0.024, -0.017
15.603, 0.015, -0.024, -0.017
15.623, 0.015, -0.023, -0.018
15.642, 0.014, -0.023, -0.018
15.663, 0.014, -0.023, -0.018
15.683, 0.014, -0.022, -0.018
15.703, 0.013, -0.022, -0.018
15.723, 0.012, -0.021, -0.018
15.743, 0.011, -0.021, -0.018
15.763, 0.011, -0.020, -0.018
15.783, 0.010, -0.020, -0.018
15.803, 0.009, -0.019, -0.019
15.822, 0.009, -0.018, -0.019
15.843, 0.008, -0.018, -0.019
15.863, 0.008, -0.017, -0.019
15.883, 0.007, -0.016, -0.019
15.903, 0.005, -0.015, -0.019
15.923, 0.005, -0.015, -0.019
15.942, 0.004, -0.014, -0.020
15.963, 0.004, -0.014, -0.020
15.983, 0.003, -0.013, -0.020
16.004, 0.002, -0.013, -0.020
16.023, 0.001, -0.012, -0.020
16.043, 0.000, -0.012, -0.020
16.063, -0.000, -0.011, -0.020
16.083, -0.001, -0.011, -0.020
16.103, -0.003, -0.010, -0.020
16.123, -0.004, -0.010, -0.020
16.143, -0.004, -0.009, -0.020
16.163, -0.005, -0.009, -0.020
16.183, -0.006, -0.009, -0.020
16.203, -0.007, -0.009, -0.020
16.222, -0.008, -0.008, -0.020
16.243, -0.008, -0.008, -0.020
16.263, -0.008, -0.008, -0.020
16.283, -0.009, -0.008, -0.020
16.302, -0.010, -0.008, -0.020
16.323, -0.011, -0.008, -0.020
16.343, -0.011, -0.008, -0.020
16.363, -0.012, -0.008, -0.020
16.383, -0.012, -0.008, -0.019
16.404, -0.012, -0.008, -0.019
16.423, -0.013, -0.008, -0.019
16.443, -0.013, -0.008, -0.019
16.463, -0.013, -0.008, -0.019
16.483, -0.013, -0.008, -0.019
16.503, -0.013, -0.008, -0.019
16.522, -0.013, -0.009, -0.019
16.543, -0.013, -0.009, -0.019
16.563, -0.013, -0.009, -0.018
16.583, -0.013, -0.009, -0.018
16.603, -0.013, -0.010, -0.018
16.624, -0.013, -0.010, -0.018
16.643, -0.013, -0.010, -0.018
16.662, -0.013, -0.010, -0.018
16.683, -0.012, -0.010, -0.018
16.702, -0.012, -0.011, -0.017
16.723, -0.012, -0.011, -0.017
16.744, -0.012, -0.011, -0.017
16.763, -0.012, -0.011, -0.017
16.784, -0.012, -0.012, -0.017
16.804, -0.011, -0.012, -0.017
16.822, -0.011, -0.012, -0.017
16.843, -0.011, -0.012, -0.016
16.863, -0.011, -0.012, -0.016
16.883, -0.011, -0.012, -0.016
16.903, -0.011, -0.012, -0.016
16.923, -0.011, -0.012, -0.016
16.943, -0.012, -0.012, -0.016
16.963, -0.012, -0.012, -0.016
16.983, -0.012, -0.012, -0.016
17.003, -0.013, -0.011, -0.016
17.022, -0.013, -0.011, -0.016
17.043, -0.013, -0.011, -0.016
17.063, -0.013, -0.011, -0.015
17.083, -0.014, -0.011, -0.015
17.103, -0.014, -0.010, -0.015
17.123, -0.014, -0.010, -0.015
17.143, -0.015, -0.010, -0.015
17.163, -0.015, -0.010, -0.015
17.183, -0.015, -0.009, -0.014
17.203, -0.016, -0.009, -0.014
17.223, -0.016, -0.009, -0.014
17.243, -0.017, -0.008, -0.014
17.263, -0.017, -0.008, -0.014
17.283, -0.017, -0.008, -0.013
17.303, -0.017, -0.008, -0.013
17.322, -0.018, -0.008, -0.013
17.343, -0.018, -0.008, -0.012
17.363, -0.018, -0.008, -0.012
17.384, -0.018, -0.007, -0.012
17.402, -0.019, -0.007, -0.012
17.423, -0.019, -0.007, -0.012
17.443, -0.019, -0.007, -0.011
17.463, -0.019, -0.007, -0.011
17.483, -0.019, -0.008, -0.011
17.503, -0.019, -0.008, -0.011
17.522, -0.019, -0.008, -0.010
17.543, -0.020, -0.008, -0.010
17.563, -0.020, -0.008, -0.010
17.583, -0.020, -0.009, -0.010
17.602, -0.020, -0.010, -0.010
17.623, -0.020, -0.011, -0.009
17.643, -0.020, -0.011, -0.009
17.663, -0.020, -0.012, -0.009
17.683, -0.020, -0.013, -0.009
17.703, -0.020, -0.014, -0.008
17.722, -0.019, -0.015, -0.008
17.743, -0.019, -0.016, -0.008
17.763, -0.019, -0.017, -0.008
17.783, -0.019, -0.018, -0.007
17.802, -0.018, -0.020, -0.007
17.823, -0.018, -0.021, -0.007
17.843, -0.018, -0.022, -0.006
17.863, -0.017, -0.023, -0.006
17.883, -0.017, -0.024, -0.006
17.903, -0.017, -0.026, -0.006
17.923, -0.016, -0.027, -0.005
17.942, -0.016, -0.028, -0.005
17.963, -0.015, -0.029, -0.005
17.983, -0.015, -0.030, -0.005
18.003, -0.014, -0.032, -0.005
18.022, -0.014, -0.032, -0.005
18.043, -0.014, -0.033, -0.004
18.063, -0.013, -0.034, -0.004
18.083, -0.013, -0.035, -0.004
18.103, -0.013, -0.036, -0.004
18.122, -0.012, -0.037, -0.004
18.142, -0.012, -0.038, -0.004
18.163, -0.012, -0.038, -0.004
18.183, -0.012, -0.039, -0.004
18.202, -0.012, -0.040, -0.004
18.223, -0.011, -0.041, -0.004
18.243, -0.011, -0.042, -0.004
18.263, -0.011, -0.042, -0.004
18.283, -0.011, -0.042, -0.004
18.302, -0.011, -0.043, -0.004
18.322, -0.011, -0.044, -0.004
18.343, -0.012, -0.044, -0.004
18.363, -0.011, -0.045, -0.003
18.383, -0.012, -0.045, -0.003
18.403, -0.011, -0.046, -0.003
18.422, -0.011, -0.046, -0.003
18.443, -0.012, -0.047, -0.003
18.463, -0.011, -0.047, -0.003
18.483, -0.011, -0.047, -0.002
18.503, -0.011, -0.047, -0.002
18.522, -0.011, -0.047, -0.002
18.543, -0.011, -0.047, -0.002
18.563, -0.011, -0.047, -0.002
18.583, -0.011, -0.047, -0.001
18.603, -0.011, -0.047, -0.001
18.623, -0.011, -0.046, -0.000
18.643, -0.011, -0.046, -0.000
18.663, -0.011, -0.046, -0.000
18.683, -0.011, -0.045, 0.000
18.703, -0.011, -0.044, 0.001
18.723, -0.011, -0.043, 0.001
18.743, -0.011, -0.042, 0.001
18.763, -0.011, -0.042, 0.001
18.783, -0.011, -0.041, 0.001
18.803, -0.011, -0.039, 0.002
18.822, -0.011, -0.038, 0.002
18.843, -0.011, -0.037, 0.002
18.863, -0.011, -0.036, 0.002
18.883, -0.011, -0.035, 0.002
18.903, -0.011, -0.033, 0.002
18.924, -0.012, -0.031, 0.002
18.943, -0.012, -0.030, 0.002
18.962, -0.012, -0.029, 0.002
18.983, -0.012, -0.027, 0.002
19.003, -0.012, -0.024, 0.002
19.024, -0.013, -0.023, 0.002
19.043, -0.013, -0.021, 0.002
19.063, -0.013, -0.020, 0.001
19.083, -0.013, -0.019, 0.001
19.103, -0.014, -0.017, 0.001
19.123, -0.014, -0.015, 0.001
19.143, -0.014, -0.014, 0.001
19.163, -0.014, -0.013, 0.001
19.183, -0.014, -0.012, 0.001
19.203, -0.015, -0.010, 0.001
19.223, -0.015, -0.010, 0.001
19.243, -0.015, -0.009, 0.001
19.263, -0.015, -0.008, 0.001
19.283, -0.015, -0.008, 0.001
19.303, -0.015, -0.007, 0.001
19.322, -0.015, -0.006, 0.001
19.343, -0.016, -0.006, 0.001
19.363, -0.016, -0.006, 0.001
19.383, -0.016, -0.005, 0.001
19.403, -0.015, -0.005, 0.001
19.423, -0.015, -0.005, 0.001
19.443, -0.015, -0.005, 0.001
19.463, -0.015, -0.005, 0.001
19.483, -0.015, -0.005, 0.001
19.503, -0.015, -0.005, 0.001
19.523, -0.015, -0.005, 0.001
19.543, -0.015, -0.006, 0.001
19.563, -0.015, -0.006, 0.001
19.583, -0.015, -0.006, 0.001
19.604, -0.015, -0.007, 0.001
19.622, -0.015, -0.007, 0.001
19.643, -0.015, -0.007, 0.001
19.663, -0.015, -0.008, 0.001
19.683, -0.015, -0.008, 0.001
19.704, -0.015, -0.009, 0.001
19.724, -0.015, -0.010, 0.001
19.743, -0.015, -0.010, 0.001
19.763, -0.015, -0.010, 0.001
19.783, -0.015, -0.011, 0.001
19.804, -0.015, -0.012, 0.001
19.824, -0.015, -0.012, 0.001
19.843, -0.015, -0.013, 0.001
19.863, -0.015, -0.013, 0.001
19.883, -0.015, -0.013, 0.001
19.903, -0.015, -0.014, 0.000
19.923, -0.015, -0.014, 0.000
19.943, -0.016, -0.015, 0.000
19.963, -0.016, -0.015, 0.000
19.982, -0.016, -0.015, 0.000
20.003, -0.016, -0.016, -0.000
20.023, -0.016, -0.016, -0.000
20.044, -0.016, -0.017, -0.000
20.062, 0.089, -0.046, -0.000
20.083, 0.089, -0.046, -0.001
20.103, 0.089, -0.046, -0.001
20.123, 0.089, -0.046, -0.001
20.143, 0.089, -0.046, -0.001
20.162, 0.089, -0.046, -0.001
20.183, 0.089, -0.046, -0.002
20.203, 0.089, -0.046, -0.002
20.223, 0.089, -0.046, -0.002
20.243, 0.089, -0.046, -0.002
20.263, 0.089, -0.046, -0.002
20.283, 0.089, -0.046, -0.003
20.303, 0.089, -0.046, -0.003
20.323, 0.089, -0.046, -0.003
20.343, 0.089, -0.046, -0.003
20.362, 0.089, -0.046, -0.003
20.383, 0.089, -0.046, -0.004
20.403, 0.088, -0.047, -0.004
20.423, 0.088, -0.047, -0.004
20.443, 0.088, -0.047, -0.005
20.462, 0.088, -0.047, -0.005
20.483, 0.088, -0.047, -0.005
20.503, 0.088, -0.047, -0.005
20.523, 0.088, -0.048, -0.005
20.543, 0.088, -0.048, -0.005
20.562, 0.088, -0.048, -0.006
20.583, 0.088, -0.048, -0.006
20.603, 0.087, -0.049, -0.006
20.623, 0.087, -0.049, -0.006
20.644, 0.087, -0.049, -0.006
20.663, 0.088, -0.047, -0.007
20.683, 0.088, -0.047, -0.007
20.703, 0.088, -0.047, -0.007
20.723, 0.090, -0.043, -0.007
20.743, 0.090, -0.043, -0.007
20.763, 0.090, -0.043, -0.007
20.783, 0.090, -0.043, -0.007
20.802, 0.091, -0.040, -0.007
20.823, 0.091, -0.040, -0.007
20.843, 0.091, -0.040, -0.007
20.863, 0.093, -0.037, -0.007
20.883, 0.093, -0.037, -0.007
20.903, 0.093, -0.037, -0.007
20.923, 0.094, -0.035, -0.007
20.943, 0.094, -0.035, -0.007
20.963, 0.094, -0.035, -0.007
20.983, 0.094, -0.035, -0.007
21.003, 0.095, -0.033, -0.007
21.022, 0.095, -0.033, -0.007
21.042, 0.095, -0.033, -0.007
21.063, 0.095, -0.030, -0.007
21.083, 0.095, -0.030, -0.006
21.103, 0.095, -0.030, -0.006
21.123, 0.085, -0.053, -0.006
21.143, 0.085, -0.053, -0.006
21.163, 0.085, -0.053, -0.006
21.183, 0.085, -0.053, -0.006
21.203, 0.084, -0.054, -0.005
21.222, 0.084, -0.054, -0.005
21.243, 0.084, -0.054, -0.005
21.262, 0.084, -0.054, -0.005
21.283, 0.084, -0.054, -0.004
21.303, 0.084, -0.054, -0.004
21.323, 0.084, -0.055, -0.004
21.343, 0.084, -0.055, -0.003
21.363, 0.084, -0.055, -0.003
21.383, 0.084, -0.055, -0.003
21.403, 0.083, -0.055, -0.002
21.423, 0.083, -0.055, -0.002
21.443, 0.083, -0.055, -0.002
21.463, 0.083, -0.056, -0.002
21.482, 0.083, -0.056, -0.001
21.503, 0.083, -0.056, -0.001
21.523, 0.083, -0.056, -0.001
21.543, 0.083, -0.056, -0.000
21.563, 0.083, -0.056, -0.000
21.583, 0.083, -0.056, -0.000
21.603, 0.082, -0.057, 0.000
21.623, 0.082, -0.057, 0.000
21.643, 0.082, -0.057, 0.001
21.662, 0.082, -0.057, 0.001
21.682, 0.082, -0.057, 0.001
21.703, 0.082, -0.057, 0.001
21.723, 0.082, -0.057, 0.001
21.743, 0.082, -0.057, 0.001
21.763, 0.082, -0.057, 0.001
21.783, 0.082, -0.057, 0.002
21.803, 0.082, -0.057, 0.002
21.823, 0.082, -0.057, 0.002
21.844, 0.082, -0.057, 0.002
21.863, 0.083, -0.056, 0.002
21.883, 0.083, -0.056, 0.002
21.903, 0.083, -0.056, 0.003
21.923, 0.083, -0.055, 0.003
21.943, 0.083, -0.055, 0.003
21.963, 0.083, -0.055, 0.003
21.983, 0.083, -0.055, 0.003
22.003, 0.084, -0.054, 0.003
22.023, 0.084, -0.054, 0.004
22.043, 0.084, -0.054, 0.004
22.063, 0.084, -0.054, 0.004
22.083, 0.084, -0.054, 0.004
22.103, 0.084, -0.054, 0.004
22.123, 0.085, -0.052, 0.004
22.144, 0.085, -0.052, 0.004
22.163, 0.085, -0.052, 0.004
22.183, 0.085, -0.052, 0.004
22.203, 0.086, -0.051, 0.004
22.223, 0.086, -0.051, 0.005
22.243, 0.086, -0.051, 0.005
22.263, 0.086, -0.051, 0.005
22.283, 0.086, -0.051, 0.005
22.303, 0.086, -0.051, 0.005
22.323, 0.086, -0.050, 0.005
22.343, 0.086, -0.050, 0.006
22.363, 0.086, -0.050, 0.006
22.383, 0.086, -0.050, 0.006
22.403, 0.086, -0.050, 0.006
22.423, 0.086, -0.050, 0.006
22.443, 0.086, -0.050, 0.006
22.462, 0.086, -0.050, 0.006
22.483, 0.086, -0.050, 0.007
22.503, 0.086, -0.050, 0.007
22.523, 0.086, -0.051, 0.007
22.543, 0.086, -0.051, 0.007
22.563, 0.086, -0.051, 0.007
22.583, 0.086, -0.051, 0.007
22.603, 0.086, -0.051, 0.007
22.623, 0.086, -0.051, 0.007
22.643, 0.086, -0.051, 0.007
22.662, 0.086, -0.052, 0.007
22.682, 0.086, -0.052, 0.007
22.703, 0.086, -0.052, 0.007
22.723, 0.085, -0.053, 0.007
22.743, 0.085, -0.053, 0.007
22.763, 0.085, -0.053, 0.007
22.783, 0.085, -0.053, 0.007
22.803, 0.084, -0.054, 0.007
22.823, 0.084, -0.054, 0.006
22.843, 0.084, -0.054, 0.006
22.863, 0.083, -0.055, 0.006
22.882, 0.083, -0.055, 0.006
22.903, 0.083, -0.055, 0.006
22.923, 0.083, -0.056, 0.006
22.943, 0.083, -0.056, 0.006
22.963, 0.083, -0.056, 0.006
22.984, 0.083, -0.056, 0.006
23.003, 0.082, -0.057, 0.006
23.023, 0.082, -0.057, 0.006
23.043, 0.082, -0.057, 0.006
23.063, 0.080, -0.059, 0.006
23.083, 0.080, -0.059, 0.006
23.102, 0.080, -0.059, 0.006
23.123, 0.080, -0.060, 0.006
23.143, 0.080, -0.061, 0.006
23.163, 0.080, -0.061, 0.006
23.184, 0.079, -0.061, 0.006
23.202, 0.079, -0.061, 0.007
23.223, 0.079, -0.061, 0.007
23.242, 0.079, -0.061, 0.007
23.263, 0.079, -0.061, 0.007
23.283, 0.079, -0.061, 0.007
23.303, 0.079, -0.061, 0.008
23.322, 0.079, -0.061, 0.008
23.343, 0.079, -0.061, 0.009
23.363, 0.079, -0.061, 0.009
23.383, 0.079, -0.061, 0.009
23.402, 0.080, -0.060, 0.010
23.423, 0.080, -0.060, 0.010
23.443, 0.080, -0.060, 0.011
23.463, 0.082, -0.058, 0.011
23.483, 0.082, -0.058, 0.012
23.504, 0.082, -0.058, 0.012
23.522, 0.083, -0.055, 0.013
23.543, 0.083, -0.055, 0.014
23.563, 0.083, -0.055, 0.014
23.584, 0.083, -0.055, 0.015
23.604, 0.084, -0.054, 0.015
23.623, 0.084, -0.054, 0.016
23.643, 0.084, -0.054, 0.017
23.663, 0.086, -0.051, 0.017
23.683, 0.086, -0.051, 0.018
23.703, 0.086, -0.051, 0.019
23.723, 0.087, -0.049, 0.019
23.743, 0.087, -0.049, 0.020
23.763, 0.087, -0.049, 0.020
23.783, 0.087, -0.049, 0.021
23.803, 0.088, -0.048, 0.021
23.823, 0.088, -0.048, 0.022
23.843, 0.088, -0.048, 0.022
23.863, 0.088, -0.047, 0.023
23.883, 0.088, -0.047, 0.023
23.903, 0.088, -0.047, 0.024
23.923, 0.088, -0.048, 0.024
23.943, 0.088, -0.048, 0.024
23.963, 0.088, -0.048, 0.024
23.984, 0.088, -0.048, 0.025
24.003, 0.087, -0.049, 0.026
24.023, 0.087, -0.049, 0.026
24.043, 0.087, -0.049, 0.026
24.063, 0.087, -0.049, 0.026
24.083, 0.087, -0.049, 0.027
24.102, 0.087, -0.049, 0.027
24.123, 0.086, -0.051, 0.027
24.143, 0.086, -0.051, 0.027
24.163, 0.086, -0.051, 0.028
24.184, 0.086, -0.051, 0.028
24.203, 0.086, -0.051, 0.028
24.223, 0.086, -0.051, 0.028
24.243, 0.086, -0.051, 0.028
24.263, 0.086, -0.052, 0.028
24.283, 0.086, -0.052, 0.028
24.303, 0.086, -0.052, 0.028
24.323, 0.086, -0.052, 0.028
24.342, 0.086, -0.052, 0.027
24.363, 0.086, -0.052, 0.027
24.383, 0.086, -0.052, 0.027
24.403, 0.086, -0.051, 0.027
24.423, 0.086, -0.051, 0.026
24.443, 0.086, -0.051, 0.026
24.463, 0.086, -0.051, 0.026
24.483, 0.086, -0.051, 0.026
24.503, 0.086, -0.051, 0.025
24.523, 0.086, -0.051, 0.024
24.543, 0.086, -0.051, 0.024
24.562, 0.086, -0.051, 0.024
24.585, 0.086, -0.051, 0.023
24.603, 0.086, -0.052, 0.023
24.623, 0.086, -0.052, 0.022
24.643, 0.086, -0.052, 0.022
24.663, 0.086, -0.051, 0.022
24.683, 0.086, -0.051, 0.021
24.702, 0.086, -0.051, 0.021
24.723, 0.086, -0.050, 0.021
24.743, 0.086, -0.050, 0.020
24.763, 0.086, -0.050, 0.020
24.783, 0.087, -0.050, 0.020
24.802, 0.087, -0.050, 0.020
24.822, 0.087, -0.050, 0.020
24.843, 0.087, -0.050, 0.020
24.863, 0.087, -0.049, 0.020
24.883, 0.087, -0.049, 0.020
24.903, 0.087, -0.049, 0.020
24.923, 0.088, -0.047, 0.020
24.943, 0.088, -0.047, 0.020
24.963, 0.088, -0.047, 0.020
24.983, 0.088, -0.047, 0.020
25.002, 0.089, -0.045, 0.021
25.023, 0.089, -0.045, 0.021
25.043, 0.089, -0.045, 0.021
25.063, 0.090, -0.043, 0.021
25.083, 0.090, -0.043, 0.022
25.102, 0.090, -0.043, 0.022
25.123, 0.091, -0.041, 0.022
25.143, 0.091, -0.041, 0.023
25.163, 0.091, -0.041, 0.023
25.183, 0.091, -0.041, 0.023
25.203, 0.092, -0.039, 0.024
25.223, 0.092, -0.039, 0.024
25.243, 0.092, -0.039, 0.024
25.263, 0.093, -0.038, 0.024
25.283, 0.093, -0.038, 0.024
25.302, 0.093, -0.038, 0.024
25.323, 0.093, -0.036, 0.024
25.343, 0.093, -0.036, 0.024
25.363, 0.093, -0.036, 0.024
25.386, 0.094, -0.035, 0.024
25.403, 0.094, -0.035, 0.023
25.423, 0.094, -0.035, 0.023
25.443, 0.094, -0.035, 0.023
25.463, 0.094, -0.034, 0.023
25.483, 0.094, -0.034, 0.023
25.503, 0.094, -0.034, 0.022
25.522, 0.094, -0.034, 0.022
25.543, 0.094, -0.034, 0.022
25.563, 0.094, -0.034, 0.022
25.585, 0.094, -0.034, 0.021
25.603, 0.094, -0.033, 0.021
25.623, 0.094, -0.033, 0.020
25.643, 0.094, -0.033, 0.020
25.663, 0.094, -0.033, 0.019
25.683, 0.094, -0.033, 0.019
25.703, 0.094, -0.033, 0.018
25.723, 0.094, -0.033, 0.017
25.743, 0.094, -0.033, 0.016
25.762, 0.094, -0.033, 0.016
25.783, 0.094, -0.033, 0.016
25.803, 0.094, -0.034, 0.014
25.823, 0.094, -0.034, 0.014
25.842, 0.094, -0.034, 0.013
25.863, 0.094, -0.034, 0.013
25.883, 0.094, -0.034, 0.012
25.903, 0.094, -0.034, 0.012
25.923, 0.094, -0.034, 0.011
25.943, 0.094, -0.034, 0.011
25.962, 0.094, -0.034, 0.010
25.983, 0.094, -0.034, 0.010
26.003, 0.094, -0.033, 0.009
26.023, 0.094, -0.033, 0.009
26.043, 0.094, -0.033, 0.009
26.063, 0.095, -0.032, 0.008
26.082, 0.095, -0.032, 0.008
26.102, 0.095, -0.032, 0.008
26.123, 0.095, -0.031, 0.008
26.143, 0.095, -0.031, 0.008
26.163, 0.095, -0.031, 0.007
26.184, 0.095, -0.031, 0.007
26.203, 0.096, -0.029, 0.007
26.223, 0.096, -0.029, 0.007
26.243, 0.096, -0.029, 0.007
26.263, 0.096, -0.028, 0.007
26.283, 0.096, -0.028, 0.007
26.302, 0.096, -0.028, 0.007
26.323, 0.097, -0.026, 0.007
26.343, 0.097, -0.026, 0.007
26.363, 0.097, -0.026, 0.007
26.383, 0.097, -0.026, 0.007
26.402, 0.097, -0.024, 0.008
26.423, 0.097, -0.024, 0.008
26.443, 0.097, -0.024, 0.008
26.463, 0.097, -0.023, 0.008
26.483, 0.097, -0.023, 0.008
26.502, 0.097, -0.023, 0.008
26.523, 0.098, -0.021, 0.008
26.543, 0.098, -0.021, 0.008
26.563, 0.098, -0.021, 0.008
26.584, 0.098, -0.021, 0.008
26.602, 0.098, -0.019, 0.008
26.623, 0.098, -0.019, 0.007
26.643, 0.098, -0.019, 0.007
26.664, -0.008, -0.008, 0.007
26.684, -0.011, -0.007, 0.007
26.703, -0.015, -0.005, 0.006
26.723, -0.016, -0.005, 0.006
26.743, -0.019, -0.004, 0.005
26.762, -0.020, -0.003, 0.005
26.783, -0.023, -0.002, 0.005
26.803, -0.028, -0.002, 0.004
26.823, -0.030, -0.001, 0.004
26.843, -0.034, -0.000, 0.003
26.863, -0.035, 0.000, 0.003
26.882, -0.037, 0.001, 0.003
26.903, -0.041, 0.001, 0.003
26.923, -0.043, 0.002, 0.003
26.943, -0.046, 0.003, 0.002
26.963, -0.047, 0.003, 0.002
26.983, -0.049, 0.003, 0.002
27.003, -0.051, 0.003, 0.002
27.023, -0.053, 0.004, 0.002
27.043, -0.054, 0.004, 0.002
27.063, -0.056, 0.004, 0.002
27.083, -0.057, 0.004, 0.002
27.103, -0.058, 0.004, 0.002
27.123, -0.059, 0.004, 0.002
27.143, -0.059, 0.004, 0.002
27.163, -0.060, 0.004, 0.002
27.183, -0.060, 0.004, 0.003
27.204, -0.060, 0.004, 0.003
27.223, -0.060, 0.004, 0.003
27.243, -0.059, 0.004, 0.003
27.263, -0.059, 0.005, 0.003
27.283, -0.058, 0.005, 0.003
27.304, -0.058, 0.006, 0.003
27.323, -0.057, 0.006, 0.003
27.343, -0.056, 0.007, 0.003
27.363, -0.055, 0.007, 0.003
27.383, -0.054, 0.008, 0.003
27.403, -0.052, 0.009, 0.003
27.423, -0.051, 0.009, 0.003
27.443, -0.050, 0.010, 0.003
27.463, -0.049, 0.011, 0.003
27.483, -0.048, 0.011, 0.003
27.503, -0.046, 0.012, 0.003
27.523, -0.044, 0.013, 0.003
27.543, -0.043, 0.014, 0.003
27.563, -0.042, 0.015, 0.003
27.583, -0.041, 0.015, 0.003
27.603, -0.039, 0.017, 0.003
27.623, -0.037, 0.018, 0.003
27.643, -0.036, 0.019, 0.003
27.663, -0.035, 0.019, 0.003
27.683, -0.034, 0.020, 0.003
27.703, -0.032, 0.021, 0.003
27.723, -0.031, 0.022, 0.003
27.743, -0.030, 0.023, 0.003
27.763, -0.030, 0.023, 0.003
27.782, -0.028, 0.024, 0.002
27.803, -0.027, 0.025, 0.003
27.823, -0.026, 0.026, 0.002
27.843, -0.025, 0.027, 0.002
27.863, -0.024, 0.028, 0.002
27.882, -0.023, 0.028, 0.002
27.903, -0.022, 0.030, 0.002
27.923, -0.021, 0.030, 0.002
27.943, -0.020, 0.031, 0.002
27.963, -0.019, 0.032, 0.001
27.982, -0.019, 0.032, 0.001
28.003, -0.018, 0.033, 0.001
28.023, -0.016, 0.033, 0.001
28.043, -0.016, 0.033, 0.001
28.063, -0.016, 0.034, 0.001
28.083, -0.014, 0.034, 0.001
28.103, -0.014, 0.034, 0.001
28.123, -0.013, 0.034, 0.001
28.143, -0.013, 0.035, 0.001
28.163, -0.013, 0.035, 0.001
28.184, -0.012, 0.035, 0.001
28.203, -0.012, 0.035, 0.001
28.223, -0.012, 0.035, 0.001
28.243, -0.011, 0.035, 0.001
28.262, -0.012, 0.035, 0.001
28.283, -0.011, 0.035, 0.001
28.303, -0.011, 0.034, 0.002
28.323, -0.012, 0.034, 0.002
28.343, -0.012, 0.034, 0.002
28.362, -0.012, 0.034, 0.002
28.383, -0.012, 0.034, 0.002
28.403, -0.012, 0.034, 0.002
28.423, -0.012, 0.034, 0.003
28.443, -0.013, 0.034, 0.003
28.463, -0.013, 0.034, 0.003
28.483, -0.013, 0.034, 0.003
28.503, -0.013, 0.034, 0.003
28.523, -0.013, 0.034, 0.003
28.543, -0.014, 0.034, 0.003
28.563, -0.014, 0.034, 0.003
28.582, -0.014, 0.035, 0.003
28.603, -0.015, 0.035, 0.003
28.623, -0.015, 0.035, 0.003
28.643, -0.015, 0.035, 0.002
28.663, -0.015, 0.035, 0.002
28.684, -0.016, 0.036, 0.002
28.703, -0.016, 0.037, 0.002
28.723, -0.016, 0.037, 0.002
28.743, -0.017, 0.038, 0.002
28.763, -0.017, 0.038, 0.002
28.783, -0.017, 0.039, 0.001
28.802, -0.018, 0.039, 0.001
28.823, -0.018, 0.041, 0.001
28.843, -0.018, 0.041, 0.001
28.863, -0.018, 0.042, 0.000
28.883, -0.019, 0.042, 0.000
28.903, -0.019, 0.044, -0.001
28.923, -0.019, 0.045, -0.001
28.942, -0.019, 0.045, -0.001
28.963, -0.019, 0.045, -0.001
28.983, -0.020, 0.046, -0.002
29.003, -0.020, 0.047, -0.002
29.022, -0.020, 0.047, -0.003
29.043, -0.020, 0.048, -0.003
29.063, -0.020, 0.048, -0.003
29.083, -0.020, 0.048, -0.003
29.103, -0.021, 0.048, -0.004
29.123, -0.021, 0.049, -0.004
29.143, -0.021, 0.049, -0.005
29.163, -0.021, 0.049, -0.005
29.183, -0.021, 0.049, -0.005
29.203, -0.020, 0.048, -0.005
29.223, -0.020, 0.048, -0.006
29.243, -0.020, 0.047, -0.006
29.263, -0.020, 0.047, -0.006
29.282, -0.020, 0.046, -0.006
29.303, -0.020, 0.045, -0.006
29.323, -0.020, 0.044, -0.006
29.343, -0.019, 0.043, -0.007
29.363, -0.019, 0.043, -0.006
29.383, -0.019, 0.042, -0.006
29.403, -0.018, 0.040, -0.007
29.423, -0.018, 0.039, -0.006
29.443, -0.018, 0.038, -0.006
29.463, -0.018, 0.037, -0.006
29.483, -0.017, 0.035, -0.006
29.503, -0.017, 0.033, -0.006
29.523, -0.016, 0.032, -0.006
29.543, -0.016, 0.031, -0.006
29.563, -0.016, 0.030, -0.006
29.583, -0.015, 0.029, -0.006
29.603, -0.015, 0.026, -0.006
29.623, -0.014, 0.025, -0.006
29.642, -0.014, 0.024, -0.006
29.663, -0.014, 0.023, -0.006
29.683, -0.014, 0.021, -0.006
29.703, -0.014, 0.019, -0.006
29.723, -0.014, 0.018, -0.006
29.743, -0.013, 0.017, -0.006
29.763, -0.013, 0.015, -0.006
29.783, -0.013, 0.014, -0.006
29.803, -0.013, 0.012, -0.006
29.823, -0.013, 0.011, -0.006
29.843, -0.013, 0.009, -0.006
29.863, -0.013, 0.009, -0.006
29.883, -0.013, 0.008, -0.006
29.903, -0.014, 0.006, -0.006
29.922, -0.014, 0.005, -0.006
29.942, -0.014, 0.004, -0.006
29.963, -0.014, 0.004, -0.006
29.983, -0.015, 0.003, -0.006
30.003, -0.015, 0.002, -0.006
30.022, -0.016, 0.001, -0.006
30.043, -0.016, 0.001, -0.006
30.063, -0.016, 0.001, -0.006
30.083, -0.017, 0.001, -0.006
30.103, -0.018, 0.000, -0.006
30.123, -0.018, 0.000, -0.006
30.143, -0.019, 0.000, -0.006
30.163, -0.019, 0.001, -0.006
30.183, -0.020, 0.001, -0.006
30.203, -0.021, 0.001, -0.006
30.222, -0.021, 0.002, -0.006
30.243, -0.022, 0.003, -0.006
30.263, -0.022, 0.003, -0.006
30.283, -0.023, 0.004, -0.006
30.304, -0.024, 0.005, -0.006
30.323, -0.024, 0.006, -0.006
30.343, -0.025, 0.008, -0.006
30.362, -0.025, 0.008, -0.006
30.383, -0.026, 0.009, -0.006
30.404, -0.026, 0.012, -0.006
30.423, -0.027, 0.012, -0.006
30.443, -0.027, 0.013, -0.006
30.463, -0.027, 0.014, -0.007
30.482, -0.028, 0.015, -0.007
30.503, -0.028, 0.017, -0.007
30.523, -0.028, 0.018, -0.007
30.542, -0.028, 0.019, -0.007
30.563, -0.028, 0.019, -0.007
30.583, -0.028, 0.020, -0.007
30.603, -0.028, 0.022, -0.007
30.622, -0.028, 0.023, -0.007
30.643, -0.028, 0.023, -0.007
30.663, -0.028, 0.024, -0.007
30.683, -0.028, 0.024, -0.007
30.703, -0.028, 0.025, -0.006
30.722, -0.027, 0.025, -0.006
30.742, -0.027, 0.025, -0.006
30.763, -0.027, 0.025, -0.006
30.783, -0.027, 0.026, -0.006
30.803, -0.026, 0.026, -0.005
30.823, -0.026, 0.026, -0.005
30.843, -0.025, 0.026, -0.005
30.863, -0.025, 0.026, -0.005
30.883, -0.024, 0.025, -0.004
30.904, -0.024, 0.025, -0.004
30.922, -0.023, 0.025, -0.004
30.943, -0.022, 0.025, -0.003
30.963, -0.022, 0.024, -0.003
30.983, -0.021, 0.024, -0.003
31.003, -0.020, 0.023, -0.002
31.023, -0.019, 0.022, -0.002
31.043, -0.018, 0.022, -0.001
31.063, -0.018, 0.021, -0.001
31.083, -0.017, 0.021, -0.000
31.103, -0.016, 0.020, -0.000
31.123, -0.015, 0.019, 0.000
31.142, -0.014, 0.018, 0.001
31.162, -0.014, 0.018, 0.001
31.183, -0.013, 0.017, 0.001
31.204, -0.011, 0.016, 0.001
31.223, -0.011, 0.015, 0.001
31.243, -0.010, 0.014, 0.001
31.263, -0.009, 0.013, 0.002
31.283, -0.009, 0.013, 0.002
31.303, -0.008, 0.011, 0.002
31.323, -0.007, 0.010, 0.002
31.343, -0.006, 0.009, 0.002
31.363, -0.006, 0.009, 0.002
31.383, -0.005, 0.008, 0.002
31.403, -0.004, 0.007, 0.002
31.423, -0.004, 0.006, 0.002
31.443, -0.003, 0.006, 0.002
31.463, -0.003, 0.005, 0.002
31.483, -0.002, 0.005, 0.001
31.503, -0.002, 0.004, 0.001
31.523, -0.002, 0.004, 0.001
31.543, -0.001, 0.003, 0.001
31.563, -0.001, 0.003, 0.001
31.583, -0.001, 0.003, 0.001
31.602, -0.001, 0.002, 0.000
31.623, -0.000, 0.002, 0.000
31.643, -0.000, 0.002, -0.000
31.663, -0.000, 0.002, -0.000
31.683, -0.000, 0.002, -0.000
31.703, -0.000, 0.002, -0.001
31.722, -0.000, 0.002, -0.001
31.743, -0.001, 0.002, -0.001
31.763, -0.001, 0.002, -0.001
31.783, -0.001, 0.003, -0.002
31.803, -0.001, 0.003, -0.002
31.823, -0.001, 0.003, -0.002
31.842, -0.002, 0.004, -0.002
31.863, -0.002, 0.004, -0.002
31.883, -0.002, 0.004, -0.003
31.903, -0.003, 0.005, -0.003
31.923, -0.003, 0.005, -0.003
31.943, -0.004, 0.006, -0.003
31.963, -0.004, 0.006, -0.003
31.983, -0.004, 0.006, -0.003
32.003, -0.005, 0.006, -0.004
32.023, -0.006, 0.007, -0.004
32.043, -0.006, 0.007, -0.004
32.062, -0.007, 0.007, -0.004
32.083, -0.007, 0.008, -0.004
32.103, -0.008, 0.008, -0.004
32.123, -0.009, 0.009, -0.004
32.143, -0.010, 0.009, -0.004
32.163, -0.010, 0.009, -0.004
32.183, -0.010, 0.009, -0.005
32.203, -0.011, 0.010, -0.005
32.223, -0.012, 0.010, -0.005
32.243, -0.013, 0.011, -0.005
32.263, -0.013, 0.011, -0.005
32.283, -0.014, 0.012, -0.005
32.302, -0.014, 0.012, -0.005
32.323, -0.015, 0.012, -0.004
32.343, -0.016, 0.012, -0.004
32.363, -0.016, 0.013, -0.004
32.383, -0.017, 0.013, -0.004
32.403, -0.018, 0.013, -0.004
32.422, -0.018, 0.013, -0.004
32.443, -0.019, 0.014, -0.004
32.463, -0.019, 0.014, -0.004
32.483, -0.019, 0.014, -0.004
32.503, -0.020, 0.015, -0.004
32.523, -0.020, 0.015, -0.004
32.542, -0.020, 0.015, -0.004
32.563, -0.020, 0.015, -0.004
32.583, -0.021, 0.016, -0.003
32.603, -0.021, 0.016, -0.003
32.623, -0.021, 0.016, -0.003
32.643, -0.021, 0.016, -0.003
32.662, -0.020, 0.017, -0.003
32.683, -0.020, 0.016, -0.003
32.703, -0.020, 0.018, -0.003
32.723, -0.020, 0.017, -0.003
32.743, -0.019, 0.018, -0.003
32.763, -0.019, 0.018, -0.003
32.783, -0.019, 0.018, -0.003
32.802, -0.017, 0.018, -0.002
32.823, -0.017, 0.019, -0.002
32.843, -0.016, 0.019, -0.002
32.863, -0.016, 0.019, -0.002
32.883, -0.015, 0.019, -0.002
32.903, -0.014, 0.019, -0.002
32.922, -0.013, 0.020, -0.002
32.943, -0.012, 0.020, -0.002
32.963, -0.011, 0.020, -0.001
32.983, -0.011, 0.021, -0.001
33.002, -0.009, 0.021, -0.001
33.023, -0.008, 0.021, -0.001
33.043, -0.007, 0.021, -0.001
33.063, -0.007, 0.021, -0.001
33.083, -0.006, 0.021, -0.000
33.103, -0.005, 0.022, 0.000
33.123, -0.004, 0.022, -0.000
33.143, -0.003, 0.022, 0.000
33.163, -0.003, 0.022, 0.000
33.183, -0.002, 0.022, 0.001
33.203, -0.001, 0.022, 0.001
33.223, -0.001, 0.021, 0.001
33.243, -0.000, 0.022, 0.001
33.263, 0.000, 0.022, 0.001
33.283, 0.001, 0.022, 0.001
33.303, 0.001, 0.021, 0.002
33.323, 0.002, 0.021, 0.002
33.343, 0.002, 0.021, 0.002
33.363, 0.002, 0.021, 0.001
33.383, 0.002, 0.021, 0.002
33.402, 0.002, 0.020, 0.002
33.423, 0.002, 0.020, 0.001
33.443, 0.002, 0.020, 0.001
33.463, 0.002, 0.020, 0.001
33.483, 0.002, 0.020, 0.001
33.503, 0.002, 0.020, 0.001
33.523, 0.002, 0.019, 0.001
33.543, 0.002, 0.019, 0.001
33.563, 0.002, 0.019, 0.001
33.583, 0.002, 0.019, 0.001
33.603, 0.001, 0.019, 0.000
33.623, 0.001, 0.019, 0.000
33.643, 0.001, 0.019, -0.000
33.663, 0.000, 0.018, -0.000
33.683, 0.000, 0.018, -0.000
33.703, -0.001, 0.018, -0.001
33.723, -0.001, 0.018, -0.001
33.742, -0.001, 0.017, -0.001
33.763, -0.002, 0.018, -0.001
33.783, -0.002, 0.018, -0.001
33.803, -0.002, 0.017, -0.002
33.823, -0.003, 0.018, -0.002
33.843, -0.003, 0.018, -0.002
33.863, -0.003, 0.018, -0.002
33.883, -0.004, 0.019, -0.002
33.903, -0.004, 0.018, -0.003
33.923, -0.005, 0.018, -0.003
33.943, -0.005, 0.019, -0.003
33.963, -0.005, 0.018, -0.003
33.983, -0.005, 0.018, -0.003
34.003, -0.006, 0.018, -0.004
34.023, -0.006, 0.018, -0.004
34.042, -0.006, 0.018, -0.004
34.063, -0.006, 0.019, -0.004
34.083, -0.006, 0.019, -0.004
34.103, -0.006, 0.019, -0.005
34.123, -0.006, 0.018, -0.005
34.143, -0.006, 0.019, -0.005
34.163, -0.006, 0.019, -0.005
34.183, -0.006, 0.019, -0.005
34.203, -0.006, 0.019, -0.006
34.223, -0.006, 0.020, -0.006
34.243, -0.006, 0.019, -0.006
34.263, -0.006, 0.020, -0.006
34.283, -0.006, 0.020, -0.006
34.303, -0.005, 0.019, -0.006
34.324, -0.005, 0.019, -0.006
34.343, -0.005, 0.019, -0.007
34.363, -0.005, 0.019, -0.007
34.383, -0.004, 0.021, -0.007
34.403, -0.003, 0.019, -0.007
34.423, -0.003, 0.020, -0.007
34.443, -0.002, 0.019, -0.007
34.463, -0.002, 0.019, -0.007
34.483, -0.001, 0.019, -0.007
34.503, 0.000, 0.018, -0.007
34.523, 0.001, 0.019, -0.007
34.542, 0.002, 0.018, -0.008
34.562, 0.003, 0.017, -0.008
34.583, 0.004, 0.016, -0.008
34.603, 0.006, 0.015, -0.008
34.623, 0.007, 0.014, -0.009
34.643, 0.009, 0.013, -0.009
34.663, 0.009, 0.013, -0.009
34.683, 0.011, 0.012, -0.010
34.703, 0.013, 0.009, -0.010
34.723, 0.014, 0.008, -0.010
34.743, 0.015, 0.006, -0.011
34.763, 0.016, 0.005, -0.011
34.783, 0.017, 0.004, -0.011
34.803, 0.019, 0.001, -0.011
34.823, 0.020, -0.001, -0.012
34.843, 0.021, -0.003, -0.012
34.863, 0.021, -0.003, -0.012
34.883, 0.022, -0.005, -0.012
34.903, 0.023, -0.007, -0.013
34.923, 0.023, -0.009, -0.013
34.943, 0.024, -0.010, -0.013
34.962, 0.024, -0.012, -0.014
34.983, 0.024, -0.013, -0.014
35.003, 0.025, -0.015, -0.014
35.023, 0.025, -0.016, -0.015
35.043, 0.025, -0.018, -0.015
35.063, 0.025, -0.019, -0.015
35.083, 0.026, -0.020, -0.016
35.103, 0.026, -0.021, -0.017
35.123, 0.026, -0.022, -0.017
35.143, 0.026, -0.023, -0.018
35.163, 0.026, -0.024, -0.018
35.183, 0.026, -0.024, -0.018
35.202, 0.027, -0.025, -0.019
35.222, 0.027, -0.026, -0.020
35.243, 0.027, -0.026, -0.020
35.263, 0.027, -0.026, -0.021
35.283, 0.027, -0.026, -0.021
35.303, 0.027, -0.026, -0.022
35.323, 0.027, -0.026, -0.022
35.343, 0.027, -0.026, -0.023
35.363, 0.027, -0.026, -0.023
35.383, 0.027, -0.026, -0.023
35.403, 0.026, -0.025, -0.024
35.422, 0.026, -0.024, -0.024
35.443, 0.026, -0.024, -0.024
35.463, 0.026, -0.023, -0.024
35.483, 0.025, -0.022, -0.025
35.504, 0.025, -0.021, -0.025
35.522, 0.024, -0.020, -0.025
35.543, 0.024, -0.020, -0.025
35.563, 0.024, -0.019, -0.026
35.583, 0.023, -0.018, -0.026
35.602, 0.023, -0.016, -0.026
35.622, 0.022, -0.015, -0.026
35.643, 0.022, -0.014, -0.026
35.663, 0.022, -0.013, -0.026
35.683, 0.021, -0.012, -0.026
35.703, 0.020, -0.010, -0.027
35.722, 0.020, -0.009, -0.026
35.742, 0.019, -0.008, -0.026
35.763, 0.019, -0.007, -0.026
35.783, 0.019, -0.006, -0.026
35.803, 0.018, -0.004, -0.026
35.823, 0.017, -0.003, -0.026
35.843, 0.017, -0.002, -0.026
35.863, 0.016, -0.002, -0.026
35.882, 0.016, -0.001, -0.026
35.903, 0.015, 0.001, -0.025
35.923, 0.014, 0.002, -0.025
35.943, 0.014, 0.003, -0.025
35.963, 0.013, 0.004, -0.024
35.982, 0.013, 0.005, -0.024
36.003, 0.011, 0.006, -0.023
36.023, 0.011, 0.007, -0.023
36.043, 0.010, 0.007, -0.023
36.063, 0.010, 0.007, -0.023
36.082, 0.009, 0.008, -0.022
36.103, 0.009, 0.009, -0.021
36.123, 0.008, 0.008, -0.021
36.143, 0.007, 0.009, -0.020
36.163, 0.007, 0.009, -0.020
36.182, 0.007, 0.010, -0.020
36.202, 0.006, 0.009, -0.019
36.223, 0.006, 0.009, -0.018
36.243, -0.001, 0.005, -0.180
36.263, -0.001, 0.005, -0.179
36.283, -0.001, 0.005, -0.179
36.303, -0.001, 0.005, -0.178
36.323, -0.001, 0.005, -0.178
36.343, -0.001, 0.005, -0.177
36.363, -0.001, 0.005, -0.177
36.383, -0.001, 0.005, -0.177
36.403, -0.001, 0.005, -0.176
36.422, -0.001, 0.005, -0.175
36.443, -0.001, 0.005, -0.174
36.463, -0.001, 0.005, -0.174
36.483, -0.001, 0.005, -0.173
36.502, -0.001, 0.005, -0.172
36.523, -0.001, 0.005, -0.170
36.543, -0.001, 0.005, -0.169
36.563, -0.001, 0.005, -0.168
36.583, -0.001, 0.005, -0.167
36.603, -0.001, 0.005, -0.165
36.622, -0.001, 0.005, -0.164
36.642, -0.001, 0.005, -0.162
36.663, -0.001, 0.005, -0.161
36.683, -0.001, 0.005, -0.160
36.703, -0.001, 0.005, -0.157
36.723, -0.001, 0.005, -0.155
36.742, -0.001, 0.005, -0.152
36.762, -0.001, 0.005, -0.152
36.783, -0.001, 0.005, -0.150
36.803, -0.001, 0.005, -0.147
36.823, -0.001, 0.005, -0.144
36.843, -0.001, 0.005, -0.142
36.864, -0.001, 0.005, -0.141
36.883, -0.001, 0.005, -0.140
36.903, -0.001, 0.005, -0.136
36.923, -0.001, 0.005, -0.134
36.943, -0.001, 0.005, -0.132
36.963, -0.001, 0.005, -0.131
36.984, -0.001, 0.005, -0.129
37.003, -0.001, 0.005, -0.125
37.023, -0.001, 0.005, -0.123
37.043, -0.001, 0.005, -0.120
37.063, -0.001, 0.005, -0.119
37.083, -0.001, 0.005, -0.117
37.103, -0.001, 0.005, -0.115
37.123, -0.001, 0.005, -0.111
37.143, -0.001, 0.005, -0.110
37.163, -0.001, 0.005, -0.109
37.183, -0.001, 0.005, -0.107
37.202, -0.001, 0.005, -0.105
37.223, -0.001, 0.005, -0.103
37.243, -0.001, 0.005, -0.102
37.263, -0.001, 0.005, -0.101
37.283, -0.001, 0.005, -0.100
37.302, -0.001, 0.005, -0.097
37.323, -0.001, 0.005, -0.096
37.343, -0.001, 0.005, -0.094
37.363, -0.001, 0.005, -0.094
37.383, -0.001, 0.005, -0.093
37.402, -0.001, 0.005, -0.091
37.423, -0.001, 0.005, -0.090
37.443, -0.001, 0.005, -0.088
37.463, -0.001, 0.005, -0.087
37.483, -0.001, 0.005, -0.086
37.503, -0.001, 0.005, -0.084
37.522, -0.001, 0.005, -0.083
37.543, -0.001, 0.005, -0.081
37.563, -0.001, 0.005, -0.081
37.583, -0.001, 0.005, -0.080
37.603, -0.001, 0.005, -0.077
37.623, -0.001, 0.005, -0.076
37.642, -0.001, 0.005, -0.075
37.663, -0.001, 0.005, -0.074
37.683, -0.001, 0.005, -0.073
37.703, -0.001, 0.005, -0.071
37.723, -0.001, 0.005, -0.070
37.743, -0.001, 0.005, -0.069
37.763, -0.001, 0.005, -0.068
37.783, -0.001, 0.005, -0.067
37.803, -0.001, 0.005, -0.066
37.823, -0.001, 0.005, -0.065
37.842, -0.001, 0.005, -0.064
37.863, -0.001, 0.005, -0.064
37.883, -0.001, 0.005, -0.063
37.903, -0.001, 0.005, -0.062
37.923, -0.001, 0.005, -0.061
37.943, -0.001, 0.005, -0.060
37.962, -0.001, 0.005, -0.060
37.983, -0.001, 0.005, -0.058
38.003, -0.001, 0.005, -0.057
38.023, -0.001, 0.005, -0.057
38.043, -0.001, 0.005, -0.056
38.063, -0.001, 0.005, -0.056
38.083, -0.001, 0.005, -0.055
38.103, -0.001, 0.005, -0.054
38.123, -0.001, 0.005, -0.053
38.143, -0.001, 0.005, -0.052
38.162, -0.001, 0.005, -0.052
38.183, -0.001, 0.005, -0.051
38.203, -0.001, 0.005, -0.050
38.223, -0.001, 0.005, -0.049
38.243, -0.001, 0.005, -0.049
38.263, -0.001, 0.005, -0.048
38.282, -0.001, 0.005, -0.048
38.303, -0.001, 0.005, -0.047
38.323, -0.001, 0.005, -0.046
38.343, -0.001, 0.005, -0.046
38.363, -0.001, 0.005, -0.045
38.383, -0.001, 0.005, -0.045
38.403, -0.001, 0.005, -0.045
38.423, -0.001, 0.005, -0.044
38.443, -0.001, 0.005, -0.044
38.463, -0.001, 0.005, -0.044
38.483, -0.001, 0.005, -0.044
38.502, -0.001, 0.005, -0.043
38.523, -0.001, 0.005, -0.043
38.543, -0.001, 0.005, -0.042
38.563, -0.001, 0.005, -0.042
38.583, -0.001, 0.005, -0.042
38.603, -0.001, 0.005, -0.041
38.623, -0.001, 0.005, -0.041
38.643, -0.001, 0.005, -0.040
38.663, -0.001, 0.005, -0.040
38.683, -0.001, 0.005, -0.039
38.704, -0.001, 0.005, -0.039
38.723, -0.001, 0.005, -0.038
38.743, -0.001, 0.005, -0.038
38.762, -0.001, 0.005, -0.037
38.783, -0.001, 0.005, -0.037
38.803, -0.001, 0.005, -0.036
38.823, -0.001, 0.005, -0.035
38.843, -0.001, 0.005, -0.035
38.863, -0.001, 0.005, -0.034
38.883, -0.001, 0.005, -0.033
38.902, -0.001, 0.005, -0.032
38.923, -0.001, 0.005, -0.031
38.943, -0.001, 0.005, -0.030
38.963, -0.001, 0.005, -0.030
38.983, -0.001, 0.005, -0.029
39.002, -0.001, 0.005, -0.028
39.023, -0.001, 0.005, -0.027
39.043, -0.001, 0.005, -0.026
39.063, -0.001, 0.005, -0.026
39.083, -0.001, 0.005, -0.025
39.103, -0.001, 0.005, -0.024
