0.072, 0.000, 0.000, 0.000
0.082, 0.000, 0.000, 0.000
0.099, 0.000, 0.000, 0.000
0.116, 0.000, 0.000, 0.000
0.132, 0.000, 0.000, 0.000
0.149, 0.000, 0.000, 0.000
0.166, 0.000, 0.000, 0.000
0.182, 0.000, 0.000, 0.000
0.199, 0.000, 0.000, 0.000
0.216, 0.000, 0.000, 0.000
0.232, 0.000, 0.000, 0.000
0.249, 0.000, 0.000, 0.000
0.266, 0.000, 0.000, 0.000
0.282, 0.000, 0.000, 0.000
0.299, 0.000, 0.000, 0.000
0.315, 0.000, 0.000, 0.000
0.332, 0.000, 0.000, 0.000
0.349, 0.000, 0.000, 0.000
0.366, 0.000, 0.000, 0.000
0.382, 0.000, 0.000, 0.000
0.399, 0.000, 0.000, 0.000
0.416, 0.000, 0.000, 0.000
0.432, 0.000, 0.000, 0.000
0.449, 0.000, 0.000, 0.000
0.466, 0.001, 0.001, 0.002
0.482, 0.000, 0.001, 0.001
0.499, 0.001, 0.001, 0.001
0.516, -0.000, -0.001, -0.001
0.532, 0.000, 0.000, 0.000
0.549, -0.000, -0.000, -0.000
0.566, 0.005, 0.002, 0.003
0.582, 0.002, 0.000, 0.002
0.599, 0.002, 0.001, 0.001
0.616, -0.002, -0.001, -0.002
0.633, -0.000, 0.000, -0.001
0.649, -0.000, -0.000, -0.000
0.666, 0.000, 0.000, 0.000
0.682, 0.003, 0.001, 0.002
0.699, 0.000, -0.000, 0.000
0.716, 0.000, -0.000, 0.000
0.732, -0.002, -0.001, -0.002
0.749, 0.002, 0.001, 0.002
0.766, -0.002, -0.001, -0.002
0.783, -0.002, -0.001, -0.002
0.799, -0.004, -0.002, -0.003
0.816, -0.000, 0.000, -0.000
0.832, -0.000, -0.000, 0.000
0.849, 0.002, 0.001, 0.001
0.866, -0.003, -0.001, -0.002
0.882, -0.003, -0.000, -0.002
0.899, -0.005, -0.001, -0.004
0.916, 0.000, -0.001, 0.001
0.933, 0.002, -0.001, 0.000
0.949, 0.000, -0.001, 0.001
0.966, 0.000, -0.000, 0.000
0.982, 0.000, -0.000, 0.001
0.999, 0.000, 0.000, -0.001
1.016, 0.000, -0.000, 0.000
1.033, 0.000, -0.000, 0.000
1.049, -0.000, -0.000, 0.001
1.066, 0.000, 0.000, -0.000
1.082, -0.001, 0.000, -0.000
1.099, -0.000, 0.000, -0.001
1.116, 0.003, -0.001, -0.002
1.132, 0.002, -0.001, -0.000
1.149, 0.003, -0.000, -0.001
1.166, -0.006, -0.002, -0.002
1.182, -0.002, -0.000, -0.001
1.199, -0.001, -0.001, 0.001
1.216, -0.001, -0.000, 0.000
1.232, -0.003, -0.002, -0.003
1.249, -0.002, -0.001, -0.002
1.266, -0.002, -0.001, -0.002
1.282, -0.002, -0.001, -0.001
1.299, -0.005, -0.001, -0.004
1.316, -0.000, -0.000, 0.000
1.332, -0.000, -0.000, 0.001
1.349, 0.000, -0.000, 0.001
1.366, -0.000, -0.000, -0.000
1.382, 0.000, 0.000, -0.001
1.399, -0.000, 0.000, -0.000
1.416, -0.000, 0.000, -0.001
1.432, -0.000, -0.000, 0.000
1.449, 0.000, 0.000, -0.000
1.466, -0.000, 0.000, 0.000
1.482, 0.002, 0.001, 0.001
1.499, -0.000, 0.000, -0.000
1.516, -0.000, -0.000, -0.000
1.532, -0.002, -0.001, -0.002
1.549, -0.000, -0.000, 0.000
1.566, 0.005, 0.001, 0.004
1.582, 0.003, 0.000, 0.002
1.599, 0.003, 0.001, 0.002
1.616, 0.002, 0.001, 0.002
1.633, 0.002, 0.000, 0.002
1.649, 0.002, 0.001, 0.002
1.666, -0.002, -0.001, -0.002
1.682, 0.000, 0.000, -0.000
1.700, 0.000, -0.000, 0.000
1.716, 0.000, 0.001, -0.001
1.732, -0.000, 0.000, -0.000
1.749, -0.000, 0.001, -0.001
1.766, 0.000, -0.000, 0.001
1.782, 0.000, -0.000, 0.000
1.799, 0.000, 0.000, -0.000
1.816, 0.003, -0.001, 0.000
1.832, 0.001, -0.000, 0.000
1.849, 0.001, -0.001, 0.001
1.866, -0.002, 0.001, -0.000
1.883, 0.002, 0.001, 0.002
1.899, -0.000, -0.000, 0.000
1.916, -0.000, 0.000, -0.000
1.932, -0.003, -0.000, -0.003
1.949, -0.000, 0.001, -0.000
1.966, 0.005, 0.001, 0.004
1.982, 0.002, 0.001, 0.002
1.999, 0.005, 0.001, 0.004
2.016, -0.002, -0.002, -0.003
2.032, -0.001, -0.001, -0.001
2.049, -0.004, -0.001, -0.004
2.066, -0.001, 0.000, 0.000
2.082, -0.000, -0.000, -0.000
2.099, -0.000, -0.001, 0.000
2.116, 0.000, 0.000, 0.000
2.132, 0.000, -0.000, 0.001
2.149, 0.001, 0.000, 0.000
2.166, -0.000, -0.000, 0.000
2.183, -0.000, 0.000, -0.000
2.199, -0.000, -0.000, 0.001
2.216, 0.000, -0.000, -0.000
2.232, 0.000, -0.000, 0.000
2.249, -0.000, -0.000, -0.000
2.266, -0.000, 0.000, 0.000
2.283, -0.000, -0.000, 0.000
2.300, -0.000, 0.000, 0.000
2.316, -0.000, -0.000, -0.000
2.332, 0.003, 0.001, 0.002
2.349, 0.000, 0.000, 0.000
2.366, 0.005, 0.002, 0.003
2.383, 0.002, 0.001, 0.002
2.399, 0.005, -0.003, -0.003
2.416, -0.003, 0.002, 0.002
2.432, -0.004, 0.002, 0.002
2.449, -0.005, 0.006, 0.009
2.466, -0.001, 0.001, -0.001
2.482, -0.000, 0.001, -0.001
2.499, 0.002, 0.002, 0.001
2.516, 0.000, -0.002, -0.002
2.532, -0.001, -0.001, -0.002
2.549, -0.003, -0.002, -0.004
2.566, 0.000, -0.001, 0.001
2.582, 0.000, -0.001, 0.001
2.599, -0.001, -0.000, 0.000
2.616, -0.001, 0.001, -0.001
2.632, 0.000, 0.000, 0.000
2.649, 0.000, 0.000, -0.000
2.666, -0.000, -0.000, 0.000
2.683, -0.000, 0.000, -0.000
2.699, -0.000, -0.000, -0.000
2.716, -0.000, -0.000, 0.000
2.732, -0.000, -0.000, 0.000
2.750, -0.000, -0.000, 0.000
2.767, -0.000, 0.001, -0.001
2.782, -0.000, 0.000, -0.000
2.799, -0.000, 0.001, -0.001
2.816, 0.000, -0.001, 0.001
2.832, 0.000, -0.001, 0.000
2.849, 0.000, -0.001, 0.001
2.866, -0.000, 0.000, 0.001
2.882, 0.002, 0.001, 0.001
2.899, -0.001, -0.000, 0.000
2.916, -0.000, -0.000, -0.000
2.932, -0.002, -0.001, -0.001
2.949, 0.000, 0.000, -0.000
2.966, 0.000, 0.000, -0.000
2.982, -0.000, 0.000, -0.000
2.999, 0.000, -0.000, -0.000
3.016, 0.000, 0.001, -0.000
3.032, 0.000, 0.001, -0.000
3.049, 0.000, 0.001, -0.000
3.066, 0.000, -0.000, 0.001
3.082, 0.001, -0.000, 0.000
3.099, 0.000, 0.000, 0.000
3.116, -0.000, 0.001, -0.001
3.133, 0.001, 0.001, 0.001
3.150, -0.000, 0.000, -0.001
3.166, 0.000, -0.000, 0.000
3.183, -0.002, -0.000, -0.002
3.199, 0.003, 0.001, 0.002
3.216, 0.014, -0.007, 0.007
3.233, 0.006, -0.005, 0.003
3.249, 0.012, -0.008, 0.005
3.266, -0.000, 0.000, -0.000
3.282, 0.001, 0.001, 0.001
3.299, 0.000, -0.000, 0.000
3.316, -0.015, 0.006, -0.008
3.332, -0.008, 0.002, -0.005
3.349, -0.014, 0.006, -0.008
3.366, -0.001, -0.000, -0.000
3.382, -0.001, 0.000, -0.001
3.399, 0.001, 0.001, 0.002
3.416, -0.001, 0.002, 0.000
3.433, -0.002, 0.000, -0.001
3.449, -0.005, 0.000, -0.003
3.466, -0.001, -0.002, -0.001
3.483, 0.001, -0.001, 0.001
3.499, 0.001, 0.001, 0.001
3.516, -0.000, -0.001, -0.001
3.532, -0.000, -0.001, -0.001
3.549, -0.001, -0.002, -0.002
3.566, -0.000, -0.000, 0.000
3.583, 0.001, 0.001, 0.002
3.599, -0.000, -0.000, 0.000
3.616, 0.000, 0.000, -0.000
3.632, -0.000, 0.000, -0.000
3.649, -0.000, 0.000, 0.000
3.666, 0.006, 0.001, 0.005
3.683, 0.003, 0.001, 0.003
3.699, 0.003, 0.000, 0.002
3.716, -0.003, -0.000, -0.002
3.732, -0.003, -0.001, -0.002
3.749, 0.002, 0.001, 0.002
3.766, -0.003, -0.000, -0.003
3.783, -0.003, -0.001, -0.002
3.799, 0.002, -0.004, -0.000
3.816, -0.009, 0.003, -0.004
3.834, -0.009, 0.003, -0.005
3.849, -0.016, 0.006, -0.008
3.866, -0.000, 0.000, -0.000
3.882, 0.002, 0.000, 0.002
3.899, -0.000, -0.000, 0.000
3.916, 0.000, -0.000, 0.000
3.933, -0.001, -0.001, -0.002
3.949, 0.000, -0.000, -0.000
3.966, -0.000, 0.001, -0.001
3.983, -0.001, 0.001, -0.001
3.999, 0.000, 0.000, -0.000
4.016, -0.000, -0.000, 0.000
4.032, -0.000, 0.000, -0.000
4.049, -0.001, 0.000, -0.000
4.066, 0.000, 0.001, 0.000
4.082, 0.000, 0.000, -0.000
4.099, 0.000, 0.000, 0.000
4.116, -0.000, -0.000, -0.000
4.132, -0.000, 0.000, -0.000
4.149, -0.000, 0.000, -0.001
4.166, -0.000, 0.001, -0.001
4.182, -0.000, 0.001, -0.000
4.199, 0.008, -0.002, 0.003
4.216, -0.007, 0.002, -0.004
4.232, -0.008, 0.003, -0.005
4.249, -0.014, 0.005, -0.008
4.266, -0.002, 0.001, -0.001
4.282, -0.001, 0.000, -0.000
4.299, -0.002, 0.001, -0.000
4.316, 0.001, 0.002, 0.002
4.332, 0.001, 0.001, 0.001
4.349, 0.001, 0.001, 0.001
4.366, -0.000, -0.000, -0.002
4.382, 0.001, 0.000, -0.000
4.399, -0.000, 0.001, -0.001
4.416, 0.000, 0.000, -0.000
4.432, 0.000, -0.000, -0.000
4.449, -0.000, -0.000, -0.000
4.466, 0.000, -0.000, 0.000
4.482, 0.001, 0.001, 0.001
4.499, 0.003, -0.003, -0.005
4.516, -0.003, 0.003, 0.004
4.533, -0.005, 0.002, 0.003
4.549, -0.006, 0.006, 0.009
4.566, 0.005, 0.000, 0.004
4.582, 0.003, 0.000, 0.002
4.599, 0.003, 0.000, 0.002
4.616, -0.000, -0.001, -0.002
4.633, 0.001, -0.001, 0.000
4.650, 0.001, -0.001, 0.000
4.666, 0.001, -0.000, -0.000
4.683, 0.001, -0.000, -0.000
4.699, 0.001, -0.000, -0.000
4.716, -0.001, -0.000, 0.000
4.732, -0.000, 0.000, 0.000
4.749, -0.000, 0.000, -0.000
4.766, 0.000, -0.000, 0.001
4.782, 0.003, -0.000, 0.003
4.799, -0.000, -0.001, 0.001
4.816, -0.000, 0.001, -0.001
4.833, -0.003, 0.000, -0.002
4.850, -0.000, 0.001, 0.000
4.866, 0.002, -0.001, 0.000
4.882, 0.001, 0.000, -0.000
4.899, 0.001, -0.000, -0.000
4.916, 0.001, 0.000, -0.001
4.933, 0.001, -0.000, -0.000
4.950, 0.003, 0.001, 0.001
4.966, -0.003, -0.000, -0.002
4.982, -0.001, 0.001, -0.001
4.999, -0.004, -0.002, -0.004
5.016, -0.001, -0.000, -0.000
5.032, -0.002, -0.001, -0.001
5.049, -0.002, 0.000, -0.000
5.066, -0.000, 0.001, -0.000
5.083, -0.000, 0.001, -0.000
5.099, -0.000, 0.001, -0.000
5.116, 0.000, 0.000, -0.000
5.132, -0.000, -0.000, -0.000
5.149, 0.000, -0.000, 0.000
5.166, -0.000, 0.000, 0.000
5.182, 0.000, 0.000, 0.000
5.199, -0.000, 0.000, -0.000
5.216, -0.000, -0.000, -0.000
5.233, 0.000, -0.000, 0.000
5.250, -0.000, 0.000, -0.000
5.267, 0.000, -0.000, 0.000
5.283, 0.001, -0.001, 0.001
5.299, 0.000, -0.001, 0.001
5.316, 0.000, -0.000, 0.001
5.333, -0.001, 0.000, 0.000
5.350, 0.001, -0.000, 0.000
5.367, 0.000, -0.000, 0.000
5.382, 0.000, -0.001, 0.000
5.399, 0.002, -0.000, 0.002
5.416, -0.000, -0.001, -0.002
5.433, -0.001, -0.000, -0.001
5.450, -0.002, -0.002, -0.004
5.466, -0.000, -0.000, -0.000
5.483, -0.001, -0.001, -0.001
5.499, -0.000, -0.000, -0.000
5.516, -0.002, 0.000, -0.000
5.533, -0.001, -0.000, 0.000
5.550, -0.003, 0.001, -0.000
5.566, 0.000, 0.000, 0.000
5.582, 0.001, -0.000, 0.000
5.599, 0.000, -0.000, 0.001
5.616, -0.000, -0.000, -0.000
5.632, -0.000, 0.000, -0.000
5.649, 0.000, 0.000, -0.001
5.666, -0.000, 0.000, 0.001
5.682, 0.002, 0.000, 0.003
5.699, 0.000, 0.000, 0.001
5.716, -0.000, -0.001, 0.000
5.732, -0.001, -0.002, -0.001
5.749, 0.000, -0.001, 0.001
5.766, -0.000, 0.000, -0.000
5.782, -0.001, 0.001, -0.001
5.799, 0.002, 0.000, 0.002
5.816, -0.003, -0.001, -0.002
5.832, -0.003, -0.000, -0.002
5.849, -0.005, -0.001, -0.004
5.866, 0.002, -0.001, -0.000
5.882, 0.001, -0.001, 0.000
5.899, 0.001, -0.000, -0.000
5.916, 0.004, 0.001, 0.004
5.932, 0.002, 0.001, 0.002
5.949, 0.003, 0.000, 0.002
5.966, -0.002, -0.001, -0.002
5.983, 0.003, 0.000, 0.002
5.999, 0.000, -0.000, 0.000
6.016, -0.000, 0.000, 0.000
6.033, -0.000, 0.000, 0.000
6.049, 0.000, 0.001, 0.001
6.066, -0.001, -0.002, -0.001
6.082, -0.003, -0.002, -0.003
6.099, -0.001, -0.002, -0.002
6.116, 0.005, 0.001, 0.003
6.133, 0.002, 0.001, 0.002
6.149, 0.002, 0.001, 0.001
6.166, -0.000, -0.001, -0.002
6.183, 0.001, -0.001, 0.000
6.199, 0.001, -0.001, 0.000
6.216, 0.001, -0.000, 0.000
6.232, 0.001, -0.000, -0.000
6.249, 0.001, -0.000, 0.000
6.266, -0.001, 0.001, -0.000
6.282, -0.000, 0.000, -0.000
6.299, -0.000, 0.001, -0.001
6.316, 0.000, -0.000, 0.000
6.332, -0.000, -0.000, 0.000
6.349, 0.008, -0.003, 0.004
6.367, -0.006, 0.002, -0.003
6.382, -0.006, 0.002, -0.003
6.399, -0.012, 0.006, -0.005
6.416, -0.002, -0.001, -0.002
6.432, -0.002, -0.001, -0.001
6.449, -0.005, -0.002, -0.004
6.466, 0.000, -0.001, 0.001
6.483, 0.008, -0.004, 0.004
6.499, 0.001, 0.000, 0.002
6.516, -0.000, -0.001, -0.001
6.532, -0.007, 0.001, -0.006
6.549, -0.001, -0.002, -0.002
6.566, -0.000, 0.000, -0.000
6.583, -0.001, 0.000, 0.000
6.599, -0.000, 0.000, -0.001
6.616, 0.003, -0.001, 0.000
6.632, -0.000, -0.000, 0.000
6.649, 0.004, -0.000, 0.002
6.666, 0.012, -0.006, 0.006
6.683, 0.006, -0.002, 0.003
6.699, 0.003, -0.004, 0.001
6.716, -0.003, 0.005, -0.001
6.732, 0.002, -0.000, 0.000
6.750, 0.002, 0.001, 0.001
6.766, 0.002, 0.001, 0.001
6.783, 0.002, 0.001, 0.001
6.799, 0.004, 0.002, 0.003
6.816, -0.006, -0.001, -0.005
6.833, -0.003, -0.001, -0.002
6.849, -0.005, -0.001, -0.005
6.866, 0.000, -0.001, 0.000
6.882, -0.000, -0.000, 0.000
6.899, -0.000, 0.000, -0.000
6.916, 0.005, 0.001, 0.004
6.932, 0.003, 0.000, 0.002
6.950, 0.003, 0.000, 0.002
6.966, -0.003, -0.000, -0.002
6.983, -0.000, 0.000, -0.000
6.999, -0.000, -0.000, -0.000
7.016, 0.000, 0.000, 0.000
7.032, 0.002, 0.001, 0.002
7.049, -0.000, 0.000, 0.000
7.066, -0.002, -0.001, -0.003
7.082, -0.003, -0.000, -0.002
7.099, 0.000, -0.001, -0.001
7.116, -0.000, 0.001, 0.002
7.133, -0.002, -0.001, -0.001
7.149, -0.002, 0.001, -0.000
7.166, -0.000, -0.000, -0.000
7.183, -0.000, 0.000, -0.000
7.199, -0.000, 0.000, -0.000
7.216, 0.000, 0.000, 0.001
7.232, 0.000, 0.000, 0.001
7.249, 0.001, 0.001, 0.002
7.266, -0.001, -0.001, -0.001
7.283, -0.001, -0.001, -0.001
7.299, -0.000, -0.001, -0.001
7.316, 0.001, 0.001, 0.001
7.332, 0.001, -0.000, 0.000
7.349, 0.000, -0.001, 0.001
7.366, 0.001, 0.001, -0.000
7.382, 0.001, 0.003, 0.001
7.399, 0.001, 0.002, 0.001
7.416, 0.000, 0.001, 0.000
7.432, 0.000, 0.000, -0.001
7.449, 0.000, 0.001, -0.001
7.466, 0.003, -0.001, -0.001
7.482, 0.002, -0.001, -0.000
7.499, 0.002, 0.001, -0.001
7.516, -0.001, 0.002, 0.000
7.532, 0.002, -0.000, -0.001
7.549, 0.001, -0.000, 0.001
7.566, 0.003, -0.001, -0.001
7.583, -0.001, 0.002, 0.001
7.599, 0.007, -0.005, -0.011
7.616, 0.046, 0.006, 0.026
7.632, 0.025, 0.004, 0.021
7.649, 0.042, 0.007, 0.031
7.666, -0.009, 0.006, 0.014
7.683, -0.005, 0.005, 0.008
7.699, -0.030, 0.007, 0.005
7.716, -0.023, 0.001, -0.011
7.732, -0.004, 0.001, -0.003
7.749, -0.003, 0.002, 0.002
7.766, -0.000, -0.002, 0.001
7.782, 0.005, -0.006, -0.010
7.799, -0.000, -0.003, 0.001
7.816, -0.001, -0.001, -0.001
7.832, -0.002, -0.002, -0.000
7.849, -0.002, -0.003, -0.001
7.866, -0.005, -0.011, -0.006
7.882, 0.006, -0.013, 0.020
7.899, 0.025, -0.017, 0.004
7.916, 0.006, -0.008, -0.003
7.933, 0.014, -0.003, -0.004
7.949, -0.029, -0.005, -0.013
7.966, -0.007, -0.006, 0.000
7.983, -0.031, -0.001, -0.014
7.999, -0.000, -0.000, 0.000
8.016, -0.000, -0.001, 0.000
8.032, -0.000, -0.001, 0.000
8.049, -0.000, -0.001, 0.000
8.066, -0.001, -0.001, 0.001
8.083, -0.001, -0.001, 0.003
8.099, -0.005, -0.001, -0.003
8.116, -0.005, -0.002, -0.003
8.132, -0.001, -0.005, 0.001
8.149, -0.003, -0.012, 0.002
8.166, -0.016, -0.022, -0.013
8.182, -0.015, -0.030, -0.018
8.199, -0.020, -0.026, -0.010
8.216, 0.009, -0.036, -0.005
8.232, 0.001, -0.035, 0.002
8.249, 0.007, -0.035, -0.007
8.266, -0.008, -0.012, 0.000
8.283, -0.004, 0.008, 0.001
8.299, 0.009, 0.012, 0.001
8.316, 0.011, 0.010, 0.003
8.332, 0.009, -0.009, -0.010
8.349, 0.005, -0.011, -0.003
8.366, 0.006, -0.010, -0.004
8.383, 0.010, -0.001, 0.002
8.399, 0.008, 0.003, 0.002
8.416, 0.008, -0.002, -0.002
8.432, 0.002, -0.002, -0.003
8.449, -0.001, -0.003, -0.003
8.466, -0.001, 0.001, 0.001
8.483, -0.001, 0.001, 0.001
8.499, 0.001, 0.000, 0.000
8.516, 0.001, 0.000, -0.000
8.532, -0.001, 0.001, 0.003
8.549, -0.001, 0.001, 0.001
8.566, -0.001, -0.001, -0.002
8.582, 0.002, -0.002, -0.005
8.599, 0.003, -0.002, -0.005
8.616, 0.003, 0.002, 0.004
8.632, 0.002, 0.002, 0.004
8.649, -0.000, 0.001, 0.004
8.666, -0.000, -0.001, 0.000
8.682, -0.000, -0.001, 0.000
8.699, 0.002, 0.001, 0.001
8.716, 0.000, 0.003, 0.006
8.732, 0.001, 0.001, 0.002
8.749, -0.000, 0.001, 0.003
8.766, -0.001, -0.002, -0.001
8.783, -0.000, 0.001, 0.002
8.799, -0.000, 0.002, 0.005
8.816, 0.001, -0.001, -0.006
8.832, -0.000, -0.002, -0.005
8.849, -0.002, -0.002, -0.007
8.866, -0.001, -0.003, -0.000
8.882, 0.001, -0.001, -0.002
8.899, 0.003, -0.002, -0.002
8.916, 0.000, 0.002, 0.004
8.932, 0.001, 0.000, 0.003
8.949, 0.001, -0.000, 0.002
8.966, 0.003, 0.001, 0.001
8.983, 0.004, 0.004, 0.002
8.999, 0.011, 0.006, 0.012
9.016, 0.013, 0.014, 0.017
9.032, 0.006, 0.018, 0.013
9.049, -0.002, 0.016, 0.007
9.066, -0.003, 0.009, 0.000
9.083, 0.006, 0.008, 0.004
9.099, 0.010, 0.014, 0.003
9.116, 0.012, 0.011, 0.001
9.132, 0.009, 0.008, 0.000
9.149, 0.029, 0.003, 0.010
9.166, 0.029, 0.003, 0.010
9.182, 0.035, 0.008, 0.008
9.199, 0.041, 0.009, 0.009
9.216, 0.030, 0.005, 0.015
9.232, 0.043, 0.005, 0.024
9.249, 0.049, 0.011, 0.032
9.266, 0.048, 0.008, 0.007
9.283, 0.044, 0.006, 0.004
9.299, 0.062, 0.003, 0.010
9.316, 0.076, -0.009, 0.004
9.332, 0.081, -0.000, 0.014
9.349, 0.092, -0.008, -0.009
9.366, 0.089, 0.020, 0.022
9.382, 0.099, 0.008, 0.008
9.399, 0.084, 0.026, 0.030
9.416, 0.084, 0.026, 0.030
9.432, 0.097, 0.019, 0.014
9.449, 0.107, 0.024, 0.037
9.466, 0.127, 0.019, 0.023
9.483, 0.130, 0.020, 0.027
9.499, 0.158, 0.030, 0.034
9.516, 0.177, 0.009, 0.035
9.533, 0.159, 0.016, 0.043
9.549, 0.152, -0.004, 0.015
9.566, 0.123, 0.019, 0.039
9.582, 0.159, -0.006, 0.024
9.599, 0.178, -0.010, 0.035
9.616, 0.192, -0.029, 0.035
9.632, 0.219, -0.042, 0.067
9.649, 0.232, -0.049, 0.059
9.666, 0.228, -0.068, 0.007
9.683, 0.211, -0.062, -0.025
9.699, 0.232, -0.095, -0.031
9.716, 0.272, -0.105, -0.014
9.732, 0.292, -0.110, -0.008
9.749, 0.326, -0.132, -0.017
9.766, 0.319, -0.138, -0.015
9.783, 0.293, -0.155, -0.029
9.799, 0.275, -0.161, -0.003
9.816, 0.229, -0.152, -0.050
9.833, 0.231, -0.141, -0.030
9.849, 0.233, -0.147, -0.027
9.866, 0.258, -0.168, 0.024
9.882, 0.281, -0.197, 0.023
9.899, 0.285, -0.195, 0.053
9.916, 0.302, -0.221, 0.027
9.932, 0.310, -0.222, 0.046
9.949, 0.317, -0.252, 0.016
9.966, 0.341, -0.228, 0.112
9.983, 0.351, -0.254, 0.098
9.999, 0.372, -0.268, 0.124
10.016, 0.383, -0.308, 0.094
10.032, 0.390, -0.318, 0.103
10.049, 0.392, -0.323, 0.122
10.066, 0.415, -0.352, 0.112
10.083, 0.427, -0.354, 0.141
10.099, 0.453, -0.377, 0.168
10.116, 0.440, -0.371, 0.186
10.133, 0.453, -0.388, 0.179
10.150, 0.453, -0.399, 0.190
10.166, 0.466, -0.393, 0.215
10.183, 0.464, -0.407, 0.236
10.199, 0.486, -0.431, 0.235
10.216, 0.469, -0.428, 0.236
10.232, 0.488, -0.430, 0.251
10.249, 0.491, -0.440, 0.267
10.266, 0.519, -0.447, 0.271
10.283, 0.507, -0.445, 0.263
10.299, 0.481, -0.429, 0.248
10.316, 0.483, -0.454, 0.250
10.333, 0.484, -0.446, 0.254
10.349, 0.503, -0.444, 0.272
10.366, 0.478, -0.411, 0.281
10.382, 0.467, -0.394, 0.275
10.399, 0.443, -0.375, 0.265
10.416, 0.424, -0.371, 0.226
10.433, 0.414, -0.359, 0.223
10.449, 0.392, -0.325, 0.214
10.466, 0.405, -0.310, 0.244
10.483, 0.385, -0.279, 0.245
10.499, 0.375, -0.249, 0.248
10.516, 0.350, -0.208, 0.248
10.533, 0.334, -0.201, 0.233
10.549, 0.304, -0.153, 0.236
10.566, 0.282, -0.139, 0.221
10.582, 0.267, -0.103, 0.237
10.599, 0.240, -0.077, 0.228
10.616, 0.226, -0.052, 0.233
10.632, 0.209, -0.023, 0.234
10.649, 0.179, 0.018, 0.236
10.666, 0.162, 0.046, 0.245
10.683, 0.145, 0.071, 0.253
10.699, 0.116, 0.111, 0.261
10.716, 0.093, 0.131, 0.263
10.732, 0.077, 0.151, 0.261
10.749, 0.046, 0.189, 0.270
10.766, 0.022, 0.207, 0.258
10.783, -0.003, 0.228, 0.259
10.799, -0.033, 0.259, 0.260
10.816, -0.048, 0.294, 0.286
10.833, -0.071, 0.313, 0.284
10.849, -0.100, 0.333, 0.281
10.866, -0.126, 0.350, 0.272
10.882, -0.147, 0.370, 0.278
10.899, -0.188, 0.398, 0.282
10.916, -0.194, 0.410, 0.290
10.933, -0.223, 0.424, 0.285
10.949, -0.247, 0.436, 0.278
10.966, -0.279, 0.445, 0.260
10.983, -0.302, 0.459, 0.259
10.999, -0.344, 0.490, 0.264
11.016, -0.367, 0.494, 0.260
11.033, -0.388, 0.496, 0.250
11.049, -0.419, 0.491, 0.228
11.066, -0.441, 0.507, 0.237
11.083, -0.463, 0.516, 0.236
11.099, -0.511, 0.532, 0.228
11.116, -0.530, 0.519, 0.201
11.133, -0.556, 0.525, 0.199
11.149, -0.587, 0.522, 0.195
11.166, -0.615, 0.524, 0.189
11.183, -0.637, 0.516, 0.179
11.199, -0.668, 0.521, 0.188
11.216, -0.692, 0.516, 0.178
11.233, -0.707, 0.515, 0.181
11.249, -0.738, 0.498, 0.162
11.266, -0.749, 0.497, 0.175
11.282, -0.768, 0.485, 0.168
11.299, -0.752, 0.458, 0.164
11.316, -0.817, 0.480, 0.182
11.333, -0.820, 0.462, 0.172
11.349, -0.865, 0.463, 0.173
11.366, -0.819, 0.418, 0.155
11.383, -0.834, 0.416, 0.164
11.399, -0.823, 0.388, 0.157
11.416, -0.841, 0.394, 0.171
11.432, -0.827, 0.374, 0.161
11.449, -0.845, 0.356, 0.159
11.466, -0.814, 0.333, 0.153
11.483, -0.821, 0.324, 0.158
11.499, -0.772, 0.294, 0.156
11.516, -0.825, 0.291, 0.145
11.533, -0.790, 0.274, 0.146
11.549, -0.826, 0.266, 0.151
11.566, -0.768, 0.238, 0.152
11.583, -0.770, 0.221, 0.144
11.599, -0.725, 0.196, 0.147
11.616, -0.696, 0.183, 0.145
11.633, -0.687, 0.171, 0.144
11.649, -0.651, 0.146, 0.135
11.666, -0.648, 0.139, 0.157
11.682, -0.629, 0.135, 0.172
11.699, -0.607, 0.112, 0.167
11.716, -0.566, 0.102, 0.166
11.733, -0.537, 0.084, 0.159
11.749, -0.513, 0.076, 0.167
11.766, -0.503, 0.055, 0.151
11.783, -0.490, 0.047, 0.153
11.799, -0.460, 0.034, 0.157
11.816, -0.438, 0.032, 0.167
11.833, -0.419, 0.024, 0.161
11.849, -0.380, 0.014, 0.160
11.866, -0.369, 0.013, 0.168
11.882, -0.348, -0.002, 0.158
11.899, -0.323, -0.007, 0.155
11.916, -0.303, -0.019, 0.138
11.933, -0.286, -0.016, 0.146
11.949, -0.264, -0.020, 0.142
11.966, -0.247, -0.026, 0.139
11.983, -0.233, -0.020, 0.146
11.999, -0.205, -0.029, 0.126
12.016, -0.194, -0.023, 0.131
12.033, -0.179, -0.030, 0.118
12.049, -0.158, -0.021, 0.132
12.066, -0.152, -0.037, 0.098
12.082, -0.140, -0.035, 0.093
12.099, -0.131, -0.032, 0.082
12.116, -0.115, -0.027, 0.092
12.133, -0.103, -0.030, 0.079
12.149, -0.090, -0.030, 0.072
12.166, -0.081, -0.019, 0.071
12.183, -0.076, -0.012, 0.073
12.199, -0.062, -0.012, 0.060
12.216, -0.059, -0.011, 0.056
12.233, -0.050, -0.009, 0.050
12.249, -0.045, -0.001, 0.050
12.266, -0.034, 0.001, 0.039
12.282, -0.032, 0.003, 0.036
12.299, -0.027, 0.007, 0.027
12.316, -0.022, 0.016, 0.036
12.333, -0.019, 0.019, 0.034
12.349, -0.016, 0.022, 0.029
12.366, -0.016, 0.025, 0.025
12.383, -0.013, 0.027, 0.020
12.399, -0.010, 0.034, 0.026
12.416, -0.013, 0.038, 0.018
12.433, -0.015, 0.038, 0.016
12.449, -0.015, 0.042, 0.010
12.466, -0.016, 0.035, 0.002
12.483, -0.017, 0.038, -0.004
12.499, -0.016, 0.042, -0.002
12.516, -0.014, 0.046, 0.003
12.533, -0.015, 0.052, 0.014
12.549, -0.021, 0.050, 0.005
12.566, -0.022, 0.048, 0.001
12.583, -0.024, 0.049, -0.001
12.599, -0.023, 0.051, 0.003
12.616, -0.028, 0.057, 0.006
12.633, -0.032, 0.051, -0.002
12.649, -0.035, 0.054, 0.002
12.666, -0.041, 0.052, -0.004
12.683, -0.038, 0.057, 0.001
12.699, -0.038, 0.054, 0.004
12.716, -0.040, 0.050, -0.007
12.733, -0.042, 0.051, -0.002
12.749, -0.051, 0.051, -0.004
12.766, -0.044, 0.048, 0.008
12.782, -0.048, 0.047, 0.006
12.799, -0.047, 0.042, -0.003
12.816, -0.051, 0.050, 0.015
12.832, -0.053, 0.049, 0.018
12.849, -0.052, 0.052, 0.024
12.866, -0.049, 0.046, 0.014
12.882, -0.051, 0.043, 0.014
12.899, -0.050, 0.042, 0.021
12.916, -0.058, 0.040, 0.012
12.933, -0.056, 0.038, 0.008
12.949, -0.062, 0.032, 0.003
12.966, -0.058, 0.028, 0.005
12.983, -0.061, 0.028, 0.007
12.999, -0.057, 0.027, 0.012
13.016, -0.061, 0.028, 0.007
13.033, -0.059, 0.027, 0.006
13.049, -0.060, 0.027, 0.010
13.066, -0.053, 0.027, 0.015
13.082, -0.057, 0.022, 0.012
13.099, -0.054, 0.019, 0.008
13.116, -0.060, 0.017, 0.019
13.133, -0.055, 0.016, 0.018
13.149, -0.059, 0.015, 0.020
13.166, -0.057, 0.020, 0.023
13.182, -0.055, 0.016, 0.021
13.199, -0.055, 0.007, 0.013
13.216, -0.057, -0.001, 0.001
13.233, -0.054, 0.007, 0.012
13.249, -0.054, 0.003, 0.008
13.266, -0.052, 0.001, 0.014
13.283, -0.053, -0.003, 0.015
13.299, -0.049, -0.002, 0.017
13.316, -0.048, -0.001, 0.018
13.332, -0.051, -0.006, 0.007
13.349, -0.049, -0.009, 0.009
13.366, -0.051, -0.018, -0.007
13.383, -0.045, -0.018, -0.000
13.399, -0.046, -0.019, -0.006
13.416, -0.042, -0.017, 0.007
13.433, -0.044, -0.014, 0.011
13.449, -0.044, -0.019, 0.009
13.466, -0.042, -0.012, 0.004
13.483, -0.038, -0.020, -0.008
13.499, -0.034, -0.023, -0.013
13.516, -0.035, -0.033, -0.021
13.533, -0.040, -0.031, -0.015
13.549, -0.036, -0.029, -0.013
13.566, -0.033, -0.026, -0.009
13.583, -0.033, -0.030, -0.017
13.599, -0.033, -0.026, -0.006
13.616, -0.033, -0.033, -0.020
13.632, -0.028, -0.032, -0.017
13.649, -0.027, -0.036, -0.027
13.666, -0.026, -0.026, -0.007
13.683, -0.028, -0.034, -0.017
13.699, -0.024, -0.033, -0.012
13.716, -0.023, -0.033, -0.020
13.733, -0.020, -0.024, -0.009
13.749, -0.022, -0.025, -0.013
13.766, -0.021, -0.037, -0.019
13.782, -0.021, -0.037, -0.021
13.799, -0.018, -0.039, -0.023
13.816, -0.015, -0.022, -0.006
13.833, -0.015, -0.024, -0.012
13.849, -0.012, -0.019, -0.009
13.866, -0.013, -0.033, -0.031
13.883, -0.015, -0.033, -0.029
13.899, -0.011, -0.031, -0.029
13.916, -0.011, -0.023, -0.011
13.933, -0.009, -0.024, -0.016
13.949, -0.012, -0.023, -0.016
13.966, -0.008, -0.021, -0.021
13.983, -0.004, -0.016, -0.016
13.999, -0.002, -0.016, -0.017
14.016, -0.003, -0.022, -0.028
14.032, -0.004, -0.023, -0.030
14.049, -0.002, -0.019, -0.028
14.066, 0.002, -0.016, -0.015
14.083, 0.004, -0.011, -0.013
14.099, 0.004, -0.013, -0.021
14.116, 0.003, -0.007, -0.021
14.132, 0.003, -0.008, -0.024
14.149, 0.006, -0.005, -0.019
14.166, 0.003, -0.012, -0.032
14.182, 0.005, -0.010, -0.029
14.199, 0.005, -0.006, -0.030
14.216, 0.007, 0.002, -0.017
14.232, 0.008, 0.003, -0.018
14.249, 0.010, 0.005, -0.018
14.266, 0.008, 0.003, -0.028
14.283, 0.009, 0.003, -0.030
14.299, 0.008, 0.004, -0.032
14.316, 0.011, 0.007, -0.022
14.333, 0.011, 0.006, -0.026
14.349, 0.011, 0.007, -0.028
14.366, 0.012, 0.013, -0.033
14.383, 0.012, 0.016, -0.030
14.399, 0.015, 0.020, -0.031
14.416, 0.015, 0.017, -0.029
14.432, 0.015, 0.020, -0.028
14.449, 0.013, 0.021, -0.028
14.466, 0.014, 0.028, -0.029
14.482, 0.011, 0.029, -0.028
14.499, 0.013, 0.029, -0.029
14.516, 0.014, 0.018, -0.039
14.533, 0.016, 0.020, -0.039
14.549, 0.015, 0.024, -0.038
14.566, 0.008, 0.030, -0.034
14.583, 0.009, 0.028, -0.034
14.599, 0.011, 0.034, -0.031
14.616, 0.013, 0.035, -0.023
14.632, 0.014, 0.036, -0.027
14.649, 0.013, 0.032, -0.025
14.666, 0.011, 0.033, -0.031
14.683, 0.012, 0.034, -0.028
14.699, 0.010, 0.037, -0.027
14.716, 0.014, 0.030, -0.029
14.733, 0.012, 0.035, -0.019
14.749, 0.010, 0.030, -0.021
14.766, 0.009, 0.038, -0.018
14.782, 0.011, 0.038, -0.016
14.799, 0.011, 0.040, -0.013
14.816, 0.009, 0.037, -0.010
14.833, 0.006, 0.030, -0.018
14.849, 0.006, 0.029, -0.019
14.866, 0.007, 0.030, -0.010
14.882, 0.007, 0.034, -0.006
14.899, 0.007, 0.034, -0.008
14.916, 0.006, 0.043, 0.003
14.933, 0.001, 0.038, 0.002
14.949, 0.004, 0.032, -0.002
14.966, 0.002, 0.023, -0.020
14.983, 0.003, 0.021, -0.022
14.999, -0.001, 0.025, -0.012
15.016, 0.001, 0.020, -0.018
15.033, 0.002, 0.023, -0.016
15.049, 0.001, 0.018, -0.024
15.066, -0.001, 0.019, -0.019
15.082, -0.003, 0.015, -0.021
15.099, -0.005, 0.014, -0.020
15.116, -0.003, 0.013, -0.018
15.132, -0.004, 0.012, -0.018
15.149, -0.005, 0.008, -0.026
15.166, -0.004, 0.005, -0.024
15.182, -0.006, 0.009, -0.019
15.199, -0.009, 0.006, -0.021
15.216, -0.013, 0.009, -0.021
15.233, -0.012, -0.003, -0.036
15.249, -0.010, 0.001, -0.025
15.266, -0.010, -0.003, -0.035
15.282, -0.011, -0.001, -0.031
15.299, -0.011, -0.006, -0.038
15.316, -0.010, -0.005, -0.036
15.332, -0.014, -0.008, -0.041
15.349, -0.015, -0.007, -0.036
15.366, -0.016, -0.007, -0.038
15.382, -0.016, -0.005, -0.032
15.399, -0.017, -0.008, -0.037
15.416, -0.018, -0.011, -0.034
15.433, -0.019, -0.015, -0.039
15.449, -0.022, -0.021, -0.049
15.466, -0.021, -0.020, -0.048
15.482, -0.021, -0.021, -0.047
15.499, -0.019, -0.015, -0.039
15.516, -0.019, -0.022, -0.044
15.533, -0.016, -0.020, -0.041
15.549, -0.019, -0.025, -0.047
15.566, -0.022, -0.018, -0.036
15.583, -0.023, -0.018, -0.034
15.599, -0.021, -0.018, -0.035
15.616, -0.015, -0.024, -0.040
15.633, -0.016, -0.028, -0.046
15.649, -0.015, -0.027, -0.041
15.666, -0.017, -0.024, -0.032
15.682, -0.018, -0.024, -0.032
15.699, -0.019, -0.028, -0.037
15.716, -0.023, -0.030, -0.037
15.732, -0.023, -0.029, -0.036
15.749, -0.019, -0.027, -0.028
15.766, -0.018, -0.024, -0.026
15.782, -0.018, -0.027, -0.027
15.799, -0.020, -0.024, -0.027
15.816, -0.016, -0.030, -0.035
15.832, -0.013, -0.028, -0.032
15.849, -0.013, -0.028, -0.026
15.866, -0.015, -0.030, -0.031
15.882, -0.016, -0.026, -0.024
15.899, -0.014, -0.026, -0.029
15.916, -0.016, -0.027, -0.025
15.932, -0.016, -0.031, -0.030
15.949, -0.018, -0.034, -0.035
15.966, -0.016, -0.034, -0.039
15.982, -0.012, -0.031, -0.034
15.999, -0.013, -0.025, -0.019
16.016, -0.012, -0.020, -0.015
16.032, -0.014, -0.019, -0.016
16.049, -0.011, -0.027, -0.027
16.066, -0.013, -0.030, -0.031
16.082, -0.013, -0.029, -0.027
16.099, -0.012, -0.026, -0.021
16.116, -0.007, -0.018, -0.013
16.132, -0.010, -0.028, -0.023
16.149, -0.006, -0.024, -0.019
16.166, -0.007, -0.032, -0.032
16.182, -0.003, -0.022, -0.018
16.199, -0.001, -0.027, -0.022
16.216, -0.001, -0.024, -0.015
16.232, 0.001, -0.030, -0.021
16.249, 0.005, -0.030, -0.023
16.266, 0.010, -0.031, -0.015
16.282, 0.013, -0.027, -0.008
16.300, 0.019, -0.028, -0.008
16.316, 0.021, -0.026, -0.009
16.332, 0.025, -0.028, -0.011
16.349, 0.028, -0.025, -0.005
16.366, 0.029, -0.037, -0.019
16.382, 0.031, -0.038, -0.020
16.399, 0.035, -0.036, -0.017
16.416, 0.040, -0.022, 0.010
16.432, 0.044, -0.023, 0.010
16.449, 0.048, -0.028, -0.000
16.466, 0.051, -0.037, -0.012
16.482, 0.056, -0.030, 0.001
16.499, 0.054, -0.028, 0.006
16.516, 0.060, -0.021, 0.017
16.532, 0.059, -0.023, 0.011
16.549, 0.068, -0.024, 0.016
16.566, 0.064, -0.035, -0.001
16.582, 0.068, -0.034, 0.002
16.599, 0.070, -0.036, -0.002
16.616, 0.075, -0.031, -0.002
16.632, 0.074, -0.035, -0.006
16.649, 0.080, -0.030, 0.004
16.666, 0.076, -0.025, 0.011
16.682, 0.078, -0.033, 0.003
16.699, 0.078, -0.035, -0.003
16.716, 0.087, -0.045, -0.008
16.732, 0.089, -0.035, 0.005
16.749, 0.089, -0.034, 0.007
16.766, 0.085, -0.030, 0.009
16.782, 0.087, -0.035, 0.000
16.799, 0.088, -0.033, 0.002
16.816, 0.094, -0.042, -0.013
16.832, 0.091, -0.040, -0.009
16.849, 0.094, -0.045, -0.014
16.866, 0.098, -0.031, 0.000
16.882, 0.098, -0.032, -0.002
16.899, 0.097, -0.031, -0.005
16.916, 0.093, -0.037, -0.005
16.932, 0.096, -0.030, 0.003
16.949, 0.096, -0.025, 0.005
16.966, 0.095, -0.020, 0.012
16.982, 0.092, -0.027, -0.002
16.999, 0.092, -0.027, -0.003
17.016, 0.096, -0.024, -0.009
17.034, 0.101, -0.018, 0.002
17.049, 0.098, -0.013, 0.010
17.066, 0.097, -0.012, 0.004
17.082, 0.095, -0.012, 0.000
17.099, 0.100, -0.011, -0.003
17.116, 0.090, -0.013, -0.005
17.132, 0.093, -0.009, -0.002
17.149, 0.092, -0.000, 0.003
17.166, 0.099, 0.006, 0.006
17.182, 0.096, 0.007, 0.003
17.199, 0.095, 0.004, -0.008
17.216, 0.094, 0.011, 0.009
17.232, 0.099, 0.013, 0.007
17.249, 0.096, 0.013, 0.008
17.266, 0.101, 0.010, 0.001
17.282, 0.095, 0.013, 0.005
17.299, 0.098, 0.015, 0.007
17.316, 0.089, 0.015, 0.002
17.332, 0.095, 0.012, -0.001
17.349, 0.095, 0.015, -0.000
17.365, 0.103, 0.018, 0.007
17.382, 0.097, 0.020, 0.010
17.399, 0.098, 0.020, 0.012
17.416, 0.099, 0.023, 0.010
17.432, 0.099, 0.018, -0.002
17.449, 0.099, 0.019, 0.002
17.466, 0.100, 0.014, 0.000
17.482, 0.102, 0.023, 0.010
17.499, 0.102, 0.023, 0.009
17.516, 0.108, 0.033, 0.020
17.532, 0.107, 0.025, 0.012
17.550, 0.110, 0.022, 0.003
17.566, 0.107, 0.022, 0.009
17.582, 0.109, 0.025, 0.007
17.599, 0.108, 0.031, 0.023
17.616, 0.101, 0.018, -0.002
17.632, 0.106, 0.025, 0.012
17.649, 0.109, 0.021, -0.000
17.666, 0.111, 0.018, 0.001
17.682, 0.110, 0.016, -0.006
17.699, 0.112, 0.016, -0.007
17.716, 0.113, 0.023, 0.002
17.733, 0.112, 0.022, 0.002
17.749, 0.118, 0.025, 0.009
17.767, 0.112, 0.014, -0.019
17.782, 0.113, 0.014, -0.018
17.799, 0.110, 0.012, -0.023
17.816, 0.115, 0.010, -0.016
17.833, 0.116, 0.012, -0.019
17.850, 0.112, 0.004, -0.034
17.866, 0.116, 0.019, -0.020
17.882, 0.117, 0.014, -0.025
17.899, 0.112, 0.012, -0.023
17.916, 0.118, 0.017, -0.009
17.933, 0.114, 0.009, -0.020
17.949, 0.121, 0.014, -0.006
17.966, 0.119, 0.007, -0.020
17.983, 0.118, 0.008, -0.010
17.999, 0.119, -0.001, -0.016
18.016, 0.110, -0.005, -0.018
18.033, 0.111, -0.004, -0.012
18.049, 0.111, -0.005, -0.010
18.066, 0.113, -0.015, -0.024
18.083, 0.114, -0.014, -0.021
18.099, 0.115, -0.018, -0.018
18.116, 0.112, -0.028, -0.027
18.133, 0.114, -0.030, -0.027
18.149, 0.110, -0.037, -0.039
18.166, 0.121, -0.014, 0.003
18.182, 0.117, -0.022, -0.004
18.199, 0.122, -0.020, -0.001
18.216, 0.113, -0.038, -0.015
18.232, 0.116, -0.036, -0.014
18.249, 0.117, -0.038, -0.011
18.266, 0.113, -0.037, -0.018
18.283, 0.111, -0.046, -0.026
18.299, 0.109, -0.046, -0.024
18.316, 0.119, -0.051, -0.021
18.333, 0.117, -0.044, -0.012
18.349, 0.119, -0.051, -0.016
18.366, 0.105, -0.056, -0.029
18.382, 0.110, -0.059, -0.031
18.399, 0.103, -0.061, -0.030
18.416, 0.117, -0.054, -0.015
18.432, 0.110, -0.057, -0.018
18.449, 0.110, -0.064, -0.025
18.466, 0.110, -0.060, -0.023
18.482, 0.108, -0.065, -0.029
18.499, 0.110, -0.066, -0.034
18.516, 0.098, -0.084, -0.057
18.532, 0.100, -0.077, -0.048
18.549, 0.099, -0.078, -0.054
18.566, 0.100, -0.066, -0.035
18.583, 0.098, -0.072, -0.050
18.599, 0.093, -0.066, -0.042
18.616, 0.095, -0.066, -0.058
18.633, 0.095, -0.063, -0.051
18.650, 0.096, -0.068, -0.062
18.666, 0.094, -0.061, -0.044
18.682, 0.095, -0.058, -0.047
18.699, 0.092, -0.057, -0.050
18.716, 0.094, -0.059, -0.048
18.733, 0.095, -0.056, -0.044
18.750, 0.100, -0.046, -0.036
18.766, 0.097, -0.057, -0.055
18.783, 0.098, -0.050, -0.049
18.800, 0.093, -0.052, -0.052
18.816, 0.098, -0.038, -0.033
18.833, 0.096, -0.042, -0.039
18.849, 0.101, -0.030, -0.025
18.866, 0.099, -0.027, -0.026
18.883, 0.103, -0.021, -0.020
18.899, 0.103, -0.020, -0.024
18.916, 0.105, -0.025, -0.034
18.932, 0.100, -0.024, -0.032
18.949, 0.103, -0.015, -0.021
18.966, 0.107, -0.013, -0.019
18.982, 0.111, -0.006, -0.016
18.999, 0.109, -0.008, -0.021
19.016, 0.109, 0.003, -0.009
19.033, 0.107, 0.004, -0.007
19.049, 0.105, 0.007, -0.006
19.066, 0.101, 0.005, -0.011
19.082, 0.101, 0.011, -0.009
19.100, 0.105, 0.012, -0.004
19.116, 0.109, 0.008, -0.012
19.133, 0.108, 0.006, -0.008
19.149, 0.106, 0.005, -0.016
19.166, 0.104, 0.019, 0.008
19.182, 0.102, 0.010, -0.008
19.199, 0.104, 0.017, 0.011
19.216, 0.099, 0.006, -0.014
19.233, 0.105, 0.012, 0.002
19.249, 0.102, 0.011, -0.008
19.266, 0.106, 0.019, 0.013
19.282, 0.102, 0.012, 0.001
19.299, 0.106, 0.013, 0.008
19.316, 0.107, 0.009, 0.005
19.333, 0.106, 0.011, 0.011
19.349, 0.108, 0.010, 0.008
19.366, 0.104, 0.010, 0.010
19.383, 0.109, 0.010, 0.014
19.399, 0.109, 0.006, 0.014
19.416, 0.113, 0.006, 0.017
19.433, 0.114, 0.004, 0.014
19.449, 0.115, 0.004, 0.017
19.466, 0.122, 0.003, 0.017
19.482, 0.119, 0.004, 0.020
19.504, 0.119, 0.001, 0.013
19.516, 0.117, -0.011, -0.005
19.532, 0.120, -0.006, -0.000
19.549, 0.127, -0.009, -0.003
19.566, 0.134, 0.008, 0.017
19.582, 0.135, 0.001, 0.001
19.599, 0.133, 0.008, 0.009
19.616, 0.127, 0.000, -0.008
19.634, 0.132, 0.005, -0.005
19.649, 0.134, 0.003, -0.013
19.666, 0.132, 0.001, -0.016
19.683, 0.132, 0.005, -0.008
19.699, 0.132, 0.004, -0.013
19.716, 0.136, 0.008, -0.005
19.732, 0.133, 0.008, -0.007
19.749, 0.139, 0.014, -0.007
19.766, 0.130, 0.011, -0.000
19.783, 0.139, 0.012, -0.006
19.799, 0.126, 0.004, -0.017
19.816, 0.131, 0.015, -0.013
19.832, 0.127, 0.013, -0.016
19.849, 0.134, 0.025, -0.000
19.866, 0.133, 0.021, -0.006
19.882, 0.126, 0.019, -0.014
19.899, 0.125, 0.020, -0.015
19.916, 0.118, 0.026, -0.017
19.933, 0.122, 0.027, -0.016
19.949, 0.116, 0.029, -0.016
19.966, 0.122, 0.029, -0.027
19.982, 0.117, 0.029, -0.026
19.999, 0.117, 0.032, -0.022
20.016, 0.117, 0.032, -0.025
20.033, 0.111, 0.036, -0.019
20.049, 0.107, 0.036, -0.023
20.066, 0.109, 0.033, -0.021
20.082, 0.107, 0.038, -0.015
20.099, 0.108, 0.032, -0.022
20.116, 0.103, 0.036, -0.011
20.133, 0.104, 0.034, -0.016
20.149, 0.095, 0.033, -0.008
20.166, 0.091, 0.036, -0.014
20.183, 0.091, 0.034, -0.010
20.199, 0.090, 0.034, -0.008
20.216, 0.091, 0.034, 0.007
20.232, 0.082, 0.028, 0.003
20.249, 0.078, 0.027, 0.003
20.266, 0.079, 0.023, 0.008
20.282, 0.080, 0.023, 0.006
20.299, 0.076, 0.026, 0.013
20.316, 0.060, 0.021, -0.002
20.332, 0.057, 0.021, 0.006
20.349, 0.053, 0.011, -0.005
20.366, 0.052, 0.014, 0.002
20.382, 0.053, 0.011, -0.009
20.399, 0.045, 0.013, -0.005
20.416, 0.039, 0.008, -0.012
20.432, 0.030, 0.011, -0.009
20.449, 0.024, 0.010, -0.010
20.466, 0.026, 0.015, 0.002
20.482, 0.026, 0.006, -0.007
20.499, 0.021, 0.007, -0.007
20.516, 0.012, -0.005, -0.030
20.533, 0.006, 0.001, -0.021
20.549, -0.003, -0.004, -0.024
20.566, -0.011, 0.000, -0.022
20.583, -0.014, 0.001, -0.021
20.599, -0.015, 0.003, -0.021
20.616, -0.015, 0.006, -0.020
20.633, -0.017, 0.006, -0.021
20.649, -0.020, 0.005, -0.023
20.666, -0.018, -0.002, -0.031
20.683, -0.021, -0.005, -0.033
20.699, -0.024, -0.010, -0.042
20.716, -0.030, -0.004, -0.029
20.733, -0.029, -0.008, -0.031
20.750, -0.031, -0.006, -0.024
20.766, -0.025, -0.014, -0.020
20.783, -0.027, -0.013, -0.016
20.799, -0.029, -0.018, -0.017
20.816, -0.029, -0.013, -0.015
20.833, -0.028, -0.013, -0.011
20.849, -0.027, -0.013, -0.003
20.866, -0.036, -0.016, -0.007
20.883, -0.037, -0.019, -0.008
20.899, -0.039, -0.022, -0.007
20.916, -0.031, -0.018, 0.007
20.933, -0.032, -0.016, 0.012
20.950, -0.031, -0.016, 0.012
20.966, -0.028, -0.014, 0.018
20.982, -0.027, -0.017, 0.016
20.999, -0.027, -0.010, 0.029
21.016, -0.029, -0.017, 0.020
21.033, -0.028, -0.019, 0.017
21.049, -0.025, -0.018, 0.017
21.066, -0.027, -0.010, 0.025
21.082, -0.027, -0.007, 0.030
21.099, -0.025, -0.010, 0.028
21.116, -0.026, -0.007, 0.022
21.133, -0.025, -0.004, 0.024
21.150, -0.021, -0.001, 0.030
21.166, -0.020, -0.007, 0.024
21.182, -0.018, -0.005, 0.029
21.199, -0.018, -0.007, 0.030
21.216, -0.014, -0.008, 0.023
21.233, -0.015, -0.005, 0.026
21.249, -0.012, -0.000, 0.028
21.266, -0.014, -0.002, 0.034
21.282, -0.013, 0.000, 0.033
21.299, -0.008, 0.003, 0.035
21.316, -0.005, 0.007, 0.038
21.333, -0.002, 0.004, 0.034
21.349, -0.003, 0.006, 0.034
21.366, -0.003, 0.006, 0.035
21.383, 0.001, 0.010, 0.041
21.399, 0.004, 0.008, 0.038
21.416, 0.006, 0.012, 0.043
21.433, 0.004, 0.013, 0.042
21.449, 0.007, 0.019, 0.048
21.466, 0.010, 0.014, 0.042
21.482, 0.010, 0.009, 0.041
21.499, 0.009, 0.005, 0.035
21.516, 0.012, 0.009, 0.046
21.532, 0.012, 0.012, 0.042
21.549, 0.013, 0.010, 0.036
21.566, 0.016, 0.012, 0.035
21.583, 0.016, 0.012, 0.035
21.599, 0.021, 0.018, 0.039
21.616, 0.019, 0.018, 0.034
21.633, 0.024, 0.017, 0.031
21.649, 0.018, 0.014, 0.023
21.666, 0.018, 0.017, 0.022
21.683, 0.017, 0.019, 0.024
21.699, 0.019, 0.019, 0.023
21.716, 0.017, 0.014, 0.015
21.732, 0.018, 0.015, 0.013
21.749, 0.020, 0.013, 0.008
21.766, 0.021, 0.016, 0.006
21.783, 0.021, 0.012, 0.003
21.799, 0.021, 0.013, 0.007
21.816, 0.019, 0.010, 0.006
21.832, 0.016, 0.008, 0.004
21.849, 0.015, 0.002, -0.001
21.866, 0.013, 0.009, -0.000
21.882, 0.011, 0.007, -0.001
21.899, 0.014, 0.008, 0.003
21.916, 0.009, 0.001, -0.002
21.932, 0.010, 0.001, -0.001
21.949, 0.007, -0.001, 0.002
21.966, 0.011, 0.000, 0.007
21.982, 0.009, -0.003, 0.007
21.999, 0.005, -0.004, 0.005
22.016, 0.004, -0.010, 0.011
22.033, 0.001, -0.013, 0.009
22.049, -0.001, -0.017, 0.010
22.066, -0.004, -0.016, 0.005
22.083, -0.003, -0.014, 0.009
22.099, -0.004, -0.017, 0.009
22.116, -0.006, -0.019, 0.002
22.132, -0.008, -0.018, 0.005
22.149, -0.010, -0.017, 0.016
22.166, -0.009, -0.018, 0.018
22.182, -0.013, -0.022, 0.014
22.199, -0.012, -0.022, 0.003
22.216, -0.011, -0.024, 0.010
22.232, -0.011, -0.026, 0.007
22.249, -0.016, -0.031, 0.007
22.266, -0.018, -0.030, 0.004
22.282, -0.019, -0.030, 0.000
22.299, -0.023, -0.029, -0.000
22.316, -0.025, -0.025, 0.010
22.332, -0.026, -0.024, 0.014
22.349, -0.021, -0.022, 0.013
22.366, -0.024, -0.024, -0.001
22.382, -0.028, -0.026, -0.004
22.399, -0.032, -0.023, -0.000
22.416, -0.029, -0.035, -0.022
22.432, -0.026, -0.031, -0.019
22.449, -0.028, -0.036, -0.026
22.466, -0.027, -0.023, -0.005
22.483, -0.032, -0.026, -0.014
22.499, -0.029, -0.020, -0.012
22.516, -0.036, -0.029, -0.025
22.532, -0.034, -0.031, -0.025
22.549, -0.038, -0.030, -0.029
22.566, -0.034, -0.019, -0.006
22.582, -0.031, -0.011, 0.005
22.599, -0.031, -0.013, 0.003
22.616, -0.028, -0.009, -0.000
22.632, -0.030, -0.013, -0.006
22.649, -0.025, -0.008, -0.002
22.666, -0.028, -0.015, -0.002
22.682, -0.028, -0.010, 0.004
22.699, -0.029, -0.003, 0.013
22.716, -0.025, 0.000, 0.013
22.733, -0.024, 0.001, 0.010
22.749, -0.019, -0.001, 0.006
22.766, -0.023, 0.003, 0.001
22.782, -0.022, 0.007, 0.008
22.799, -0.022, 0.010, 0.008
22.816, -0.018, 0.008, 0.015
22.833, -0.015, 0.008, 0.012
22.849, -0.013, 0.010, 0.012
22.866, -0.012, 0.018, 0.020
22.883, -0.011, 0.018, 0.020
22.899, -0.006, 0.024, 0.026
22.916, -0.006, 0.020, 0.014
22.933, -0.003, 0.021, 0.011
22.949, -0.001, 0.020, 0.007
22.966, 0.000, 0.023, 0.013
22.983, 0.001, 0.028, 0.026
22.999, 0.001, 0.027, 0.023
23.016, 0.006, 0.026, 0.021
23.033, 0.010, 0.023, 0.011
23.049, 0.016, 0.022, 0.008
23.066, 0.017, 0.039, 0.028
23.082, 0.019, 0.038, 0.030
23.099, 0.021, 0.038, 0.030
23.116, 0.023, 0.019, 0.013
23.132, 0.024, 0.017, 0.008
23.150, 0.028, 0.016, 0.007
23.166, 0.024, 0.021, 0.003
23.183, 0.026, 0.021, 0.002
23.199, 0.027, 0.022, 0.006
23.216, 0.033, 0.024, 0.018
23.232, 0.034, 0.025, 0.018
23.249, 0.035, 0.022, 0.017
23.266, 0.029, 0.013, -0.004
23.283, 0.028, 0.010, -0.004
23.299, 0.029, 0.010, -0.007
23.316, 0.036, 0.012, 0.007
23.332, 0.036, 0.011, 0.004
23.349, 0.032, 0.007, 0.003
23.366, 0.031, 0.012, 0.012
23.382, 0.028, 0.010, 0.012
23.399, 0.026, 0.008, 0.010
23.416, 0.025, -0.001, -0.002
23.433, 0.027, -0.001, -0.000
23.449, 0.029, 0.001, 0.008
23.466, 0.027, 0.002, 0.011
23.483, 0.026, 0.003, 0.014
23.499, 0.025, 0.000, 0.010
23.516, 0.020, -0.002, 0.008
23.532, 0.020, -0.004, 0.007
23.549, 0.019, -0.002, 0.012
23.566, 0.019, -0.003, 0.013
23.583, 0.017, 0.001, 0.018
23.599, 0.019, 0.001, 0.017
23.616, 0.016, 0.002, 0.015
23.633, 0.016, -0.001, 0.012
23.650, 0.014, -0.001, 0.014
23.666, 0.017, -0.000, 0.019
23.682, 0.018, -0.001, 0.017
23.699, 0.019, 0.004, 0.017
23.716, 0.025, 0.007, 0.026
23.733, 0.021, 0.011, 0.030
23.749, 0.022, 0.009, 0.035
23.766, 0.023, 0.005, 0.028
23.782, 0.025, 0.007, 0.032
23.799, 0.028, 0.004, 0.027
23.816, 0.020, 0.009, 0.028
23.833, 0.019, 0.005, 0.023
23.849, 0.018, 0.012, 0.029
23.866, 0.017, 0.010, 0.018
23.882, 0.017, 0.010, 0.019
23.899, 0.018, 0.011, 0.018
23.916, 0.019, 0.014, 0.020
23.933, 0.020, 0.015, 0.016
23.949, 0.018, 0.014, 0.012
23.966, 0.021, 0.013, 0.016
23.983, 0.022, 0.013, 0.012
23.999, 0.018, 0.013, 0.009
24.016, 0.022, 0.021, 0.014
24.033, 0.019, 0.023, 0.014
24.049, 0.023, 0.027, 0.017
24.066, 0.015, 0.020, 0.008
24.083, 0.016, 0.021, 0.006
24.099, 0.011, 0.020, 0.002
24.116, 0.011, 0.019, 0.002
24.132, 0.011, 0.021, 0.001
24.149, 0.011, 0.019, -0.002
24.166, 0.010, 0.018, -0.006
24.182, 0.009, 0.017, -0.005
24.199, 0.010, 0.014, -0.010
24.216, 0.008, 0.014, -0.012
24.233, 0.008, 0.014, -0.012
24.249, 0.004, 0.014, -0.011
24.266, 0.003, 0.017, -0.008
24.283, 0.001, 0.017, -0.008
24.299, -0.001, 0.015, -0.012
24.316, 0.001, 0.012, -0.015
24.332, -0.002, 0.010, -0.014
24.349, -0.004, 0.009, -0.012
24.366, -0.006, 0.006, -0.008
24.382, -0.005, 0.005, -0.010
24.399, -0.006, 0.004, -0.006
24.416, -0.008, 0.001, -0.008
24.432, -0.011, 0.002, -0.005
24.449, -0.011, 0.001, -0.003
24.466, -0.013, 0.000, -0.008
24.482, -0.012, -0.003, -0.007
24.499, -0.015, -0.007, -0.014
24.516, -0.012, -0.005, -0.010
24.532, -0.015, -0.009, -0.014
24.549, -0.015, -0.013, -0.016
24.566, -0.015, -0.017, -0.012
24.582, -0.014, -0.014, -0.010
24.599, -0.017, -0.015, -0.006
24.616, -0.013, -0.015, -0.005
24.633, -0.014, -0.019, -0.005
24.649, -0.013, -0.021, -0.002
24.666, -0.014, -0.034, -0.017
24.682, -0.014, -0.034, -0.012
24.699, -0.013, -0.038, -0.011
24.716, -0.015, -0.028, 0.003
24.733, -0.014, -0.031, 0.001
24.749, -0.013, -0.036, -0.001
24.766, -0.015, -0.045, -0.006
24.782, -0.016, -0.047, -0.006
24.799, -0.013, -0.046, -0.002
24.816, -0.011, -0.044, 0.004
24.832, -0.012, -0.046, 0.004
24.849, -0.010, -0.051, -0.002
24.866, -0.017, -0.050, 0.005
24.883, -0.014, -0.046, 0.012
24.899, -0.019, -0.048, 0.010
24.916, -0.007, -0.054, 0.002
24.932, -0.007, -0.059, -0.002
24.949, -0.001, -0.054, 0.011
24.966, -0.009, -0.050, 0.005
24.983, -0.008, -0.049, 0.009
24.999, -0.015, -0.054, 0.001
25.016, -0.009, -0.053, 0.006
25.032, -0.009, -0.053, 0.005
25.049, -0.010, -0.049, 0.016
25.066, -0.007, -0.048, 0.023
25.083, -0.009, -0.046, 0.023
25.099, -0.004, -0.042, 0.024
25.116, -0.009, -0.046, 0.018
25.132, -0.007, -0.049, 0.015
25.149, -0.006, -0.048, 0.014
25.166, -0.003, -0.042, 0.017
25.183, -0.003, -0.038, 0.020
25.199, -0.004, -0.037, 0.020
25.216, -0.003, -0.038, 0.030
25.233, -0.005, -0.036, 0.027
25.250, -0.003, -0.035, 0.027
25.266, -0.008, -0.035, 0.009
25.282, -0.005, -0.031, 0.017
25.299, -0.008, -0.029, 0.011
25.316, -0.002, -0.026, 0.024
25.332, -0.004, -0.027, 0.017
25.349, -0.001, -0.021, 0.022
25.366, -0.009, -0.022, 0.008
25.382, -0.006, -0.020, 0.009
25.399, -0.008, -0.017, 0.009
25.416, 0.004, -0.011, 0.024
25.432, 0.002, -0.009, 0.022
25.449, 0.004, -0.010, 0.016
25.466, -0.005, -0.010, 0.006
25.482, -0.004, -0.006, 0.012
25.499, -0.002, -0.002, 0.014
25.516, 0.001, -0.002, 0.020
25.532, 0.002, -0.001, 0.015
25.549, -0.001, -0.002, 0.011
25.566, 0.001, 0.002, 0.007
25.582, -0.000, 0.001, 0.006
25.599, 0.000, 0.004, 0.007
25.616, 0.001, 0.003, 0.011
25.632, 0.002, 0.006, 0.012
25.649, 0.006, 0.011, 0.015
25.666, 0.000, 0.021, 0.019
25.682, 0.002, 0.023, 0.022
25.699, -0.002, 0.023, 0.020
25.716, 0.005, 0.016, 0.015
25.733, 0.004, 0.014, 0.010
25.749, 0.002, 0.012, 0.007
25.766, -0.002, 0.011, 0.002
25.782, -0.002, 0.015, 0.005
25.799, 0.002, 0.021, 0.013
25.816, 0.001, 0.025, 0.011
25.832, 0.002, 0.023, 0.007
25.849, -0.002, 0.025, 0.004
25.866, 0.001, 0.024, 0.013
25.882, -0.002, 0.024, 0.010
25.899, 0.002, 0.022, 0.011
25.916, 0.001, 0.023, 0.017
25.932, -0.000, 0.025, 0.019
25.949, -0.001, 0.020, 0.014
25.966, -0.006, 0.024, 0.010
25.982, -0.007, 0.026, 0.012
25.999, -0.007, 0.027, 0.013
26.016, -0.005, 0.022, 0.007
26.032, -0.004, 0.019, 0.005
26.049, -0.006, 0.015, -0.001
26.066, -0.005, 0.015, 0.003
26.082, -0.005, 0.018, 0.006
26.099, -0.005, 0.017, 0.004
26.116, -0.007, 0.018, -0.004
26.132, -0.008, 0.014, -0.008
26.149, -0.010, 0.016, -0.010
26.166, -0.007, 0.013, -0.005
26.182, -0.009, 0.012, -0.007
26.199, -0.008, 0.011, -0.006
26.216, -0.009, 0.008, -0.009
26.232, -0.009, 0.008, -0.011
26.249, -0.012, 0.006, -0.016
26.266, -0.015, 0.010, -0.015
26.282, -0.014, 0.007, -0.014
26.299, -0.012, 0.009, -0.009
26.316, -0.009, 0.007, -0.009
26.333, -0.012, 0.009, -0.010
26.349, -0.011, 0.005, -0.016
26.366, -0.010, 0.002, -0.015
26.382, -0.012, -0.001, -0.019
26.399, -0.012, -0.000, -0.018
26.416, -0.018, -0.002, -0.030
26.433, -0.015, -0.000, -0.025
26.449, -0.019, -0.001, -0.026
26.466, -0.012, 0.003, -0.013
26.482, -0.012, 0.001, -0.016
26.499, -0.006, 0.001, -0.012
26.516, -0.011, -0.002, -0.011
26.532, -0.011, -0.002, -0.012
26.549, -0.015, -0.005, -0.017
26.566, -0.014, -0.004, -0.024
26.582, -0.015, -0.002, -0.018
26.599, -0.011, -0.002, -0.017
26.616, -0.009, -0.010, -0.017
26.633, -0.007, -0.012, -0.020
26.649, -0.008, -0.012, -0.020
26.666, -0.006, -0.005, -0.012
26.682, -0.008, -0.005, -0.013
26.700, -0.005, -0.002, -0.005
26.716, -0.002, -0.002, -0.004
26.732, 0.001, -0.003, -0.004
26.749, 0.001, -0.004, -0.005
26.766, -0.001, -0.004, -0.006
26.782, 0.000, -0.009, -0.011
26.799, 0.000, -0.008, -0.011
26.816, -0.001, -0.008, -0.016
26.832, -0.000, -0.005, -0.011
26.849, 0.003, -0.002, -0.008
26.866, 0.006, -0.001, -0.000
26.882, 0.006, 0.000, -0.003
26.899, 0.004, -0.003, -0.008
26.916, 0.007, -0.004, -0.008
26.932, 0.006, -0.003, -0.008
26.949, 0.009, -0.003, -0.005
26.966, 0.001, -0.001, -0.013
26.982, 0.002, -0.001, -0.009
26.999, -0.000, 0.004, -0.009
27.016, 0.002, 0.002, -0.009
27.032, 0.001, 0.002, -0.012
27.049, 0.003, -0.000, -0.021
27.066, 0.005, 0.001, -0.017
27.082, 0.007, 0.003, -0.022
27.099, 0.012, 0.009, -0.020
27.116, 0.010, 0.009, -0.031
27.132, 0.009, 0.008, -0.037
27.149, 0.005, 0.003, -0.057
27.166, 0.012, 0.004, -0.054
27.182, 0.008, 0.002, -0.071
27.199, 0.009, 0.004, -0.078
27.216, 0.007, 0.005, -0.100
27.233, 0.012, 0.012, -0.095
27.249, 0.011, 0.009, -0.112
27.266, 0.009, 0.012, -0.116
27.282, 0.008, 0.005, -0.130
27.299, 0.010, 0.011, -0.141
27.316, 0.013, 0.001, -0.146
27.332, 0.011, 0.002, -0.155
27.349, 0.013, 0.002, -0.163
27.366, 0.007, 0.007, -0.171
27.382, 0.007, 0.011, -0.169
27.399, 0.007, 0.004, -0.176
27.416, 0.011, 0.008, -0.174
27.432, 0.012, 0.003, -0.181
27.449, 0.010, 0.009, -0.188
27.466, 0.013, 0.008, -0.182
27.482, 0.016, 0.009, -0.186
27.499, 0.015, 0.008, -0.180
27.516, 0.017, 0.007, -0.196
27.532, 0.017, 0.004, -0.192
27.549, 0.018, 0.005, -0.191
27.566, 0.010, -0.004, -0.204
27.582, 0.012, 0.001, -0.197
27.599, 0.013, -0.002, -0.202
27.616, 0.020, 0.003, -0.180
27.633, 0.014, -0.002, -0.191
27.649, 0.018, 0.003, -0.176
27.666, 0.011, -0.006, -0.183
27.682, 0.015, -0.002, -0.180
27.699, 0.011, -0.009, -0.184
27.716, 0.016, -0.002, -0.177
27.733, 0.016, -0.004, -0.171
27.749, 0.014, -0.007, -0.171
27.766, 0.005, -0.011, -0.178
27.782, 0.006, -0.010, -0.167
27.799, 0.008, -0.010, -0.166
27.816, 0.015, -0.008, -0.150
27.832, 0.009, -0.015, -0.167
27.849, 0.010, -0.010, -0.148
27.866, 0.009, -0.017, -0.153
27.882, 0.011, -0.007, -0.131
27.899, 0.010, -0.020, -0.145
27.916, 0.005, -0.016, -0.147
27.932, 0.004, -0.020, -0.145
27.949, 0.002, -0.020, -0.143
27.966, 0.006, -0.007, -0.111
27.982, 0.007, -0.018, -0.126
27.999, 0.008, -0.014, -0.110
28.016, 0.007, -0.027, -0.140
28.032, 0.010, -0.012, -0.114
28.049, 0.006, -0.021, -0.128
28.066, 0.014, -0.018, -0.116
28.082, 0.008, -0.026, -0.128
28.099, 0.013, -0.021, -0.114
28.116, 0.003, -0.021, -0.116
28.132, 0.007, -0.025, -0.120
28.149, 0.006, -0.021, -0.121
28.166, 0.009, -0.024, -0.127
28.182, 0.008, -0.012, -0.114
28.199, 0.013, -0.020, -0.123
28.216, 0.013, -0.010, -0.107
28.232, 0.012, -0.025, -0.131
28.249, 0.010, -0.016, -0.123
28.266, 0.015, -0.019, -0.128
28.282, 0.019, -0.013, -0.114
28.299, 0.017, -0.017, -0.120
28.316, 0.017, -0.016, -0.125
28.332, 0.017, -0.014, -0.125
28.349, 0.024, -0.013, -0.120
28.366, 0.011, -0.006, -0.119
28.382, 0.009, -0.014, -0.137
28.399, 0.011, -0.007, -0.128
28.416, 0.017, -0.019, -0.141
28.432, 0.019, -0.012, -0.127
28.449, 0.016, -0.013, -0.134
28.466, 0.017, -0.011, -0.131
28.482, 0.021, -0.012, -0.133
28.499, 0.017, -0.015, -0.135
28.516, 0.030, -0.015, -0.138
28.532, 0.025, -0.011, -0.133
28.549, 0.026, -0.015, -0.139
28.566, 0.025, -0.008, -0.129
28.582, 0.024, -0.010, -0.126
28.599, 0.029, -0.013, -0.129
28.616, 0.019, -0.009, -0.114
28.632, 0.024, -0.013, -0.119
28.649, 0.019, -0.008, -0.108
28.666, 0.015, -0.016, -0.124
28.682, 0.015, -0.014, -0.122
28.699, 0.019, -0.014, -0.114
28.716, 0.022, -0.001, -0.099
28.732, 0.020, -0.005, -0.098
28.749, 0.016, 0.001, -0.096
28.766, 0.028, -0.009, -0.085
28.783, 0.022, -0.008, -0.090
28.799, 0.028, -0.008, -0.077
28.816, 0.010, -0.011, -0.102
28.832, 0.011, -0.010, -0.095
28.849, 0.004, -0.009, -0.090
28.866, 0.009, -0.007, -0.088
28.882, 0.013, -0.007, -0.086
28.899, 0.015, -0.013, -0.092
28.916, 0.015, -0.005, -0.080
28.933, 0.013, -0.002, -0.072
28.949, 0.022, -0.007, -0.066
28.966, 0.005, -0.003, -0.055
28.982, 0.003, 0.001, -0.057
28.999, -0.002, 0.001, -0.062
29.016, 0.012, -0.003, -0.056
29.032, 0.010, -0.015, -0.067
29.049, 0.003, -0.013, -0.064
29.066, 0.006, -0.013, -0.075
29.082, 0.019, -0.005, -0.052
29.099, 0.016, -0.012, -0.060
29.116, 0.023, -0.025, -0.059
29.132, 0.014, -0.024, -0.056
29.149, 0.011, -0.011, -0.045
29.166, 0.012, -0.020, -0.067
29.182, 0.019, -0.018, -0.063
29.199, 0.019, -0.034, -0.084
29.216, 0.010, -0.012, -0.053
29.232, 0.003, -0.015, -0.061
29.249, 0.010, -0.008, -0.045
29.266, 0.025, -0.013, -0.037
29.282, 0.023, -0.011, -0.034
29.299, 0.015, -0.012, -0.035
29.316, -0.003, -0.009, -0.044
29.332, -0.006, -0.008, -0.036
29.349, -0.004, 0.000, -0.014
29.366, -0.005, -0.008, -0.020
29.383, -0.006, -0.008, -0.018
29.399, -0.007, -0.006, -0.017
29.416, -0.005, 0.000, -0.003
29.432, -0.005, 0.004, 0.003
29.449, -0.007, 0.005, 0.004
29.466, -0.006, 0.008, 0.013
29.482, -0.003, 0.006, 0.010
29.499, -0.002, 0.006, 0.014
29.516, -0.007, 0.004, -0.001
29.532, -0.010, 0.004, -0.004
29.549, -0.014, 0.003, -0.005
29.566, -0.011, 0.006, 0.001
29.583, -0.011, 0.011, 0.010
29.600, -0.013, 0.015, 0.012
29.616, -0.007, 0.013, 0.016
29.633, -0.006, 0.007, 0.004
29.650, -0.004, 0.011, 0.009
29.666, -0.010, 0.011, 0.000
29.683, -0.009, 0.009, -0.002
29.699, -0.006, 0.005, -0.012
29.716, 0.005, 0.010, -0.001
29.733, -0.000, 0.016, 0.001
29.749, -0.001, 0.013, -0.003
29.766, -0.007, 0.004, -0.020
29.783, -0.002, 0.001, -0.021
29.799, -0.000, 0.005, -0.012
29.816, -0.007, 0.011, -0.006
29.832, -0.007, 0.003, -0.017
29.849, -0.011, -0.004, -0.031
29.866, -0.011, -0.012, -0.037
29.882, -0.015, -0.006, -0.028
29.899, -0.017, -0.006, -0.024
29.916, -0.009, -0.004, -0.020
29.933, -0.012, -0.012, -0.032
29.950, -0.014, -0.011, -0.033
29.966, -0.017, -0.025, -0.062
29.982, -0.007, -0.024, -0.049
29.999, -0.016, -0.031, -0.064
30.016, -0.026, -0.029, -0.054
30.032, -0.035, -0.030, -0.067
30.049, -0.016, -0.034, -0.049
30.066, -0.032, -0.035, -0.070
30.082, -0.035, -0.032, -0.060
30.099, -0.051, -0.038, -0.079
30.116, -0.024, -0.036, -0.042
30.134, -0.029, -0.039, -0.056
30.150, -0.025, -0.038, -0.051
30.167, -0.040, -0.032, -0.064
30.183, -0.042, -0.034, -0.056
30.199, -0.051, -0.038, -0.075
30.216, -0.045, -0.042, -0.056
30.232, -0.042, -0.041, -0.061
30.249, -0.044, -0.041, -0.047
30.266, -0.044, -0.040, -0.057
30.282, -0.044, -0.036, -0.048
30.299, -0.043, -0.035, -0.091
30.316, -0.049, -0.035, -0.125
30.332, -0.053, -0.039, -0.188
30.349, -0.059, -0.030, -0.261
30.366, -0.058, -0.047, -0.364
30.383, -0.056, -0.044, -0.425
30.399, -0.058, -0.042, -0.552
30.416, -0.084, -0.030, -0.622
30.432, -0.084, -0.031, -0.725
30.449, -0.079, -0.064, -0.834
30.466, 0.118, -0.144, -0.655
30.482, 0.193, -0.103, -0.314
30.499, 0.235, -0.031, 0.126
30.516, 0.097, 0.061, 0.172
30.533, 0.076, 0.045, 0.100
30.549, 0.093, 0.022, -0.022
30.566, 0.101, 0.036, -0.096
30.583, 0.111, 0.038, -0.161
30.599, 0.158, 0.094, -0.156
30.616, 0.115, 0.036, -0.166
30.632, 0.050, 0.009, -0.129
30.649, -0.053, -0.038, -0.066
30.666, -0.037, -0.005, -0.022
30.682, -0.023, 0.022, -0.034
30.699, -0.006, 0.013, -0.039
30.716, 0.004, 0.040, 0.003
30.733, 0.004, 0.025, 0.002
30.749, 0.015, 0.007, -0.002
30.766, 0.015, 0.007, -0.002
30.783, 0.015, 0.007, -0.002
30.799, 0.013, -0.006, -0.008
30.816, 0.013, -0.006, -0.008
30.832, 0.013, -0.006, -0.008
30.849, 0.013, -0.006, -0.008
30.866, 0.013, -0.006, -0.008
30.883, 0.013, -0.006, -0.008
30.899, 0.013, -0.006, -0.008
30.917, 0.013, -0.006, -0.008
30.933, -0.035, -0.006, -0.005
30.949, -0.035, -0.006, -0.005
30.967, -0.035, -0.006, -0.005
30.983, -0.035, -0.006, -0.005
30.999, -0.035, -0.006, -0.005
31.016, -0.035, -0.006, -0.005
31.032, -0.035, -0.006, -0.005
31.049, -0.035, -0.006, -0.005
31.066, -0.035, -0.006, -0.005
31.082, -0.035, -0.006, -0.005
31.099, -0.035, -0.006, -0.005
31.116, -0.035, -0.006, -0.005
31.132, -0.035, -0.006, -0.005
31.149, -0.035, -0.006, -0.005
31.166, -0.035, -0.006, -0.005
31.182, -0.035, -0.006, -0.005
31.199, -0.035, -0.006, -0.005
31.216, -0.035, -0.006, -0.005
31.232, -0.035, -0.006, -0.005
31.249, -0.035, -0.006, -0.005
31.266, -0.035, -0.006, -0.005
31.283, -0.035, -0.006, -0.005
31.299, -0.035, -0.006, -0.005
31.316, -0.035, -0.006, -0.005
31.332, -0.035, -0.006, -0.005
31.349, -0.035, -0.006, -0.005
31.366, -0.035, -0.006, -0.005
31.383, -0.035, -0.006, -0.005
31.399, -0.035, -0.006, -0.005
31.416, -0.035, -0.006, -0.005
31.433, -0.035, -0.006, -0.005
31.449, -0.035, -0.006, -0.005
31.466, -0.035, -0.006, -0.005
31.482, -0.035, -0.006, -0.005
31.499, -0.035, -0.006, -0.005
31.516, -0.035, -0.006, -0.005
31.532, -0.035, -0.006, -0.005
31.549, -0.035, -0.006, -0.005
31.566, -0.035, -0.006, -0.005
31.582, -0.035, -0.006, -0.005
31.599, -0.035, -0.006, -0.005
31.616, -0.035, -0.006, -0.005
31.632, -0.035, -0.006, -0.005
31.649, -0.034, 0.002, -0.002
31.666, -0.034, 0.002, -0.002
31.683, -0.034, 0.002, -0.002
31.699, -0.034, 0.002, -0.002
31.716, -0.034, 0.002, -0.002
31.733, -0.072, -0.047, -0.022
31.749, -0.072, -0.047, -0.022
31.766, -0.072, -0.047, -0.022
31.782, -0.072, -0.047, -0.022
31.799, -0.072, -0.047, -0.022
31.816, -0.072, -0.047, -0.022
31.833, 0.008, -0.002, 0.002
31.849, 0.008, -0.002, 0.002
31.866, 0.008, -0.002, 0.002
31.882, 0.008, -0.002, 0.002
31.899, 0.008, -0.002, 0.002
31.916, 0.008, -0.002, 0.002
31.933, 0.008, -0.002, 0.002
31.950, 0.008, -0.002, 0.002
31.966, 0.008, -0.002, 0.002
31.983, 0.008, -0.002, 0.002
31.999, 0.008, -0.002, 0.002
32.016, 0.008, -0.002, 0.002
32.032, 0.008, -0.002, 0.002
32.049, 0.008, -0.002, 0.002
32.066, 0.008, -0.002, 0.002
32.082, 0.008, -0.002, 0.002
32.099, 0.008, -0.002, 0.002
32.116, 0.008, -0.002, 0.002
32.133, 0.008, -0.002, 0.002
32.149, 0.008, -0.002, 0.002
32.166, 0.008, -0.002, 0.002
32.182, 0.008, -0.002, 0.002
32.199, 0.008, -0.002, 0.002
32.216, 0.008, -0.002, 0.002
32.232, 0.008, -0.002, 0.002
32.249, 0.008, -0.002, 0.002
32.266, 0.008, -0.002, 0.002
32.283, 0.008, -0.002, 0.002
32.299, 0.008, -0.002, 0.002
32.316, 0.008, -0.002, 0.002
32.332, 0.008, -0.002, 0.002
32.349, 0.008, -0.002, 0.002
32.366, 0.008, -0.002, 0.002
32.382, 0.008, -0.002, 0.002
32.399, 0.008, -0.002, 0.002
32.416, 0.008, -0.002, 0.002
32.432, 0.008, -0.002, 0.002
32.449, 0.008, -0.002, 0.002
32.467, 0.008, -0.002, 0.002
32.482, 0.008, -0.002, 0.002
32.499, 0.008, -0.002, 0.002
32.516, 0.008, -0.002, 0.002
32.533, 0.008, -0.002, 0.002
32.549, 0.008, -0.002, 0.002
32.566, 0.008, -0.002, 0.002
32.582, -0.001, -0.001, -0.000
32.599, -0.001, -0.001, -0.000
32.616, -0.001, -0.001, -0.000
32.632, -0.027, -0.038, -0.013
32.649, -0.027, -0.038, -0.013
32.666, -0.027, -0.038, -0.013
32.682, -0.027, -0.038, -0.013
32.699, -0.027, -0.038, -0.013
32.716, -0.027, -0.038, -0.013
32.732, -0.027, -0.038, -0.013
32.749, -0.027, -0.038, -0.013
32.766, -0.027, -0.038, -0.013
32.783, -0.027, -0.038, -0.013
32.799, -0.027, -0.038, -0.013
32.816, -0.027, -0.038, -0.013
32.833, -0.027, -0.038, -0.013
32.849, -0.027, -0.038, -0.013
32.866, -0.027, -0.038, -0.013
32.882, -0.027, -0.038, -0.013
32.899, -0.027, -0.038, -0.013
32.916, -0.027, -0.038, -0.013
32.932, -0.027, -0.038, -0.013
32.949, -0.027, -0.038, -0.013
32.966, -0.027, -0.038, -0.013
32.983, -0.062, -0.084, -0.030
32.999, -0.062, -0.084, -0.030
33.016, -0.062, -0.084, -0.030
33.033, -0.062, -0.084, -0.030
33.049, -0.062, -0.084, -0.030
33.066, -0.062, -0.084, -0.030
33.082, -0.062, -0.084, -0.030
33.099, -0.062, -0.084, -0.030
33.117, -0.062, -0.084, -0.030
33.133, -0.062, -0.084, -0.030
33.149, -0.062, -0.084, -0.030
33.167, -0.062, -0.084, -0.030
33.183, -0.062, -0.084, -0.030
33.200, -0.062, -0.084, -0.030
33.216, -0.062, -0.084, -0.030
33.233, -0.062, -0.084, -0.030
33.249, -0.062, -0.084, -0.030
33.266, -0.062, -0.084, -0.030
33.282, -0.062, -0.084, -0.030
33.299, -0.062, -0.084, -0.030
33.316, -0.062, -0.084, -0.030
33.332, -0.062, -0.084, -0.030
33.349, -0.062, -0.084, -0.030
33.366, -0.062, -0.084, -0.030
33.382, -0.062, -0.084, -0.030
33.399, -0.062, -0.084, -0.030
33.416, -0.062, -0.084, -0.030
33.432, -0.062, -0.084, -0.030
33.449, -0.062, -0.084, -0.030
33.466, -0.062, -0.084, -0.030
33.482, -0.062, -0.084, -0.030
33.499, -0.062, -0.084, -0.030
33.516, -0.062, -0.084, -0.030
33.532, -0.062, -0.084, -0.030
33.549, -0.062, -0.084, -0.030
33.566, -0.062, -0.084, -0.030
33.582, -0.062, -0.084, -0.030
33.599, -0.062, -0.084, -0.030
33.616, -0.062, -0.084, -0.030
33.633, -0.062, -0.084, -0.030
33.649, 0.062, 0.085, 0.028
33.666, 0.062, 0.085, 0.028
33.682, 0.062, 0.085, 0.028
33.699, -0.093, 0.109, -0.014
33.716, -0.093, 0.109, -0.014
33.732, -0.093, 0.109, -0.014
33.749, -0.027, 0.003, -0.011
33.766, -0.027, 0.003, -0.011
33.783, -0.027, 0.003, -0.011
33.799, -0.027, 0.003, -0.011
33.816, -0.027, 0.003, -0.011
33.832, -0.027, 0.003, -0.011
33.849, -0.027, 0.003, -0.011
33.866, -0.027, 0.003, -0.011
33.882, -0.067, -0.052, -0.028
33.899, -0.067, -0.052, -0.028
33.916, -0.067, -0.052, -0.028
33.933, 0.088, -0.075, 0.015
33.949, 0.088, -0.075, 0.015
33.966, 0.088, -0.075, 0.015
33.982, 0.088, -0.075, 0.015
33.999, 0.088, -0.075, 0.015
34.016, 0.088, -0.075, 0.015
34.032, 0.088, -0.075, 0.015
34.049, 0.088, -0.075, 0.015
34.066, 0.088, -0.075, 0.015
34.082, 0.088, -0.075, 0.015
34.099, 0.088, -0.075, 0.015
