0.044, 0.000, 0.000, 0.000
0.061, 0.000, 0.000, 0.000
0.077, 0.000, 0.000, 0.000
0.094, 0.000, 0.000, 0.000
0.111, 0.000, 0.000, 0.000
0.128, 0.762, -0.092, 0.027
0.144, 0.762, -0.093, 0.028
0.161, 0.762, -0.092, 0.027
0.178, 0.762, -0.092, 0.028
0.194, 0.762, -0.092, 0.027
0.211, 0.762, -0.092, 0.027
0.228, 0.762, -0.092, 0.027
0.244, 0.762, -0.092, 0.027
0.261, 0.762, -0.092, 0.027
0.278, 0.762, -0.092, 0.027
0.294, 0.762, -0.093, 0.028
0.311, 0.762, -0.092, 0.027
0.328, 0.762, -0.092, 0.027
0.344, 0.762, -0.092, 0.027
0.362, 0.762, -0.092, 0.027
0.378, 0.762, -0.092, 0.027
0.395, 0.762, -0.092, 0.027
0.412, 0.762, -0.092, 0.027
0.428, 0.762, -0.092, 0.027
0.444, 0.762, -0.092, 0.027
0.461, 0.762, -0.093, 0.028
0.478, 0.762, -0.092, 0.027
0.495, 0.762, -0.092, 0.027
0.511, 0.762, -0.092, 0.027
0.528, 0.762, -0.092, 0.027
0.544, 0.762, -0.092, 0.027
0.561, 0.762, -0.092, 0.027
0.577, 0.762, -0.092, 0.027
0.594, 0.762, -0.092, 0.027
0.611, 0.762, -0.092, 0.027
0.628, 0.762, -0.092, 0.027
0.645, 0.762, -0.092, 0.027
0.661, 0.762, -0.092, 0.027
0.678, 0.762, -0.092, 0.027
0.695, 0.762, -0.092, 0.027
0.711, 0.762, -0.092, 0.027
0.728, 0.762, -0.092, 0.027
0.745, 0.762, -0.093, 0.027
0.761, 0.762, -0.092, 0.027
0.778, 0.762, -0.092, 0.027
0.795, 0.762, -0.092, 0.027
0.811, 0.762, -0.092, 0.027
0.828, 0.762, -0.092, 0.027
0.845, 0.762, -0.092, 0.027
0.861, 0.762, -0.092, 0.027
0.878, 0.762, -0.092, 0.027
0.895, 0.762, -0.092, 0.027
0.911, 0.762, -0.092, 0.027
0.928, 0.762, -0.092, 0.027
0.944, 0.762, -0.092, 0.027
0.961, 0.762, -0.092, 0.027
0.978, 0.762, -0.092, 0.027
0.994, 0.762, -0.092, 0.027
1.011, 0.762, -0.092, 0.027
1.028, 0.762, -0.092, 0.027
1.044, 0.762, -0.092, 0.027
1.061, 0.762, -0.092, 0.027
1.078, 0.762, -0.092, 0.027
1.094, 0.762, -0.092, 0.027
1.111, 0.762, -0.092, 0.027
1.128, 0.762, -0.092, 0.027
1.144, 0.762, -0.092, 0.027
1.161, 0.762, -0.092, 0.027
1.177, 0.762, -0.092, 0.027
1.194, 0.762, -0.092, 0.027
1.211, 0.762, -0.092, 0.027
1.228, 0.762, -0.092, 0.027
1.245, 0.762, -0.092, 0.027
1.261, 0.762, -0.092, 0.027
1.278, 0.762, -0.092, 0.027
1.294, 0.762, -0.092, 0.027
1.311, 0.762, -0.092, 0.027
1.328, 0.762, -0.092, 0.027
1.344, 0.762, -0.092, 0.027
1.361, 0.762, -0.092, 0.027
1.378, 0.762, -0.092, 0.027
1.394, 0.762, -0.092, 0.027
1.411, 0.762, -0.092, 0.027
1.427, 0.762, -0.092, 0.027
1.444, 0.762, -0.093, 0.027
1.461, 0.762, -0.092, 0.027
1.477, 0.762, -0.092, 0.027
1.494, 0.762, -0.092, 0.027
1.511, 0.762, -0.092, 0.027
1.527, 0.762, -0.092, 0.027
1.544, 0.762, -0.092, 0.027
1.561, 0.762, -0.092, 0.027
1.578, 0.762, -0.093, 0.027
1.595, 0.762, -0.092, 0.027
1.618, 0.762, -0.093, 0.028
1.628, 0.762, -0.092, 0.027
1.645, 0.762, -0.092, 0.027
1.661, 0.762, -0.092, 0.027
1.678, 0.762, -0.092, 0.027
1.694, 0.762, -0.093, 0.027
1.711, 0.762, -0.092, 0.027
1.728, 0.762, -0.093, 0.028
1.744, 0.762, -0.092, 0.027
1.761, 0.762, -0.092, 0.027
1.778, 0.762, -0.092, 0.027
1.794, 0.762, -0.093, 0.028
1.811, 0.762, -0.093, 0.027
1.828, 0.762, -0.092, 0.028
1.845, 0.762, -0.092, 0.027
1.861, 0.762, -0.092, 0.027
1.878, 0.762, -0.093, 0.028
1.894, 0.762, -0.092, 0.027
1.911, 0.762, -0.092, 0.027
1.928, 0.762, -0.093, 0.028
1.944, 0.762, -0.092, 0.027
1.961, 0.762, -0.092, 0.027
1.978, 0.762, -0.092, 0.027
1.994, 0.762, -0.092, 0.027
2.011, 0.762, -0.092, 0.027
2.028, 0.762, -0.093, 0.027
2.044, 0.762, -0.092, 0.027
2.061, 0.762, -0.093, 0.028
2.078, 0.762, -0.092, 0.027
2.094, 0.762, -0.092, 0.027
2.111, 0.762, -0.093, 0.028
2.128, 0.762, -0.093, 0.028
2.144, 0.762, -0.092, 0.027
2.161, 0.762, -0.092, 0.027
2.178, 0.762, -0.092, 0.027
2.194, 0.762, -0.092, 0.027
2.211, 0.762, -0.093, 0.027
2.228, 0.762, -0.092, 0.028
2.244, 0.762, -0.093, 0.027
2.261, 0.762, -0.092, 0.027
2.278, 0.762, -0.092, 0.027
2.295, 0.762, -0.092, 0.027
2.311, 0.762, -0.092, 0.027
2.328, 0.762, -0.093, 0.028
2.344, 0.762, -0.092, 0.027
2.361, 0.762, -0.092, 0.027
2.378, 0.762, -0.092, 0.027
2.395, 0.762, -0.092, 0.027
2.412, 0.762, -0.092, 0.027
2.428, 0.762, -0.092, 0.027
2.444, 0.762, -0.092, 0.027
2.461, 0.762, -0.092, 0.027
2.478, 0.762, -0.092, 0.027
2.495, 0.762, -0.092, 0.027
2.511, 0.762, -0.093, 0.027
2.528, 0.762, -0.092, 0.027
2.545, 0.762, -0.092, 0.027
2.561, 0.762, -0.093, 0.027
2.578, 0.762, -0.092, 0.027
2.594, 0.762, -0.092, 0.027
2.611, 0.762, -0.092, 0.027
2.628, 0.762, -0.092, 0.027
2.644, 0.762, -0.093, 0.028
2.661, 0.762, -0.093, 0.027
2.678, 0.762, -0.092, 0.028
2.694, 0.762, -0.092, 0.027
2.711, 0.762, -0.092, 0.027
2.727, 0.762, -0.092, 0.027
2.744, 0.762, -0.092, 0.027
2.761, 0.762, -0.092, 0.027
2.777, 0.762, -0.092, 0.027
2.794, 0.762, -0.092, 0.027
2.811, 0.762, -0.092, 0.027
2.828, 0.762, -0.093, 0.028
2.844, 0.762, -0.093, 0.028
2.861, 0.762, -0.092, 0.027
2.878, 0.762, -0.092, 0.027
2.894, 0.762, -0.092, 0.027
2.911, 0.762, -0.092, 0.028
2.928, 0.762, -0.092, 0.027
2.944, 0.762, -0.092, 0.028
2.961, 0.762, -0.092, 0.027
2.978, 0.762, -0.092, 0.027
2.994, 0.762, -0.092, 0.027
3.011, 0.762, -0.093, 0.028
3.028, 0.762, -0.092, 0.027
3.044, 0.762, -0.093, 0.027
3.061, 0.762, -0.092, 0.027
3.078, 0.762, -0.092, 0.027
3.094, 0.762, -0.092, 0.027
3.111, 0.762, -0.092, 0.027
3.127, 0.762, -0.092, 0.027
3.144, 0.762, -0.092, 0.027
3.161, 0.762, -0.092, 0.027
3.178, 0.762, -0.092, 0.027
3.194, 0.762, -0.093, 0.028
3.211, 0.762, -0.092, 0.027
3.228, 0.762, -0.093, 0.027
3.244, 0.762, -0.092, 0.027
3.261, 0.762, -0.093, 0.028
3.278, 0.762, -0.092, 0.027
3.294, 0.762, -0.092, 0.027
3.311, 0.762, -0.092, 0.027
3.328, 0.762, -0.092, 0.027
3.344, 0.762, -0.092, 0.027
3.361, 0.762, -0.093, 0.028
3.378, 0.762, -0.092, 0.027
3.394, 0.762, -0.092, 0.027
3.411, 0.762, -0.092, 0.027
3.427, 0.762, -0.092, 0.027
3.444, 0.762, -0.092, 0.027
3.461, 0.762, -0.092, 0.027
3.478, 0.762, -0.092, 0.027
3.495, 0.762, -0.093, 0.027
3.511, 0.762, -0.092, 0.027
3.528, 0.762, -0.092, 0.027
3.544, 0.762, -0.092, 0.027
3.561, 0.762, -0.092, 0.027
3.578, 0.762, -0.092, 0.027
3.594, 0.762, -0.092, 0.027
3.611, 0.762, -0.092, 0.027
3.628, 0.762, -0.092, 0.027
3.644, 0.762, -0.092, 0.027
3.661, 0.762, -0.092, 0.027
3.678, 0.762, -0.092, 0.027
3.694, 0.762, -0.093, 0.027
3.711, 0.762, -0.093, 0.028
3.728, 0.762, -0.092, 0.027
3.744, 0.762, -0.092, 0.027
3.761, 0.762, -0.092, 0.027
3.778, 0.762, -0.092, 0.027
3.794, 0.762, -0.092, 0.027
3.811, 0.762, -0.092, 0.027
3.828, 0.762, -0.092, 0.027
3.844, 0.762, -0.092, 0.027
3.861, 0.762, -0.092, 0.027
3.877, 0.762, -0.092, 0.027
3.894, 0.762, -0.092, 0.027
3.911, 0.762, -0.092, 0.027
3.928, 0.762, -0.092, 0.027
3.944, 0.762, -0.093, 0.027
3.961, 0.762, -0.092, 0.027
3.978, 0.762, -0.092, 0.027
3.994, 0.762, -0.092, 0.027
4.011, 0.762, -0.092, 0.027
4.028, 0.762, -0.092, 0.027
4.044, 0.762, -0.092, 0.027
4.061, 0.762, -0.092, 0.027
4.078, 0.762, -0.092, 0.027
4.094, 0.762, -0.092, 0.027
4.111, 0.762, -0.092, 0.027
4.128, 0.762, -0.092, 0.027
4.144, 0.762, -0.093, 0.027
4.161, 0.762, -0.092, 0.027
4.178, 0.762, -0.093, 0.027
4.194, 0.762, -0.092, 0.027
4.211, 0.762, -0.092, 0.027
4.228, 0.762, -0.092, 0.027
4.244, 0.762, -0.092, 0.027
4.261, 0.762, -0.092, 0.027
4.278, 0.762, -0.092, 0.027
4.295, 0.762, -0.092, 0.027
4.311, 0.762, -0.092, 0.027
4.328, 0.762, -0.092, 0.027
4.344, 0.762, -0.092, 0.027
4.361, 0.762, -0.092, 0.027
4.378, 0.762, -0.092, 0.027
4.394, 0.762, -0.092, 0.027
4.411, 0.762, -0.092, 0.027
4.428, 0.762, -0.092, 0.027
4.444, 0.762, -0.092, 0.027
4.461, 0.762, -0.093, 0.027
4.478, 0.762, -0.092, 0.027
4.494, 0.762, -0.092, 0.027
4.511, 0.762, -0.092, 0.027
4.528, 0.762, -0.093, 0.028
4.544, 0.762, -0.092, 0.027
4.561, 0.762, -0.092, 0.027
4.578, 0.762, -0.092, 0.027
4.594, 0.762, -0.092, 0.027
4.611, 0.762, -0.092, 0.027
4.628, 0.762, -0.092, 0.027
4.644, 0.762, -0.092, 0.027
4.661, 0.762, -0.092, 0.027
4.678, 0.762, -0.092, 0.027
4.694, 0.762, -0.092, 0.027
4.711, 0.762, -0.092, 0.027
4.728, 0.762, -0.092, 0.027
4.744, 0.762, -0.092, 0.027
4.761, 0.762, -0.092, 0.027
4.778, 0.762, -0.092, 0.027
4.794, 0.762, -0.093, 0.027
4.811, 0.762, -0.092, 0.027
4.828, 0.762, -0.092, 0.027
4.844, 0.762, -0.092, 0.027
4.861, 0.762, -0.092, 0.027
4.878, 0.762, -0.092, 0.027
4.894, 0.762, -0.092, 0.027
4.911, 0.762, -0.092, 0.027
4.928, 0.762, -0.093, 0.027
4.944, 0.762, -0.092, 0.027
4.961, 0.762, -0.093, 0.027
4.978, 0.762, -0.093, 0.028
4.994, 0.762, -0.092, 0.027
5.011, 0.762, -0.093, 0.028
5.028, 0.762, -0.093, 0.027
5.044, 0.762, -0.092, 0.027
5.061, 0.762, -0.092, 0.027
5.078, 0.762, -0.092, 0.027
5.094, 0.762, -0.092, 0.027
5.111, 0.762, -0.092, 0.027
5.128, 0.762, -0.093, 0.028
5.144, 0.762, -0.092, 0.027
5.161, 0.762, -0.092, 0.027
5.178, 0.762, -0.092, 0.027
5.194, 0.762, -0.092, 0.027
5.211, 0.762, -0.093, 0.028
5.228, 0.762, -0.092, 0.027
5.244, 0.762, -0.092, 0.027
5.261, 0.762, -0.092, 0.027
5.278, 0.762, -0.092, 0.027
5.294, 0.762, -0.092, 0.027
5.311, 0.762, -0.092, 0.027
5.328, 0.762, -0.092, 0.027
5.344, 0.762, -0.092, 0.027
5.361, 0.762, -0.092, 0.027
5.378, 0.762, -0.092, 0.027
5.394, 0.762, -0.092, 0.027
5.411, 0.762, -0.092, 0.027
5.428, 0.762, -0.092, 0.027
5.444, 0.762, -0.092, 0.027
5.461, 0.762, -0.092, 0.027
5.478, 0.762, -0.092, 0.027
5.494, 0.762, -0.092, 0.027
5.511, 0.762, -0.092, 0.027
5.528, 0.762, -0.092, 0.027
5.545, 0.762, -0.092, 0.028
5.561, 0.762, -0.093, 0.027
5.578, 0.762, -0.093, 0.028
5.594, 0.762, -0.092, 0.027
5.611, 0.762, -0.092, 0.027
5.628, 0.762, -0.092, 0.027
5.644, 0.762, -0.092, 0.027
5.661, 0.762, -0.092, 0.028
5.678, 0.762, -0.093, 0.027
5.694, 0.762, -0.092, 0.027
5.711, 0.762, -0.093, 0.027
5.728, 0.762, -0.092, 0.027
5.744, 0.762, -0.092, 0.027
5.761, 0.762, -0.092, 0.027
5.778, 0.762, -0.092, 0.027
5.794, 0.762, -0.092, 0.027
5.811, 0.762, -0.092, 0.027
5.828, 0.762, -0.092, 0.027
5.844, 0.762, -0.092, 0.027
5.861, 0.762, -0.092, 0.027
5.878, 0.762, -0.092, 0.027
5.894, 0.762, -0.092, 0.027
5.911, 0.762, -0.092, 0.027
5.928, 0.762, -0.092, 0.027
5.944, 0.762, -0.092, 0.027
5.961, 0.762, -0.092, 0.027
5.978, 0.762, -0.092, 0.027
5.994, 0.762, -0.093, 0.028
6.011, 0.762, -0.092, 0.027
6.028, 0.762, -0.092, 0.027
6.044, 0.762, -0.092, 0.027
6.061, 0.762, -0.092, 0.027
6.078, 0.762, -0.092, 0.027
6.094, 0.762, -0.092, 0.027
6.111, 0.762, -0.092, 0.027
6.128, 0.762, -0.092, 0.027
6.144, 0.762, -0.093, 0.027
6.161, 0.762, -0.092, 0.027
6.178, 0.762, -0.092, 0.027
6.194, 0.762, -0.092, 0.027
6.211, 0.762, -0.093, 0.027
6.228, 0.762, -0.092, 0.027
6.244, 0.762, -0.092, 0.027
6.261, 0.762, -0.093, 0.027
6.278, 0.762, -0.092, 0.028
6.294, 0.762, -0.093, 0.027
6.311, 0.762, -0.093, 0.027
6.328, 0.762, -0.093, 0.027
6.345, 0.762, -0.093, 0.027
6.361, 0.762, -0.093, 0.028
6.378, 0.762, -0.093, 0.028
6.394, 0.762, -0.093, 0.028
6.411, 0.762, -0.093, 0.028
6.428, 0.762, -0.093, 0.028
6.445, 0.762, -0.093, 0.028
6.461, 0.762, -0.093, 0.027
6.478, 0.762, -0.093, 0.028
6.494, 0.762, -0.093, 0.028
6.511, 0.762, -0.093, 0.028
6.528, 0.762, -0.093, 0.028
6.544, 0.762, -0.093, 0.027
6.561, 0.762, -0.093, 0.027
6.577, 0.762, -0.093, 0.028
6.595, 0.762, -0.093, 0.027
6.611, 0.762, -0.093, 0.028
6.628, 0.762, -0.093, 0.028
6.645, 0.762, -0.093, 0.027
6.661, 0.762, -0.093, 0.027
6.678, 0.762, -0.093, 0.028
6.694, 0.762, -0.093, 0.027
6.711, 0.762, -0.093, 0.028
6.728, 0.762, -0.093, 0.028
6.745, 0.762, -0.093, 0.028
6.761, 0.762, -0.093, 0.028
6.778, 0.762, -0.093, 0.028
6.795, 0.762, -0.093, 0.028
6.811, 0.762, -0.093, 0.027
6.828, 0.762, -0.093, 0.027
6.845, 0.762, -0.093, 0.028
6.861, 0.762, -0.093, 0.027
6.878, 0.762, -0.093, 0.028
6.894, 0.762, -0.093, 0.028
6.911, 0.762, -0.093, 0.027
6.928, 0.762, -0.093, 0.027
6.944, 0.762, -0.093, 0.028
6.961, 0.762, -0.093, 0.027
6.978, 0.762, -0.093, 0.028
6.995, 0.762, -0.093, 0.028
7.011, 0.762, -0.093, 0.028
7.028, 0.762, -0.093, 0.028
7.044, 0.762, -0.093, 0.028
7.061, 0.762, -0.093, 0.028
7.078, 0.762, -0.093, 0.028
7.094, 0.762, -0.093, 0.028
7.111, 0.762, -0.093, 0.028
7.128, 0.762, -0.093, 0.027
7.145, 0.762, -0.093, 0.028
7.161, 0.762, -0.093, 0.028
7.178, 0.762, -0.093, 0.028
7.194, 0.762, -0.093, 0.028
7.212, 0.762, -0.093, 0.028
7.228, 0.762, -0.093, 0.028
7.245, 0.762, -0.093, 0.028
7.261, 0.762, -0.093, 0.028
7.278, 0.762, -0.094, 0.028
7.295, 0.761, -0.094, 0.028
7.311, 0.762, -0.094, 0.028
7.328, 0.761, -0.094, 0.028
7.345, 0.761, -0.094, 0.028
7.361, 0.761, -0.094, 0.028
7.378, 0.761, -0.094, 0.028
7.395, 0.761, -0.095, 0.028
7.411, 0.760, -0.095, 0.028
7.428, 0.760, -0.095, 0.028
7.445, 0.759, -0.096, 0.028
7.461, 0.759, -0.096, 0.028
7.478, 0.759, -0.096, 0.028
7.495, 0.759, -0.096, 0.028
7.511, 0.759, -0.096, 0.028
7.528, 0.759, -0.095, 0.028
7.545, 0.759, -0.095, 0.028
7.561, 0.758, -0.095, 0.028
7.578, 0.758, -0.095, 0.028
7.595, 0.758, -0.095, 0.028
7.611, 0.759, -0.095, 0.028
7.628, 0.759, -0.095, 0.028
7.645, 0.758, -0.096, 0.028
7.661, 0.758, -0.096, 0.028
7.678, 0.758, -0.096, 0.028
7.694, 0.758, -0.096, 0.029
7.711, 0.758, -0.096, 0.029
7.728, 0.758, -0.096, 0.029
7.744, 0.758, -0.097, 0.029
7.761, 0.758, -0.097, 0.029
7.778, 0.758, -0.097, 0.029
7.794, 0.758, -0.097, 0.029
7.811, 0.758, -0.098, 0.029
7.828, 0.757, -0.098, 0.030
7.844, 0.757, -0.099, 0.030
7.861, 0.757, -0.099, 0.030
7.878, 0.756, -0.100, 0.030
7.894, 0.755, -0.102, 0.030
7.911, 0.755, -0.102, 0.031
7.928, 0.754, -0.104, 0.031
7.944, 0.753, -0.106, 0.031
7.962, 0.753, -0.106, 0.031
7.978, 0.753, -0.108, 0.032
7.995, 0.752, -0.111, 0.032
8.012, 0.752, -0.112, 0.032
8.028, 0.751, -0.114, 0.032
8.045, 0.750, -0.117, 0.033
8.061, 0.749, -0.119, 0.032
8.078, 0.748, -0.123, 0.033
8.094, 0.747, -0.126, 0.032
8.112, 0.746, -0.128, 0.032
8.128, 0.745, -0.131, 0.032
8.144, 0.744, -0.136, 0.032
8.161, 0.743, -0.138, 0.032
8.178, 0.741, -0.143, 0.032
8.194, 0.740, -0.147, 0.032
8.211, 0.739, -0.149, 0.033
8.228, 0.737, -0.155, 0.033
8.245, 0.735, -0.160, 0.034
8.261, 0.735, -0.162, 0.034
8.278, 0.733, -0.167, 0.034
8.295, 0.730, -0.175, 0.035
8.311, 0.729, -0.177, 0.035
8.328, 0.727, -0.183, 0.035
8.344, 0.724, -0.191, 0.036
8.361, 0.723, -0.194, 0.036
8.378, 0.720, -0.204, 0.037
8.394, 0.718, -0.210, 0.038
8.411, 0.717, -0.213, 0.038
8.428, 0.714, -0.224, 0.040
8.445, 0.711, -0.231, 0.041
8.462, 0.711, -0.235, 0.042
8.478, 0.707, -0.246, 0.044
8.495, 0.704, -0.254, 0.046
8.511, 0.703, -0.258, 0.046
8.528, 0.700, -0.270, 0.049
8.545, 0.697, -0.278, 0.051
8.561, 0.696, -0.283, 0.052
8.578, 0.693, -0.291, 0.054
8.594, 0.690, -0.303, 0.057
8.611, 0.689, -0.307, 0.058
8.628, 0.686, -0.315, 0.060
8.645, 0.682, -0.328, 0.064
8.661, 0.681, -0.332, 0.066
8.678, 0.677, -0.343, 0.070
8.695, 0.675, -0.351, 0.073
8.711, 0.674, -0.354, 0.075
8.728, 0.670, -0.365, 0.079
8.744, 0.668, -0.372, 0.082
8.761, 0.666, -0.375, 0.084
8.778, 0.664, -0.381, 0.087
8.794, 0.660, -0.390, 0.092
8.811, 0.659, -0.393, 0.094
8.828, 0.657, -0.398, 0.097
8.844, 0.654, -0.406, 0.101
8.861, 0.653, -0.408, 0.103
8.878, 0.650, -0.414, 0.107
8.894, 0.648, -0.418, 0.110
8.911, 0.647, -0.420, 0.111
8.928, 0.645, -0.423, 0.114
8.944, 0.642, -0.427, 0.118
8.961, 0.642, -0.428, 0.120
8.978, 0.640, -0.430, 0.122
8.995, 0.638, -0.433, 0.126
9.011, 0.637, -0.434, 0.127
9.028, 0.636, -0.435, 0.129
9.044, 0.634, -0.435, 0.133
9.061, 0.634, -0.435, 0.133
9.078, 0.632, -0.435, 0.137
9.094, 0.632, -0.435, 0.139
9.111, 0.631, -0.434, 0.140
9.128, 0.630, -0.432, 0.142
9.145, 0.630, -0.430, 0.144
9.161, 0.630, -0.429, 0.145
9.178, 0.629, -0.426, 0.148
9.194, 0.629, -0.423, 0.150
9.211, 0.629, -0.422, 0.150
9.228, 0.629, -0.419, 0.152
9.245, 0.629, -0.414, 0.154
9.261, 0.629, -0.412, 0.155
9.278, 0.630, -0.406, 0.157
9.294, 0.630, -0.402, 0.159
9.311, 0.630, -0.400, 0.160
9.328, 0.630, -0.396, 0.161
9.344, 0.631, -0.389, 0.163
9.361, 0.631, -0.387, 0.164
9.378, 0.632, -0.380, 0.166
9.394, 0.632, -0.375, 0.167
9.411, 0.632, -0.372, 0.168
9.428, 0.633, -0.365, 0.170
9.444, 0.633, -0.360, 0.171
9.461, 0.633, -0.357, 0.172
9.478, 0.634, -0.352, 0.173
9.494, 0.635, -0.345, 0.174
9.511, 0.635, -0.342, 0.175
9.528, 0.635, -0.335, 0.177
9.544, 0.635, -0.330, 0.178
9.561, 0.635, -0.327, 0.178
9.578, 0.636, -0.320, 0.180
9.594, 0.636, -0.315, 0.181
9.611, 0.636, -0.313, 0.181
9.628, 0.636, -0.306, 0.183
9.644, 0.636, -0.301, 0.184
9.661, 0.636, -0.299, 0.184
9.678, 0.636, -0.292, 0.186
9.694, 0.636, -0.288, 0.187
9.711, 0.636, -0.286, 0.187
9.728, 0.635, -0.279, 0.189
9.744, 0.635, -0.275, 0.190
9.761, 0.635, -0.273, 0.190
9.778, 0.634, -0.268, 0.192
9.794, 0.634, -0.264, 0.193
9.811, 0.633, -0.262, 0.194
9.828, 0.632, -0.257, 0.195
9.845, 0.632, -0.254, 0.196
9.861, 0.632, -0.252, 0.197
9.878, 0.631, -0.248, 0.198
9.894, 0.630, -0.245, 0.199
9.911, 0.629, -0.244, 0.199
9.928, 0.629, -0.241, 0.200
9.945, 0.628, -0.238, 0.202
9.961, 0.627, -0.237, 0.202
9.978, 0.626, -0.234, 0.204
9.994, 0.625, -0.232, 0.205
10.011, 0.625, -0.231, 0.205
10.028, 0.624, -0.229, 0.206
10.045, 0.623, -0.228, 0.207
10.061, 0.622, -0.227, 0.208
10.078, 0.621, -0.225, 0.209
10.094, 0.620, -0.224, 0.210
10.111, 0.619, -0.224, 0.211
10.128, 0.618, -0.223, 0.213
10.144, 0.616, -0.222, 0.215
10.161, 0.616, -0.221, 0.216
10.178, 0.615, -0.220, 0.217
10.194, 0.613, -0.220, 0.220
10.211, 0.613, -0.219, 0.220
10.228, 0.611, -0.218, 0.223
10.244, 0.610, -0.218, 0.225
10.261, 0.610, -0.217, 0.226
10.278, 0.608, -0.217, 0.228
10.295, 0.608, -0.216, 0.230
10.311, 0.607, -0.216, 0.231
10.328, 0.606, -0.216, 0.234
10.344, 0.606, -0.215, 0.235
10.361, 0.605, -0.215, 0.236
10.378, 0.605, -0.215, 0.239
10.394, 0.605, -0.215, 0.240
10.411, 0.604, -0.215, 0.241
10.429, 0.604, -0.215, 0.242
10.444, 0.604, -0.215, 0.245
10.461, 0.604, -0.214, 0.245
10.477, 0.605, -0.214, 0.247
10.494, 0.605, -0.214, 0.248
10.511, 0.605, -0.214, 0.249
10.528, 0.605, -0.214, 0.250
10.544, 0.606, -0.213, 0.251
10.561, 0.606, -0.213, 0.252
10.578, 0.608, -0.213, 0.253
10.594, 0.608, -0.212, 0.254
10.611, 0.609, -0.212, 0.255
10.627, 0.610, -0.212, 0.256
10.644, 0.611, -0.210, 0.257
10.661, 0.612, -0.210, 0.258
10.678, 0.613, -0.210, 0.259
10.694, 0.614, -0.209, 0.260
10.711, 0.615, -0.209, 0.261
10.728, 0.617, -0.208, 0.262
10.745, 0.618, -0.207, 0.263
10.761, 0.618, -0.207, 0.264
10.778, 0.620, -0.206, 0.265
10.794, 0.621, -0.205, 0.266
10.811, 0.622, -0.205, 0.267
10.828, 0.623, -0.203, 0.268
10.844, 0.624, -0.203, 0.268
10.861, 0.625, -0.202, 0.269
10.878, 0.626, -0.201, 0.269
10.895, 0.626, -0.200, 0.270
10.911, 0.627, -0.200, 0.271
10.928, 0.627, -0.199, 0.271
10.944, 0.628, -0.198, 0.271
10.961, 0.628, -0.197, 0.271
10.978, 0.629, -0.196, 0.272
10.995, 0.630, -0.195, 0.272
11.011, 0.630, -0.194, 0.272
11.028, 0.630, -0.193, 0.272
11.045, 0.630, -0.192, 0.272
11.061, 0.631, -0.191, 0.272
11.078, 0.631, -0.190, 0.271
11.094, 0.631, -0.189, 0.271
11.111, 0.630, -0.188, 0.271
11.128, 0.631, -0.187, 0.271
11.144, 0.630, -0.186, 0.271
11.161, 0.630, -0.185, 0.270
11.178, 0.629, -0.184, 0.270
11.194, 0.629, -0.183, 0.270
11.211, 0.629, -0.182, 0.270
11.228, 0.628, -0.182, 0.270
11.247, 0.627, -0.181, 0.270
11.261, 0.627, -0.181, 0.270
11.278, 0.626, -0.180, 0.270
11.294, 0.625, -0.179, 0.270
11.311, 0.625, -0.179, 0.270
11.327, 0.624, -0.179, 0.270
11.344, 0.623, -0.178, 0.270
11.361, 0.623, -0.178, 0.270
11.378, 0.622, -0.178, 0.271
11.394, 0.621, -0.178, 0.271
11.411, 0.620, -0.178, 0.271
11.427, 0.619, -0.178, 0.271
11.444, 0.618, -0.178, 0.272
11.461, 0.618, -0.178, 0.272
11.478, 0.616, -0.178, 0.272
11.494, 0.615, -0.178, 0.273
11.511, 0.615, -0.178, 0.273
11.527, 0.613, -0.179, 0.274
11.544, 0.612, -0.179, 0.274
11.561, 0.612, -0.180, 0.275
11.578, 0.610, -0.180, 0.275
11.594, 0.609, -0.181, 0.276
11.611, 0.609, -0.181, 0.276
11.627, 0.607, -0.182, 0.277
11.644, 0.606, -0.182, 0.277
11.661, 0.606, -0.183, 0.278
11.678, 0.604, -0.184, 0.278
11.695, 0.603, -0.185, 0.279
11.711, 0.602, -0.185, 0.279
11.728, 0.601, -0.186, 0.280
11.744, 0.600, -0.187, 0.280
11.762, 0.599, -0.187, 0.280
11.778, 0.598, -0.188, 0.281
11.795, 0.597, -0.189, 0.282
11.811, 0.596, -0.190, 0.281
11.828, 0.595, -0.191, 0.282
11.845, 0.594, -0.191, 0.282
11.862, 0.593, -0.192, 0.282
11.878, 0.592, -0.193, 0.282
11.895, 0.591, -0.193, 0.282
11.911, 0.590, -0.194, 0.282
11.928, 0.589, -0.195, 0.282
11.944, 0.588, -0.195, 0.282
11.961, 0.588, -0.196, 0.282
11.978, 0.587, -0.196, 0.282
11.994, 0.587, -0.197, 0.281
12.011, 0.587, -0.197, 0.281
12.028, 0.586, -0.197, 0.281
12.044, 0.586, -0.198, 0.281
12.061, 0.586, -0.198, 0.281
12.078, 0.586, -0.198, 0.281
12.094, 0.586, -0.198, 0.281
12.111, 0.585, -0.198, 0.281
12.128, 0.586, -0.197, 0.282
12.144, 0.586, -0.197, 0.282
12.161, 0.586, -0.197, 0.283
12.178, 0.586, -0.196, 0.284
12.194, 0.587, -0.196, 0.284
12.211, 0.587, -0.196, 0.285
12.228, 0.587, -0.195, 0.286
12.244, 0.587, -0.195, 0.287
12.261, 0.588, -0.194, 0.287
12.278, 0.588, -0.194, 0.288
12.294, 0.588, -0.194, 0.289
12.311, 0.589, -0.193, 0.289
12.328, 0.589, -0.193, 0.290
12.344, 0.590, -0.193, 0.291
12.361, 0.590, -0.193, 0.291
12.378, 0.590, -0.193, 0.292
12.394, 0.591, -0.193, 0.292
12.411, 0.591, -0.193, 0.292
12.428, 0.591, -0.193, 0.293
12.444, 0.592, -0.193, 0.293
12.461, 0.592, -0.193, 0.293
12.478, 0.592, -0.194, 0.294
12.494, 0.593, -0.194, 0.294
12.511, 0.593, -0.195, 0.294
12.528, 0.593, -0.195, 0.294
12.544, 0.593, -0.196, 0.294
12.561, 0.593, -0.196, 0.294
12.578, 0.594, -0.197, 0.294
12.594, 0.594, -0.197, 0.295
12.611, 0.594, -0.197, 0.294
12.628, 0.594, -0.198, 0.295
12.644, 0.594, -0.198, 0.295
12.661, 0.594, -0.199, 0.295
12.678, 0.594, -0.199, 0.296
12.694, 0.594, -0.199, 0.296
12.711, 0.594, -0.200, 0.296
12.728, 0.594, -0.200, 0.297
12.744, 0.595, -0.200, 0.297
12.761, 0.595, -0.200, 0.298
12.778, 0.595, -0.200, 0.299
12.794, 0.595, -0.200, 0.299
12.811, 0.595, -0.200, 0.299
12.828, 0.595, -0.199, 0.301
12.844, 0.595, -0.199, 0.301
12.861, 0.595, -0.198, 0.302
12.878, 0.595, -0.198, 0.303
12.894, 0.595, -0.197, 0.303
12.911, 0.595, -0.197, 0.303
12.928, 0.595, -0.196, 0.304
12.944, 0.595, -0.195, 0.305
12.961, 0.595, -0.194, 0.305
12.978, 0.595, -0.193, 0.306
12.995, 0.595, -0.192, 0.307
13.011, 0.595, -0.192, 0.307
13.028, 0.595, -0.190, 0.308
13.044, 0.595, -0.189, 0.308
13.061, 0.595, -0.188, 0.309
13.078, 0.595, -0.187, 0.310
13.094, 0.595, -0.186, 0.310
13.111, 0.595, -0.185, 0.311
13.128, 0.595, -0.183, 0.312
13.145, 0.595, -0.182, 0.313
13.161, 0.595, -0.182, 0.313
13.178, 0.595, -0.180, 0.314
13.195, 0.595, -0.179, 0.315
13.211, 0.594, -0.178, 0.315
13.228, 0.594, -0.177, 0.316
13.244, 0.594, -0.175, 0.317
13.261, 0.594, -0.175, 0.317
13.278, 0.593, -0.173, 0.319
13.295, 0.593, -0.172, 0.319
13.311, 0.593, -0.172, 0.320
13.328, 0.592, -0.170, 0.321
13.345, 0.592, -0.169, 0.321
13.361, 0.591, -0.168, 0.321
13.378, 0.591, -0.167, 0.322
13.394, 0.590, -0.166, 0.323
13.411, 0.590, -0.165, 0.323
13.427, 0.589, -0.164, 0.324
13.444, 0.588, -0.163, 0.324
13.461, 0.588, -0.162, 0.324
13.478, 0.587, -0.161, 0.325
13.494, 0.587, -0.160, 0.325
13.511, 0.586, -0.159, 0.325
13.528, 0.585, -0.158, 0.325
13.544, 0.585, -0.157, 0.325
13.561, 0.584, -0.157, 0.325
13.578, 0.584, -0.156, 0.325
13.594, 0.583, -0.155, 0.325
13.611, 0.583, -0.155, 0.325
13.628, 0.582, -0.154, 0.325
13.644, 0.582, -0.153, 0.325
13.661, 0.582, -0.153, 0.325
13.678, 0.581, -0.152, 0.326
13.694, 0.581, -0.152, 0.326
13.711, 0.581, -0.152, 0.326
13.728, 0.581, -0.152, 0.326
13.744, 0.581, -0.151, 0.326
13.761, 0.581, -0.151, 0.327
13.778, 0.581, -0.151, 0.328
13.794, 0.581, -0.151, 0.328
13.811, 0.580, -0.151, 0.328
13.828, 0.581, -0.152, 0.329
13.844, 0.581, -0.152, 0.330
13.861, 0.581, -0.152, 0.331
13.878, 0.581, -0.153, 0.332
13.894, 0.581, -0.153, 0.333
13.911, 0.582, -0.154, 0.334
13.928, 0.582, -0.154, 0.335
13.944, 0.582, -0.155, 0.336
13.961, 0.583, -0.156, 0.337
13.978, 0.583, -0.157, 0.339
13.994, 0.583, -0.157, 0.340
14.011, 0.584, -0.158, 0.341
14.028, 0.584, -0.159, 0.342
14.044, 0.584, -0.160, 0.343
14.061, 0.584, -0.160, 0.344
14.078, 0.585, -0.162, 0.346
14.094, 0.585, -0.163, 0.347
14.111, 0.585, -0.163, 0.347
14.128, 0.585, -0.165, 0.349
14.144, 0.585, -0.166, 0.349
14.161, 0.585, -0.166, 0.350
14.178, 0.585, -0.168, 0.351
14.195, 0.585, -0.169, 0.352
14.211, 0.585, -0.169, 0.353
14.228, 0.585, -0.170, 0.354
14.245, 0.585, -0.171, 0.355
14.261, 0.584, -0.172, 0.355
14.278, 0.584, -0.173, 0.356
14.294, 0.583, -0.173, 0.357
14.311, 0.583, -0.174, 0.357
14.328, 0.582, -0.175, 0.358
14.344, 0.582, -0.175, 0.359
14.361, 0.581, -0.175, 0.359
14.378, 0.580, -0.176, 0.360
14.394, 0.579, -0.177, 0.361
14.411, 0.579, -0.177, 0.361
14.428, 0.577, -0.177, 0.362
14.444, 0.576, -0.178, 0.362
14.461, 0.576, -0.178, 0.363
14.478, 0.574, -0.178, 0.363
14.494, 0.573, -0.178, 0.364
14.511, 0.572, -0.178, 0.364
14.527, 0.570, -0.179, 0.365
14.544, 0.569, -0.179, 0.365
14.561, 0.569, -0.179, 0.366
14.578, 0.567, -0.179, 0.367
14.594, 0.566, -0.179, 0.367
14.611, 0.565, -0.179, 0.368
14.628, 0.563, -0.179, 0.369
14.644, 0.562, -0.179, 0.369
14.661, 0.561, -0.179, 0.370
14.678, 0.559, -0.179, 0.371
14.694, 0.558, -0.179, 0.371
14.711, 0.557, -0.179, 0.372
14.728, 0.555, -0.180, 0.373
14.744, 0.554, -0.180, 0.374
14.761, 0.553, -0.180, 0.374
14.778, 0.551, -0.180, 0.375
14.795, 0.550, -0.180, 0.376
14.811, 0.549, -0.180, 0.376
14.828, 0.547, -0.181, 0.377
14.844, 0.546, -0.181, 0.377
14.861, 0.546, -0.181, 0.378
14.879, 0.544, -0.182, 0.378
14.894, 0.542, -0.183, 0.379
14.911, 0.542, -0.183, 0.379
14.928, 0.540, -0.184, 0.379
14.944, 0.539, -0.185, 0.380
14.961, 0.538, -0.185, 0.380
14.978, 0.536, -0.186, 0.380
14.994, 0.535, -0.187, 0.380
15.011, 0.535, -0.187, 0.380
15.027, 0.533, -0.188, 0.380
15.044, 0.532, -0.189, 0.380
15.061, 0.531, -0.189, 0.379
15.078, 0.529, -0.190, 0.379
15.094, 0.528, -0.191, 0.379
15.111, 0.527, -0.191, 0.378
15.128, 0.525, -0.192, 0.377
15.144, 0.524, -0.193, 0.377
15.161, 0.523, -0.193, 0.377
15.177, 0.521, -0.194, 0.376
15.194, 0.520, -0.194, 0.375
15.211, 0.519, -0.195, 0.375
15.228, 0.518, -0.195, 0.374
15.244, 0.516, -0.196, 0.374
15.261, 0.515, -0.196, 0.373
15.278, 0.513, -0.197, 0.372
15.294, 0.511, -0.198, 0.372
15.311, 0.511, -0.198, 0.371
15.328, 0.508, -0.199, 0.370
15.344, 0.507, -0.200, 0.370
15.362, 0.506, -0.200, 0.370
15.378, 0.504, -0.201, 0.369
15.394, 0.502, -0.201, 0.368
15.411, 0.501, -0.202, 0.368
15.428, 0.499, -0.202, 0.367
15.444, 0.497, -0.203, 0.366
15.461, 0.497, -0.203, 0.366
15.478, 0.494, -0.204, 0.365
15.494, 0.492, -0.205, 0.364
15.511, 0.492, -0.205, 0.364
15.528, 0.489, -0.205, 0.363
15.544, 0.487, -0.206, 0.362
15.561, 0.486, -0.206, 0.362
15.578, 0.484, -0.207, 0.360
15.594, 0.482, -0.207, 0.360
15.611, 0.481, -0.207, 0.359
15.628, 0.478, -0.208, 0.358
15.644, 0.477, -0.208, 0.357
15.661, 0.475, -0.208, 0.356
15.678, 0.473, -0.209, 0.355
15.694, 0.470, -0.209, 0.354
15.711, 0.470, -0.209, 0.354
15.728, 0.467, -0.209, 0.352
15.744, 0.465, -0.210, 0.351
15.761, 0.464, -0.210, 0.351
15.778, 0.461, -0.210, 0.350
15.794, 0.459, -0.210, 0.349
15.811, 0.458, -0.211, 0.349
15.828, 0.455, -0.211, 0.348
15.844, 0.453, -0.211, 0.347
15.861, 0.452, -0.211, 0.347
15.878, 0.449, -0.211, 0.347
15.894, 0.447, -0.211, 0.346
15.911, 0.446, -0.212, 0.346
15.928, 0.443, -0.212, 0.345
15.944, 0.441, -0.212, 0.345
15.961, 0.440, -0.212, 0.345
15.978, 0.437, -0.213, 0.345
15.994, 0.435, -0.213, 0.345
16.011, 0.434, -0.213, 0.345
16.028, 0.431, -0.214, 0.344
16.044, 0.429, -0.214, 0.344
16.061, 0.428, -0.214, 0.345
16.078, 0.425, -0.215, 0.344
16.094, 0.423, -0.215, 0.344
16.111, 0.422, -0.216, 0.345
16.128, 0.419, -0.217, 0.345
16.144, 0.417, -0.217, 0.345
16.161, 0.416, -0.218, 0.345
16.178, 0.414, -0.219, 0.346
16.194, 0.412, -0.220, 0.347
16.211, 0.411, -0.220, 0.347
16.228, 0.408, -0.221, 0.348
16.244, 0.406, -0.222, 0.348
16.261, 0.405, -0.223, 0.349
16.278, 0.402, -0.224, 0.350
16.294, 0.401, -0.225, 0.350
16.311, 0.400, -0.225, 0.351
16.328, 0.397, -0.227, 0.352
16.344, 0.396, -0.228, 0.352
16.361, 0.395, -0.228, 0.352
16.378, 0.392, -0.230, 0.354
16.394, 0.391, -0.231, 0.354
16.411, 0.390, -0.231, 0.355
16.428, 0.388, -0.233, 0.356
16.444, 0.386, -0.234, 0.357
16.461, 0.385, -0.235, 0.358
16.478, 0.383, -0.236, 0.360
16.495, 0.382, -0.237, 0.361
16.511, 0.381, -0.238, 0.361
16.528, 0.379, -0.240, 0.363
16.545, 0.378, -0.241, 0.364
16.561, 0.377, -0.241, 0.365
16.578, 0.375, -0.243, 0.367
16.595, 0.374, -0.244, 0.368
16.611, 0.373, -0.244, 0.368
16.628, 0.371, -0.245, 0.370
16.645, 0.370, -0.246, 0.371
16.661, 0.370, -0.247, 0.371
16.678, 0.368, -0.248, 0.374
16.694, 0.367, -0.249, 0.374
16.711, 0.366, -0.249, 0.375
16.728, 0.364, -0.250, 0.376
16.745, 0.363, -0.250, 0.377
16.761, 0.362, -0.251, 0.378
16.778, 0.361, -0.251, 0.379
16.795, 0.360, -0.251, 0.380
16.811, 0.359, -0.252, 0.381
16.828, 0.357, -0.252, 0.382
16.844, 0.356, -0.253, 0.383
16.861, 0.355, -0.253, 0.384
16.878, 0.353, -0.253, 0.385
16.894, 0.352, -0.253, 0.385
16.911, 0.351, -0.254, 0.386
16.928, 0.349, -0.254, 0.387
16.944, 0.348, -0.254, 0.388
16.961, 0.347, -0.254, 0.388
16.978, 0.345, -0.254, 0.389
16.994, 0.344, -0.254, 0.389
17.011, 0.343, -0.254, 0.389
17.028, 0.341, -0.254, 0.390
17.044, 0.339, -0.254, 0.390
17.061, 0.339, -0.254, 0.390
17.078, 0.337, -0.254, 0.391
17.094, 0.335, -0.254, 0.391
17.111, 0.335, -0.254, 0.391
17.128, 0.333, -0.254, 0.391
17.144, 0.331, -0.254, 0.391
17.161, 0.330, -0.254, 0.391
17.178, 0.328, -0.254, 0.392
17.194, 0.327, -0.254, 0.392
17.211, 0.326, -0.254, 0.392
17.228, 0.324, -0.254, 0.392
17.244, 0.323, -0.255, 0.392
17.261, 0.322, -0.255, 0.392
17.278, 0.320, -0.255, 0.393
17.294, 0.319, -0.255, 0.393
17.311, 0.318, -0.256, 0.393
17.328, 0.316, -0.256, 0.394
17.344, 0.314, -0.257, 0.394
17.361, 0.314, -0.257, 0.395
17.378, 0.311, -0.258, 0.395
17.394, 0.310, -0.259, 0.395
17.411, 0.309, -0.259, 0.395
17.428, 0.307, -0.261, 0.396
17.444, 0.305, -0.261, 0.396
17.461, 0.305, -0.262, 0.397
17.478, 0.302, -0.263, 0.397
17.494, 0.301, -0.265, 0.398
17.511, 0.300, -0.265, 0.398
17.528, 0.297, -0.267, 0.398
17.544, 0.296, -0.268, 0.399
17.561, 0.295, -0.268, 0.399
17.578, 0.292, -0.270, 0.399
17.595, 0.291, -0.271, 0.399
17.611, 0.290, -0.272, 0.399
17.628, 0.288, -0.274, 0.399
17.644, 0.286, -0.275, 0.399
17.661, 0.285, -0.276, 0.400
17.678, 0.283, -0.278, 0.400
17.694, 0.281, -0.279, 0.399
17.711, 0.280, -0.280, 0.400
17.728, 0.277, -0.282, 0.399
17.744, 0.276, -0.283, 0.399
17.761, 0.275, -0.284, 0.399
17.778, 0.272, -0.286, 0.399
17.795, 0.270, -0.287, 0.399
17.812, 0.269, -0.288, 0.399
17.828, 0.267, -0.289, 0.398
17.844, 0.264, -0.290, 0.398
17.861, 0.264, -0.291, 0.398
17.878, 0.260, -0.292, 0.397
17.895, 0.259, -0.294, 0.397
17.912, 0.258, -0.294, 0.397
17.928, 0.255, -0.296, 0.396
17.944, 0.252, -0.297, 0.395
17.961, 0.251, -0.297, 0.395
17.978, 0.248, -0.299, 0.394
17.994, 0.246, -0.300, 0.393
18.011, 0.245, -0.300, 0.393
18.027, 0.242, -0.302, 0.392
18.044, 0.239, -0.303, 0.391
18.061, 0.238, -0.303, 0.391
18.078, 0.235, -0.305, 0.390
18.094, 0.233, -0.306, 0.389
18.111, 0.232, -0.306, 0.389
18.128, 0.229, -0.308, 0.388
18.145, 0.227, -0.309, 0.387
18.161, 0.226, -0.310, 0.387
18.178, 0.223, -0.312, 0.386
18.194, 0.221, -0.313, 0.385
18.211, 0.220, -0.314, 0.385
18.228, 0.217, -0.316, 0.384
18.245, 0.215, -0.317, 0.384
18.261, 0.214, -0.318, 0.383
18.278, 0.211, -0.320, 0.382
18.294, 0.210, -0.322, 0.382
18.311, 0.209, -0.322, 0.381
18.328, 0.206, -0.325, 0.380
18.344, 0.204, -0.326, 0.380
18.361, 0.203, -0.327, 0.380
18.378, 0.201, -0.330, 0.378
18.394, 0.199, -0.331, 0.377
18.411, 0.198, -0.332, 0.377
18.428, 0.195, -0.334, 0.375
18.444, 0.193, -0.336, 0.374
18.461, 0.192, -0.337, 0.374
18.477, 0.189, -0.339, 0.372
18.495, 0.186, -0.340, 0.371
18.511, 0.185, -0.341, 0.370
18.528, 0.182, -0.343, 0.368
18.544, 0.180, -0.345, 0.367
18.561, 0.178, -0.345, 0.366
18.578, 0.175, -0.348, 0.364
18.594, 0.173, -0.349, 0.362
18.611, 0.171, -0.350, 0.362
18.628, 0.168, -0.352, 0.360
18.644, 0.165, -0.354, 0.358
18.661, 0.164, -0.354, 0.358
18.678, 0.160, -0.357, 0.356
18.694, 0.158, -0.358, 0.354
18.711, 0.157, -0.359, 0.354
18.728, 0.153, -0.361, 0.352
18.745, 0.150, -0.363, 0.351
18.761, 0.149, -0.364, 0.350
18.778, 0.145, -0.366, 0.348
18.794, 0.143, -0.368, 0.347
18.811, 0.142, -0.369, 0.346
18.827, 0.138, -0.371, 0.344
18.844, 0.135, -0.373, 0.343
18.861, 0.134, -0.374, 0.343
18.878, 0.131, -0.376, 0.341
18.894, 0.128, -0.378, 0.340
18.911, 0.127, -0.379, 0.339
18.928, 0.124, -0.382, 0.337
18.944, 0.122, -0.384, 0.336
18.961, 0.121, -0.385, 0.335
18.978, 0.118, -0.387, 0.333
18.995, 0.116, -0.389, 0.332
19.011, 0.115, -0.390, 0.332
19.028, 0.113, -0.393, 0.330
19.044, 0.111, -0.394, 0.328
19.061, 0.110, -0.396, 0.327
19.078, 0.108, -0.398, 0.325
19.094, 0.106, -0.400, 0.323
19.111, 0.106, -0.401, 0.323
19.128, 0.103, -0.404, 0.321
19.144, 0.102, -0.405, 0.319
19.161, 0.102, -0.406, 0.319
19.178, 0.100, -0.409, 0.317
19.194, 0.099, -0.411, 0.316
19.211, 0.098, -0.411, 0.315
19.228, 0.096, -0.414, 0.314
19.244, 0.095, -0.415, 0.313
19.261, 0.095, -0.416, 0.312
19.278, 0.094, -0.418, 0.311
19.294, 0.093, -0.420, 0.311
19.311, 0.093, -0.421, 0.310
19.328, 0.092, -0.423, 0.310
19.344, 0.091, -0.425, 0.310
19.361, 0.091, -0.425, 0.310
19.378, 0.090, -0.428, 0.310
19.394, 0.090, -0.429, 0.310
19.411, 0.089, -0.430, 0.310
19.427, 0.089, -0.433, 0.310
19.444, 0.089, -0.435, 0.310
19.461, 0.088, -0.436, 0.310
19.477, 0.088, -0.438, 0.311
19.494, 0.088, -0.440, 0.311
19.511, 0.088, -0.441, 0.311
19.528, 0.088, -0.444, 0.312
19.544, 0.088, -0.445, 0.313
19.561, 0.087, -0.446, 0.313
19.578, 0.087, -0.449, 0.314
19.595, 0.087, -0.450, 0.314
19.611, 0.087, -0.451, 0.315
19.628, 0.087, -0.454, 0.316
19.644, 0.087, -0.455, 0.317
19.661, 0.087, -0.456, 0.317
19.678, 0.087, -0.458, 0.319
19.694, 0.088, -0.460, 0.319
19.711, 0.087, -0.461, 0.320
19.728, 0.088, -0.463, 0.321
19.744, 0.088, -0.464, 0.322
19.761, 0.088, -0.465, 0.323
19.778, 0.088, -0.468, 0.324
19.794, 0.088, -0.469, 0.325
19.811, 0.088, -0.470, 0.325
19.828, 0.088, -0.473, 0.326
19.844, 0.088, -0.474, 0.327
19.861, 0.088, -0.475, 0.328
19.878, 0.088, -0.478, 0.329
19.894, 0.088, -0.479, 0.330
19.911, 0.088, -0.481, 0.330
19.927, 0.088, -0.483, 0.332
19.944, 0.088, -0.485, 0.333
19.961, 0.088, -0.486, 0.333
19.978, 0.088, -0.489, 0.334
19.994, 0.088, -0.491, 0.335
20.011, 0.087, -0.492, 0.335
20.028, 0.087, -0.496, 0.337
20.044, 0.087, -0.498, 0.337
20.061, 0.087, -0.499, 0.338
20.078, 0.086, -0.503, 0.339
20.094, 0.086, -0.505, 0.340
20.111, 0.086, -0.506, 0.340
20.128, 0.085, -0.509, 0.341
20.144, 0.084, -0.512, 0.342
20.161, 0.084, -0.513, 0.342
20.178, 0.084, -0.517, 0.343
20.194, 0.083, -0.519, 0.344
20.211, 0.083, -0.521, 0.344
20.228, 0.082, -0.524, 0.345
20.244, 0.082, -0.527, 0.346
20.261, 0.081, -0.528, 0.346
20.278, 0.080, -0.532, 0.347
20.295, 0.079, -0.535, 0.348
20.311, 0.079, -0.536, 0.348
20.328, 0.078, -0.540, 0.349
20.344, 0.078, -0.542, 0.350
20.361, 0.077, -0.544, 0.350
20.378, 0.076, -0.548, 0.351
20.394, 0.076, -0.550, 0.352
20.411, 0.075, -0.551, 0.352
20.428, 0.074, -0.556, 0.353
20.444, 0.074, -0.558, 0.354
20.461, 0.073, -0.559, 0.354
20.478, 0.073, -0.563, 0.355
20.494, 0.072, -0.566, 0.356
20.511, 0.072, -0.567, 0.356
20.528, 0.071, -0.571, 0.357
20.544, 0.071, -0.574, 0.358
20.561, 0.071, -0.576, 0.359
20.578, 0.070, -0.580, 0.360
20.594, 0.070, -0.582, 0.360
20.611, 0.070, -0.584, 0.361
20.628, 0.069, -0.588, 0.362
20.644, 0.069, -0.590, 0.363
20.661, 0.069, -0.592, 0.363
20.678, 0.069, -0.596, 0.365
20.694, 0.069, -0.598, 0.366
20.711, 0.069, -0.600, 0.366
20.728, 0.069, -0.603, 0.368
20.744, 0.069, -0.606, 0.368
20.761, 0.069, -0.607, 0.369
20.778, 0.069, -0.611, 0.370
20.794, 0.069, -0.613, 0.371
20.811, 0.069, -0.614, 0.372
20.827, 0.069, -0.617, 0.373
20.844, 0.069, -0.619, 0.374
20.861, 0.069, -0.620, 0.374
20.878, 0.069, -0.623, 0.375
20.894, 0.069, -0.625, 0.376
20.911, 0.069, -0.626, 0.377
20.928, 0.069, -0.629, 0.378
20.944, 0.069, -0.631, 0.379
20.961, 0.069, -0.631, 0.380
20.978, 0.069, -0.634, 0.381
20.995, 0.069, -0.635, 0.382
21.011, 0.070, -0.636, 0.383
21.028, 0.070, -0.638, 0.384
21.044, 0.070, -0.640, 0.385
21.061, 0.070, -0.641, 0.385
21.078, 0.070, -0.643, 0.387
21.094, 0.070, -0.644, 0.388
21.111, 0.071, -0.645, 0.388
21.128, 0.071, -0.647, 0.390
21.144, 0.071, -0.648, 0.390
21.161, 0.071, -0.649, 0.391
21.178, 0.071, -0.651, 0.392
21.195, 0.071, -0.652, 0.393
21.211, 0.071, -0.653, 0.394
21.228, 0.071, -0.655, 0.395
21.244, 0.070, -0.656, 0.396
21.265, 0.070, -0.657, 0.396
21.278, 0.070, -0.658, 0.398
21.294, 0.069, -0.659, 0.399
21.311, 0.069, -0.660, 0.399
21.328, 0.068, -0.662, 0.400
21.344, 0.068, -0.663, 0.402
21.361, 0.067, -0.663, 0.402
21.378, 0.066, -0.665, 0.404
21.394, 0.065, -0.666, 0.405
21.411, 0.065, -0.667, 0.405
21.428, 0.064, -0.669, 0.407
21.444, 0.063, -0.670, 0.408
21.461, 0.063, -0.670, 0.409
21.478, 0.061, -0.672, 0.410
21.494, 0.060, -0.673, 0.411
21.511, 0.060, -0.673, 0.411
21.528, 0.058, -0.675, 0.413
21.544, 0.057, -0.676, 0.414
21.561, 0.057, -0.677, 0.414
21.578, 0.056, -0.679, 0.416
21.594, 0.055, -0.680, 0.416
21.611, 0.055, -0.681, 0.417
21.628, 0.054, -0.682, 0.418
21.644, 0.054, -0.684, 0.419
21.661, 0.054, -0.684, 0.419
21.678, 0.053, -0.686, 0.421
21.694, 0.052, -0.687, 0.422
21.711, 0.052, -0.688, 0.422
21.728, 0.052, -0.690, 0.423
21.744, 0.052, -0.691, 0.424
21.761, 0.052, -0.692, 0.424
21.778, 0.052, -0.694, 0.425
21.794, 0.052, -0.695, 0.426
21.811, 0.052, -0.696, 0.426
21.828, 0.053, -0.698, 0.427
21.844, 0.053, -0.700, 0.428
21.861, 0.053, -0.701, 0.428
21.878, 0.054, -0.703, 0.429
21.895, 0.054, -0.704, 0.430
21.911, 0.055, -0.705, 0.430
21.928, 0.056, -0.708, 0.431
21.944, 0.056, -0.710, 0.432
21.961, 0.056, -0.711, 0.432
21.978, 0.057, -0.713, 0.433
21.995, 0.058, -0.715, 0.434
22.011, 0.059, -0.716, 0.434
22.028, 0.059, -0.719, 0.435
22.044, 0.060, -0.721, 0.436
22.061, 0.061, -0.722, 0.436
22.078, 0.062, -0.726, 0.437
22.094, 0.062, -0.728, 0.438
22.111, 0.063, -0.729, 0.438
22.128, 0.064, -0.732, 0.439
22.144, 0.065, -0.734, 0.439
22.161, 0.065, -0.735, 0.439
22.178, 0.066, -0.739, 0.440
22.195, 0.067, -0.741, 0.440
22.211, 0.067, -0.742, 0.440
22.227, 0.069, -0.746, 0.440
22.244, 0.069, -0.748, 0.440
22.261, 0.070, -0.749, 0.441
22.278, 0.071, -0.753, 0.441
22.294, 0.071, -0.755, 0.441
22.311, 0.072, -0.756, 0.441
22.328, 0.073, -0.760, 0.441
22.344, 0.073, -0.762, 0.440
22.361, 0.074, -0.763, 0.440
22.377, 0.074, -0.767, 0.440
22.395, 0.075, -0.769, 0.440
22.411, 0.075, -0.770, 0.440
22.427, 0.076, -0.773, 0.440
22.444, 0.077, -0.776, 0.440
22.461, 0.077, -0.777, 0.439
22.478, 0.077, -0.780, 0.439
22.494, 0.078, -0.782, 0.439
22.511, 0.078, -0.783, 0.439
22.528, 0.079, -0.786, 0.438
22.545, 0.079, -0.788, 0.438
22.561, 0.079, -0.790, 0.438
22.579, 0.080, -0.793, 0.437
22.595, 0.080, -0.795, 0.437
22.611, 0.081, -0.796, 0.437
22.628, 0.081, -0.799, 0.436
22.645, 0.082, -0.801, 0.436
22.661, 0.082, -0.802, 0.436
22.678, 0.082, -0.806, 0.435
22.694, 0.083, -0.808, 0.435
22.711, 0.083, -0.809, 0.435
22.728, 0.084, -0.812, 0.434
22.745, 0.084, -0.814, 0.434
22.761, 0.084, -0.815, 0.434
22.778, 0.085, -0.819, 0.433
22.794, 0.086, -0.821, 0.433
22.811, 0.086, -0.822, 0.433
22.828, 0.087, -0.826, 0.433
22.844, 0.087, -0.828, 0.432
22.861, 0.088, -0.829, 0.432
22.878, 0.088, -0.833, 0.431
22.894, 0.089, -0.835, 0.431
22.911, 0.089, -0.836, 0.431
22.927, 0.091, -0.840, 0.430
22.944, 0.091, -0.842, 0.430
22.961, 0.091, -0.843, 0.430
22.978, 0.093, -0.847, 0.429
22.995, 0.093, -0.849, 0.429
23.011, 0.094, -0.850, 0.429
23.028, 0.095, -0.854, 0.428
23.045, 0.095, -0.856, 0.428
23.061, 0.096, -0.857, 0.428
23.078, 0.097, -0.860, 0.428
23.094, 0.097, -0.863, 0.428
23.111, 0.098, -0.864, 0.427
23.128, 0.099, -0.867, 0.427
23.144, 0.100, -0.870, 0.427
23.161, 0.100, -0.871, 0.427
23.178, 0.101, -0.874, 0.426
23.194, 0.102, -0.877, 0.426
23.211, 0.102, -0.878, 0.426
23.228, 0.103, -0.881, 0.426
23.244, 0.104, -0.884, 0.426
23.261, 0.104, -0.885, 0.426
23.278, 0.105, -0.888, 0.426
23.294, 0.106, -0.890, 0.425
23.311, 0.106, -0.892, 0.425
23.328, 0.108, -0.895, 0.425
23.345, 0.108, -0.897, 0.425
23.361, 0.109, -0.898, 0.425
23.378, 0.110, -0.902, 0.424
23.394, 0.111, -0.904, 0.425
23.411, 0.111, -0.905, 0.425
23.428, 0.113, -0.909, 0.425
23.444, 0.113, -0.911, 0.425
23.461, 0.114, -0.912, 0.425
23.478, 0.115, -0.915, 0.425
23.494, 0.116, -0.918, 0.425
23.511, 0.116, -0.919, 0.425
23.528, 0.118, -0.922, 0.425
23.544, 0.118, -0.925, 0.424
23.561, 0.119, -0.925, 0.425
23.578, 0.120, -0.929, 0.425
23.594, 0.121, -0.931, 0.425
23.611, 0.121, -0.933, 0.425
23.627, 0.122, -0.936, 0.425
23.645, 0.123, -0.938, 0.426
23.661, 0.123, -0.939, 0.426
23.678, 0.124, -0.943, 0.426
23.694, 0.125, -0.946, 0.426
23.711, 0.125, -0.947, 0.427
23.728, 0.126, -0.950, 0.427
23.745, 0.127, -0.953, 0.427
23.761, 0.127, -0.954, 0.427
23.778, 0.127, -0.958, 0.427
23.795, 0.128, -0.960, 0.428
23.811, 0.128, -0.962, 0.428
23.828, 0.129, -0.965, 0.428
23.845, 0.129, -0.968, 0.428
23.861, 0.129, -0.969, 0.428
23.878, 0.130, -0.973, 0.428
23.894, 0.130, -0.976, 0.428
23.911, 0.130, -0.977, 0.428
23.928, 0.130, -0.981, 0.429
23.944, 0.131, -0.983, 0.429
23.961, 0.131, -0.984, 0.429
23.978, 0.131, -0.988, 0.429
23.994, 0.131, -0.990, 0.429
24.011, 0.131, -0.992, 0.429
24.027, 0.131, -0.995, 0.429
24.044, 0.131, -0.998, 0.429
24.061, 0.132, -0.999, 0.429
24.078, 0.132, -1.002, 0.428
24.094, 0.132, -1.005, 0.428
24.111, 0.132, -1.006, 0.428
24.128, 0.132, -1.009, 0.428
24.144, 0.132, -1.011, 0.428
24.161, 0.132, -1.013, 0.428
24.178, 0.132, -1.016, 0.428
24.194, 0.132, -1.018, 0.428
24.211, 0.132, -1.019, 0.428
24.228, 0.132, -1.022, 0.428
24.244, 0.133, -1.024, 0.428
24.261, 0.132, -1.025, 0.428
24.278, 0.133, -1.028, 0.428
24.294, 0.133, -1.030, 0.428
24.311, 0.133, -1.031, 0.428
24.328, 0.133, -1.034, 0.428
24.344, 0.133, -1.035, 0.428
24.361, 0.133, -1.036, 0.428
24.378, 0.133, -1.039, 0.428
24.394, 0.133, -1.041, 0.428
24.411, 0.134, -1.041, 0.428
24.428, 0.133, -1.044, 0.429
24.444, 0.134, -1.045, 0.429
24.461, 0.134, -1.046, 0.429
24.478, 0.134, -1.048, 0.429
24.494, 0.134, -1.050, 0.429
24.511, 0.134, -1.051, 0.429
24.528, 0.134, -1.053, 0.429
24.544, 0.134, -1.054, 0.429
24.561, 0.134, -1.055, 0.429
24.578, 0.135, -1.057, 0.430
24.594, 0.134, -1.059, 0.430
24.611, 0.135, -1.059, 0.430
24.628, 0.135, -1.062, 0.430
24.644, 0.135, -1.063, 0.430
24.661, 0.135, -1.064, 0.430
24.677, 0.136, -1.066, 0.431
24.694, 0.135, -1.068, 0.431
24.711, 0.135, -1.069, 0.431
24.727, 0.136, -1.071, 0.431
24.744, 0.136, -1.073, 0.432
24.761, 0.136, -1.073, 0.432
24.778, 0.136, -1.076, 0.432
24.794, 0.136, -1.078, 0.432
24.811, 0.136, -1.079, 0.432
24.828, 0.136, -1.081, 0.433
24.845, 0.136, -1.083, 0.433
24.861, 0.136, -1.084, 0.433
24.878, 0.137, -1.087, 0.434
24.894, 0.137, -1.089, 0.434
24.911, 0.136, -1.090, 0.434
24.927, 0.137, -1.093, 0.434
24.944, 0.137, -1.095, 0.435
24.961, 0.137, -1.096, 0.435
24.978, 0.137, -1.100, 0.435
24.995, 0.137, -1.102, 0.435
25.011, 0.137, -1.103, 0.435
25.028, 0.137, -1.107, 0.435
25.044, 0.137, -1.109, 0.435
25.061, 0.137, -1.110, 0.436
25.078, 0.137, -1.114, 0.435
25.095, 0.137, -1.117, 0.436
25.111, 0.137, -1.118, 0.436
25.128, 0.137, -1.122, 0.436
25.144, 0.137, -1.124, 0.435
25.161, 0.137, -1.126, 0.436
25.178, 0.137, -1.130, 0.436
25.194, 0.137, -1.132, 0.436
25.211, 0.137, -1.134, 0.435
25.228, 0.137, -1.138, 0.436
25.244, 0.137, -1.141, 0.436
25.261, 0.137, -1.142, 0.435
25.278, 0.137, -1.146, 0.435
25.294, 0.137, -1.149, 0.436
25.311, 0.137, -1.151, 0.435
25.328, 0.137, -1.155, 0.436
25.344, 0.138, -1.157, 0.436
25.361, 0.137, -1.159, 0.435
25.378, 0.137, -1.163, 0.435
25.394, 0.137, -1.166, 0.436
25.411, 0.137, -1.167, 0.435
25.428, 0.137, -1.171, 0.436
25.444, 0.137, -1.173, 0.435
25.461, 0.137, -1.175, 0.436
25.478, 0.138, -1.179, 0.435
25.494, 0.138, -1.181, 0.436
25.511, 0.138, -1.183, 0.436
25.528, 0.138, -1.187, 0.436
25.544, 0.138, -1.189, 0.436
25.561, 0.139, -1.191, 0.437
25.578, 0.138, -1.194, 0.436
25.594, 0.139, -1.197, 0.436
25.611, 0.139, -1.199, 0.436
25.628, 0.139, -1.202, 0.437
25.644, 0.140, -1.205, 0.437
25.661, 0.140, -1.206, 0.437
25.678, 0.140, -1.210, 0.437
25.694, 0.140, -1.213, 0.437
25.711, 0.140, -1.214, 0.437
25.727, 0.141, -1.218, 0.437
25.744, 0.141, -1.221, 0.437
25.761, 0.141, -1.222, 0.437
25.778, 0.141, -1.226, 0.437
25.794, 0.141, -1.229, 0.437
25.811, 0.141, -1.230, 0.437
25.828, 0.141, -1.234, 0.437
25.844, 0.142, -1.236, 0.437
25.861, 0.141, -1.238, 0.437
25.878, 0.141, -1.242, 0.436
25.895, 0.141, -1.244, 0.437
25.911, 0.142, -1.246, 0.437
25.928, 0.142, -1.249, 0.437
25.944, 0.142, -1.252, 0.436
25.961, 0.141, -1.253, 0.436
25.978, 0.141, -1.257, 0.436
25.994, 0.141, -1.259, 0.436
26.011, 0.142, -1.261, 0.437
26.028, 0.142, -1.264, 0.436
26.044, 0.142, -1.267, 0.436
26.061, 0.142, -1.268, 0.436
26.078, 0.142, -1.272, 0.436
26.094, 0.142, -1.274, 0.436
26.111, 0.142, -1.275, 0.436
26.128, 0.142, -1.279, 0.436
26.144, 0.142, -1.281, 0.436
26.161, 0.142, -1.282, 0.436
26.178, 0.142, -1.286, 0.436
26.194, 0.142, -1.288, 0.436
26.211, 0.142, -1.289, 0.436
26.228, 0.143, -1.293, 0.437
26.244, 0.143, -1.295, 0.437
26.261, 0.142, -1.296, 0.436
26.278, 0.143, -1.299, 0.436
26.294, 0.143, -1.301, 0.436
26.311, 0.143, -1.302, 0.437
26.328, 0.143, -1.306, 0.437
26.345, 0.144, -1.308, 0.436
26.361, 0.144, -1.309, 0.437
26.378, 0.144, -1.312, 0.437
26.395, 0.144, -1.314, 0.437
26.411, 0.145, -1.315, 0.437
26.428, 0.146, -1.318, 0.437
26.444, 0.146, -1.320, 0.437
26.461, 0.146, -1.321, 0.437
26.478, 0.146, -1.324, 0.437
26.494, 0.147, -1.326, 0.437
26.511, 0.148, -1.327, 0.437
26.528, 0.148, -1.330, 0.437
26.544, 0.148, -1.332, 0.437
26.561, 0.149, -1.333, 0.437
26.578, 0.149, -1.336, 0.437
26.594, 0.150, -1.338, 0.437
26.611, 0.150, -1.339, 0.437
26.627, 0.151, -1.342, 0.437
26.644, 0.151, -1.344, 0.437
26.661, 0.152, -1.345, 0.437
26.678, 0.152, -1.348, 0.437
26.694, 0.153, -1.350, 0.437
26.711, 0.154, -1.351, 0.437
26.728, 0.154, -1.354, 0.437
26.744, 0.155, -1.356, 0.437
26.761, 0.155, -1.357, 0.437
26.778, 0.156, -1.360, 0.437
26.794, 0.157, -1.363, 0.437
26.811, 0.157, -1.363, 0.437
26.828, 0.158, -1.366, 0.437
26.844, 0.159, -1.369, 0.438
26.861, 0.160, -1.369, 0.438
26.878, 0.160, -1.372, 0.438
26.894, 0.161, -1.374, 0.438
26.911, 0.161, -1.375, 0.439
26.928, 0.162, -1.378, 0.439
26.945, 0.163, -1.380, 0.439
26.961, 0.163, -1.381, 0.439
26.978, 0.164, -1.384, 0.439
26.994, 0.166, -1.386, 0.440
27.011, 0.166, -1.387, 0.440
27.028, 0.167, -1.390, 0.440
27.044, 0.167, -1.392, 0.440
27.061, 0.168, -1.393, 0.441
27.078, 0.168, -1.396, 0.441
27.094, 0.169, -1.398, 0.441
