0.061, 0.000, 0.000, 0.000
0.078, 0.000, 0.000, 0.000
0.094, 0.000, 0.000, 0.000
0.111, 0.000, 0.000, 0.000
0.128, 0.000, 0.000, 0.000
0.144, 0.000, 0.000, 0.000
0.161, 0.000, 0.000, 0.000
0.177, 0.000, 0.000, 0.000
0.194, 0.000, 0.000, 0.000
0.211, 0.000, 0.000, 0.000
0.228, 0.000, 0.000, 0.000
0.244, 0.000, 0.000, 0.000
0.261, 0.000, 0.000, 0.000
0.278, 0.000, 0.000, 0.000
0.294, 0.000, 0.000, 0.000
0.311, 0.000, 0.000, 0.000
0.328, 0.000, 0.000, 0.000
0.344, 0.000, 0.000, 0.000
0.361, 0.000, 0.000, 0.000
0.378, 0.000, 0.000, 0.000
0.394, 0.000, 0.000, 0.000
0.411, 0.000, 0.000, 0.000
0.428, 0.000, 0.000, 0.000
0.445, 0.000, 0.000, 0.000
0.461, -0.001, -0.006, -0.007
0.478, -0.001, -0.007, -0.008
0.494, -0.001, -0.005, -0.006
0.511, -0.002, 0.005, 0.004
0.528, -0.000, 0.007, 0.007
0.545, -0.002, 0.002, 0.001
0.561, -0.000, -0.001, -0.001
0.578, -0.001, -0.001, -0.002
0.595, -0.000, 0.001, 0.001
0.611, 0.000, -0.001, 0.000
0.628, 0.000, 0.001, 0.001
0.644, -0.000, -0.002, -0.003
0.661, 0.001, 0.002, 0.003
0.678, 0.000, 0.001, 0.002
0.694, 0.000, 0.003, 0.003
0.711, -0.001, -0.002, -0.002
0.728, -0.001, -0.002, -0.001
0.744, -0.000, -0.001, -0.001
0.761, 0.002, 0.002, 0.002
0.778, 0.001, -0.001, -0.001
0.794, 0.001, 0.001, 0.002
0.811, 0.001, 0.001, 0.003
0.828, 0.000, 0.000, -0.000
0.844, 0.001, -0.001, -0.000
0.861, 0.001, 0.004, 0.005
0.878, 0.001, 0.005, 0.006
0.895, 0.001, 0.005, 0.006
0.911, 0.001, 0.003, 0.004
0.928, 0.000, 0.002, 0.002
0.944, 0.001, 0.004, 0.006
0.961, 0.000, 0.002, 0.000
0.978, 0.000, 0.003, 0.003
0.995, 0.001, 0.002, 0.001
1.011, 0.000, 0.000, 0.000
1.028, 0.001, -0.000, -0.000
1.045, 0.000, 0.000, -0.000
1.061, 0.001, -0.002, -0.002
1.078, -0.001, 0.001, -0.001
1.094, 0.003, 0.000, -0.000
1.111, 0.002, -0.003, -0.007
1.128, 0.002, -0.002, -0.005
1.144, 0.000, -0.003, -0.004
1.161, -0.002, 0.001, 0.000
1.178, -0.001, -0.001, -0.001
1.194, -0.001, -0.001, -0.003
1.211, -0.003, -0.002, -0.005
1.228, -0.001, -0.002, -0.003
1.244, -0.002, -0.003, -0.005
1.261, -0.002, 0.011, 0.013
1.278, -0.002, 0.006, 0.008
1.294, -0.002, 0.005, 0.004
1.311, -0.002, 0.003, 0.001
1.328, -0.001, 0.005, 0.005
1.344, -0.003, 0.009, 0.008
1.361, 0.001, -0.003, -0.001
1.378, 0.001, -0.001, 0.000
1.394, 0.001, -0.002, -0.000
1.411, -0.001, 0.001, 0.000
1.428, -0.001, -0.000, -0.001
1.444, -0.001, 0.001, 0.002
1.461, 0.000, -0.000, 0.000
1.478, -0.002, -0.000, -0.003
1.494, 0.002, -0.005, -0.007
1.511, 0.016, 0.030, 0.019
1.528, 0.079, 0.065, 0.011
1.544, 0.116, 0.111, 0.024
1.561, 0.119, 0.074, -0.002
1.578, 0.078, 0.079, 0.011
1.594, 0.046, 0.037, 0.001
1.611, 0.032, 0.043, 0.003
1.628, 0.010, 0.005, 0.001
1.644, 0.002, 0.001, -0.003
1.661, -0.004, 0.000, 0.001
1.678, -0.011, 0.008, 0.005
1.694, -0.023, 0.004, 0.004
1.711, -0.049, 0.006, -0.001
1.728, -0.106, 0.008, -0.013
1.744, -0.159, 0.049, 0.008
1.761, -0.232, 0.077, -0.006
1.778, -0.341, 0.133, -0.007
1.795, -0.437, 0.177, -0.013
1.811, -0.513, 0.219, -0.010
1.828, -0.674, 0.314, 0.006
1.844, -0.762, 0.343, -0.008
1.861, -0.849, 0.389, -0.004
1.878, -0.981, 0.432, -0.017
1.894, -1.057, 0.462, -0.009
1.911, -1.168, 0.506, 0.014
1.928, -1.232, 0.498, 0.011
1.949, -1.282, 0.481, -0.011
1.961, -1.315, 0.445, -0.036
1.978, -1.368, 0.435, -0.038
1.994, -1.412, 0.435, -0.023
2.011, -1.413, 0.446, 0.007
2.028, -1.452, 0.409, -0.012
2.044, -1.459, 0.389, 0.002
2.061, -1.445, 0.338, -0.023
2.078, -1.380, 0.305, 0.028
2.094, -1.324, 0.276, 0.019
2.111, -1.265, 0.230, -0.005
2.128, -1.214, 0.195, -0.002
2.144, -1.164, 0.135, -0.030
2.161, -1.114, 0.143, 0.052
2.178, -0.983, 0.074, 0.006
2.194, -0.894, 0.082, 0.041
2.211, -0.796, 0.041, -0.011
2.228, -0.796, 0.041, -0.011
2.244, -0.796, 0.041, -0.011
2.263, -0.796, 0.041, -0.011
2.278, -0.796, 0.041, -0.011
2.294, -0.796, 0.041, -0.011
2.311, -0.796, 0.041, -0.011
2.328, -0.534, 0.036, 0.008
2.344, -0.304, 0.019, 0.002
2.361, -0.114, 0.014, 0.010
2.378, -0.000, 0.005, 0.008
2.394, -0.000, -0.000, 0.004
2.411, -0.003, 0.028, 0.031
2.428, -0.001, 0.033, 0.039
2.444, 0.000, 0.037, 0.041
2.461, -0.006, 0.008, 0.006
2.478, -0.003, 0.000, -0.001
2.494, -0.004, -0.016, -0.016
2.511, 0.003, -0.020, -0.017
2.528, -0.002, -0.018, -0.018
2.544, -0.001, -0.007, -0.015
2.561, 0.004, -0.018, -0.035
2.578, 0.004, -0.015, -0.028
2.594, 0.004, -0.006, -0.014
2.611, 0.000, -0.007, -0.012
2.628, 0.001, 0.001, -0.002
2.644, -0.001, -0.008, -0.011
2.661, -0.003, -0.001, -0.000
2.679, -0.002, 0.000, 0.002
2.694, 0.001, -0.004, -0.010
2.711, -0.001, 0.032, 0.051
2.728, -0.001, 0.017, 0.025
2.744, -0.004, 0.016, 0.031
2.761, -0.001, -0.018, -0.027
2.778, -0.001, -0.003, -0.001
2.794, -0.002, 0.016, 0.023
2.811, 0.005, -0.016, -0.025
2.828, 0.005, -0.017, -0.031
2.844, 0.005, -0.035, -0.051
2.861, -0.000, -0.002, -0.002
2.878, 0.000, 0.002, 0.003
2.894, 0.002, 0.002, -0.004
2.911, -0.002, 0.001, 0.007
2.928, -0.002, -0.009, -0.010
2.946, -0.002, -0.004, 0.001
2.961, 0.000, 0.010, 0.009
2.978, 0.000, 0.003, 0.005
2.994, -0.000, 0.008, 0.009
3.011, -0.002, 0.011, 0.021
3.028, -0.003, 0.010, 0.017
3.044, -0.002, 0.008, 0.018
3.061, -0.003, 0.006, 0.013
3.078, 0.000, 0.006, 0.008
3.094, -0.003, 0.008, 0.015
3.111, 0.001, 0.009, 0.009
3.128, -0.002, 0.007, 0.010
3.144, -0.001, 0.013, 0.016
3.161, -0.001, -0.000, 0.002
3.178, 0.002, 0.001, 0.001
3.194, 0.000, 0.002, 0.002
3.211, 0.002, -0.003, -0.013
3.228, 0.000, -0.004, -0.006
3.244, 0.002, -0.002, -0.009
3.261, 0.002, -0.016, -0.019
3.278, 0.000, -0.000, -0.001
3.294, 0.000, -0.012, -0.015
3.311, 0.000, -0.002, -0.009
3.328, -0.001, 0.004, 0.006
3.344, 0.001, 0.004, -0.000
3.361, 0.001, -0.001, -0.001
3.378, 0.003, -0.001, -0.008
3.394, 0.002, -0.008, -0.009
3.411, 0.001, -0.005, -0.005
3.428, 0.000, -0.010, -0.005
3.444, 0.001, -0.007, -0.011
3.461, 0.000, -0.003, -0.003
3.478, 0.000, -0.005, -0.008
3.494, -0.003, 0.003, 0.010
3.511, 0.002, -0.006, -0.012
3.528, 0.003, -0.005, -0.011
3.544, 0.004, -0.011, -0.025
3.561, -0.000, -0.002, -0.002
3.578, -0.000, -0.006, -0.007
3.594, 0.000, -0.002, -0.001
3.611, -0.002, -0.000, 0.005
3.628, -0.001, -0.004, -0.002
3.644, -0.002, 0.002, 0.009
3.661, -0.002, 0.011, 0.014
3.678, -0.001, 0.008, 0.010
3.694, 0.001, -0.003, -0.007
3.711, -0.001, 0.003, 0.009
3.728, 0.000, -0.002, -0.004
3.745, -0.001, 0.008, 0.011
3.761, 0.000, 0.007, 0.005
3.778, -0.001, 0.009, 0.012
3.794, -0.002, 0.010, 0.016
3.811, -0.002, 0.006, 0.010
3.828, -0.000, -0.001, -0.002
3.844, -0.002, 0.003, 0.008
3.861, 0.003, -0.000, -0.011
3.878, 0.000, 0.002, 0.000
3.894, 0.003, 0.004, -0.007
3.911, 0.001, -0.011, -0.008
3.928, 0.002, -0.002, -0.005
3.944, -0.001, -0.007, -0.002
3.961, 0.002, -0.005, -0.015
3.978, 0.000, -0.003, -0.005
3.995, 0.004, -0.006, -0.019
4.011, -0.005, 0.006, 0.017
4.028, -0.003, 0.010, 0.015
4.044, -0.005, 0.005, 0.017
4.062, 0.005, -0.017, -0.034
4.078, 0.003, -0.014, -0.021
4.095, 0.004, -0.016, -0.032
4.111, 0.002, -0.005, -0.006
4.128, 0.002, -0.002, -0.006
4.144, 0.003, -0.003, -0.005
4.161, -0.000, 0.003, 0.000
4.178, 0.001, -0.001, -0.003
4.194, 0.001, 0.000, -0.008
4.212, -0.000, -0.001, 0.001
4.228, 0.000, -0.001, -0.003
4.244, -0.002, -0.003, 0.004
4.262, 0.003, -0.003, -0.007
4.278, 0.001, 0.002, 0.001
4.294, 0.002, 0.011, 0.006
4.311, 0.003, -0.006, -0.012
4.328, 0.004, -0.017, -0.024
4.347, 0.007, -0.017, -0.031
4.361, 0.001, -0.001, 0.003
4.378, 0.002, -0.001, -0.004
4.394, -0.002, -0.004, 0.005
4.412, 0.002, 0.012, 0.008
4.428, 0.002, 0.006, 0.003
4.445, 0.003, 0.012, 0.007
4.461, -0.004, 0.007, 0.018
4.478, -0.002, 0.005, 0.009
4.494, -0.005, 0.011, 0.024
4.512, 0.001, 0.005, 0.002
4.529, 0.001, 0.004, 0.006
4.544, 0.003, 0.001, -0.005
4.562, 0.001, -0.002, 0.001
4.578, -0.000, 0.002, 0.002
4.595, 0.001, -0.006, -0.001
4.612, 0.000, -0.000, 0.000
4.629, -0.002, 0.004, 0.013
4.645, -0.000, 0.009, 0.010
4.661, -0.001, -0.013, -0.009
4.678, 0.000, -0.013, -0.015
4.694, -0.002, -0.007, 0.002
4.712, -0.001, 0.001, 0.001
4.728, 0.001, -0.002, -0.003
4.744, 0.001, -0.004, -0.013
4.761, 0.003, -0.019, -0.027
4.778, -0.000, -0.006, -0.007
4.794, 0.003, -0.020, -0.022
4.811, -0.002, -0.005, -0.005
4.828, -0.001, -0.003, -0.001
4.844, -0.001, -0.003, -0.009
4.861, 0.001, 0.005, -0.002
4.878, 0.000, 0.006, 0.002
4.894, -0.001, -0.004, -0.003
4.911, -0.002, -0.002, 0.005
4.928, -0.001, -0.000, 0.001
4.944, -0.001, 0.003, 0.005
4.961, -0.000, 0.004, 0.000
4.978, 0.000, -0.008, -0.010
4.994, -0.001, 0.011, 0.011
5.011, -0.000, 0.001, 0.006
5.028, 0.002, -0.004, -0.007
5.044, 0.002, -0.013, -0.013
5.061, 0.005, -0.004, -0.013
5.078, 0.001, -0.002, -0.002
5.094, 0.003, 0.002, -0.002
5.111, -0.001, 0.001, 0.007
5.128, 0.001, 0.003, 0.000
5.144, 0.003, -0.002, -0.001
5.161, -0.002, 0.013, 0.016
5.178, -0.005, 0.014, 0.023
5.194, -0.001, 0.010, 0.010
5.211, -0.000, 0.007, 0.015
5.228, 0.003, -0.002, -0.003
5.244, -0.003, 0.007, 0.020
5.261, 0.001, 0.009, 0.005
5.278, -0.002, 0.016, 0.022
5.295, 0.002, 0.012, 0.006
5.311, -0.003, -0.005, 0.003
5.328, 0.002, -0.012, -0.016
5.344, -0.003, -0.003, 0.009
5.361, 0.003, -0.005, -0.014
5.378, 0.001, -0.004, -0.004
5.395, 0.001, 0.001, -0.006
5.412, -0.002, 0.003, 0.002
5.429, -0.000, 0.002, -0.002
5.445, 0.001, -0.009, -0.014
5.461, 0.003, -0.013, -0.020
5.478, 0.000, -0.006, -0.010
5.494, 0.000, -0.004, -0.011
5.511, -0.003, 0.001, 0.004
5.528, -0.003, 0.007, 0.017
5.544, -0.001, -0.001, 0.003
5.562, 0.002, -0.000, 0.001
5.578, 0.001, 0.001, 0.002
5.594, -0.003, 0.009, 0.015
5.612, 0.004, -0.009, -0.020
5.629, 0.002, -0.011, -0.018
5.644, 0.006, -0.020, -0.032
5.661, -0.002, -0.009, -0.001
5.678, 0.000, -0.006, -0.006
5.695, -0.003, -0.006, 0.001
5.712, 0.002, 0.010, 0.002
5.729, 0.000, -0.002, -0.003
5.744, 0.003, 0.006, -0.004
5.762, 0.001, -0.006, -0.001
5.778, 0.002, -0.002, -0.006
5.795, 0.001, -0.006, -0.001
5.811, 0.000, 0.009, 0.006
5.828, -0.002, 0.001, 0.005
5.844, -0.002, 0.014, 0.015
5.862, -0.001, 0.007, 0.016
5.878, 0.000, 0.007, 0.006
5.894, 0.003, -0.004, -0.002
5.911, -0.003, 0.013, 0.017
5.928, -0.002, 0.008, 0.014
5.945, -0.002, 0.014, 0.015
5.961, 0.000, 0.002, 0.004
5.978, 0.001, 0.002, 0.003
5.994, -0.002, 0.008, 0.019
6.011, -0.002, -0.001, 0.003
6.028, -0.002, 0.001, 0.005
6.044, -0.001, 0.001, 0.000
6.061, -0.001, -0.006, -0.007
6.078, -0.002, 0.002, 0.006
6.094, -0.002, -0.002, 0.001
6.111, 0.004, -0.014, -0.021
6.128, 0.002, -0.008, -0.010
6.144, 0.002, -0.014, -0.018
6.161, -0.001, -0.009, -0.013
6.178, 0.003, -0.010, -0.018
6.194, 0.002, -0.010, -0.017
6.211, -0.003, -0.002, 0.004
6.228, -0.004, 0.003, 0.009
6.245, -0.002, -0.006, -0.002
6.262, 0.001, 0.002, -0.006
6.278, 0.001, -0.008, -0.014
6.295, -0.001, -0.001, -0.004
6.312, 0.002, -0.008, -0.008
6.328, 0.000, 0.003, 0.005
6.345, 0.003, -0.005, -0.008
6.361, -0.003, 0.001, 0.002
6.378, -0.000, -0.000, 0.000
6.395, -0.001, 0.001, -0.003
6.411, -0.002, -0.001, 0.007
6.428, -0.001, -0.003, -0.001
6.444, -0.003, -0.003, 0.009
6.461, 0.003, 0.008, 0.000
6.478, 0.001, 0.002, 0.001
6.495, 0.003, 0.011, 0.003
6.511, -0.003, 0.000, 0.010
6.528, -0.001, -0.001, 0.000
6.544, -0.004, 0.007, 0.020
6.561, 0.002, -0.006, -0.006
6.578, 0.003, -0.008, -0.011
6.594, 0.004, -0.018, -0.022
6.611, -0.001, 0.016, 0.023
6.628, -0.002, 0.011, 0.017
6.644, 0.001, 0.012, 0.017
6.661, -0.001, 0.005, 0.009
6.678, 0.000, 0.005, 0.008
6.694, -0.002, 0.010, 0.015
6.711, -0.001, 0.002, 0.005
6.728, -0.001, 0.003, 0.004
6.745, -0.002, 0.003, 0.009
6.761, 0.003, -0.004, -0.009
6.778, 0.001, -0.005, -0.005
6.795, 0.001, -0.000, -0.003
6.811, -0.000, -0.006, -0.009
6.828, 0.003, -0.007, -0.014
6.844, 0.002, -0.011, -0.018
6.861, 0.001, -0.011, -0.013
6.878, 0.001, -0.005, -0.008
6.894, 0.001, -0.009, -0.012
6.911, 0.003, -0.014, -0.026
6.928, 0.001, -0.007, -0.009
6.944, -0.001, -0.004, -0.008
6.961, -0.005, 0.011, 0.018
6.978, -0.002, 0.006, 0.009
6.994, -0.001, -0.002, 0.001
7.011, -0.001, 0.005, -0.004
7.028, -0.001, 0.006, 0.004
7.045, 0.001, -0.003, -0.017
7.063, -0.001, -0.012, -0.007
7.078, -0.001, 0.001, 0.001
7.094, -0.005, 0.002, 0.011
7.111, 0.004, 0.003, -0.005
7.128, 0.001, -0.003, -0.003
7.145, 0.004, 0.001, -0.007
7.161, -0.003, -0.005, 0.000
7.178, -0.001, -0.006, -0.006
7.195, -0.002, -0.003, 0.001
7.211, 0.002, 0.002, 0.002
7.228, 0.002, -0.001, -0.004
7.245, 0.000, 0.001, 0.000
7.261, -0.002, 0.003, 0.010
7.278, -0.001, -0.002, 0.001
7.294, -0.002, -0.001, 0.007
7.311, -0.003, 0.022, 0.029
7.328, -0.004, 0.013, 0.021
7.345, 0.000, 0.014, 0.017
7.361, -0.000, 0.004, 0.007
7.378, -0.000, 0.007, 0.008
7.394, -0.002, 0.009, 0.014
7.411, 0.000, 0.006, 0.009
7.428, -0.003, 0.015, 0.022
7.444, -0.001, 0.010, 0.013
7.461, -0.001, -0.001, 0.001
7.478, 0.002, -0.008, -0.010
7.494, -0.001, 0.004, 0.005
7.511, 0.001, -0.004, -0.006
7.528, -0.001, -0.006, -0.004
7.544, -0.000, -0.005, -0.002
7.561, 0.002, -0.009, -0.017
7.578, 0.002, -0.004, -0.009
7.594, 0.000, -0.007, -0.013
7.611, 0.001, -0.009, -0.013
7.628, -0.001, 0.003, 0.002
7.644, 0.000, -0.004, -0.006
7.661, 0.004, -0.013, -0.023
7.678, 0.006, -0.015, -0.022
7.694, 0.007, -0.019, -0.034
7.711, -0.000, -0.007, -0.010
7.728, -0.000, -0.003, -0.006
7.744, -0.002, -0.006, -0.006
7.761, 0.001, 0.006, 0.003
7.778, -0.000, 0.005, 0.005
7.794, 0.002, 0.001, -0.006
7.811, -0.004, 0.004, 0.009
7.828, -0.002, 0.001, 0.002
7.844, -0.004, 0.006, 0.012
7.861, 0.004, 0.003, -0.002
7.878, 0.003, 0.000, -0.006
7.894, 0.004, 0.000, -0.005
7.911, 0.001, -0.005, -0.005
7.928, 0.001, -0.006, -0.007
7.945, 0.001, -0.000, -0.002
7.961, -0.004, 0.013, 0.025
7.978, -0.003, 0.003, 0.010
7.995, -0.005, 0.014, 0.026
8.011, 0.003, -0.012, -0.016
8.028, 0.002, -0.010, -0.012
8.045, 0.006, -0.018, -0.024
8.061, -0.002, 0.010, 0.017
8.078, -0.001, 0.010, 0.012
8.094, -0.002, 0.007, 0.014
8.111, 0.001, 0.006, 0.006
8.128, -0.001, 0.004, 0.008
8.145, -0.003, 0.012, 0.018
8.161, 0.001, -0.001, -0.004
8.178, 0.002, -0.001, -0.006
8.194, 0.003, -0.002, -0.007
8.211, -0.003, 0.006, 0.015
8.228, -0.002, 0.003, 0.008
8.244, -0.002, 0.005, 0.008
8.261, 0.003, -0.014, -0.023
8.278, -0.000, -0.002, -0.000
8.294, -0.000, -0.009, -0.010
8.311, 0.001, -0.010, -0.012
8.328, 0.003, -0.009, -0.018
8.345, 0.002, -0.007, -0.011
8.361, -0.001, -0.008, -0.011
8.378, -0.001, -0.007, -0.005
8.395, 0.001, -0.010, -0.016
8.411, -0.002, 0.010, 0.011
8.428, -0.002, 0.007, 0.008
8.445, 0.000, 0.008, 0.005
8.461, 0.001, -0.005, -0.009
8.478, 0.001, -0.000, -0.003
8.495, -0.001, -0.009, -0.011
8.511, 0.003, 0.002, -0.003
8.528, 0.002, 0.003, -0.002
8.545, 0.002, 0.004, 0.001
8.561, -0.002, -0.008, -0.005
8.578, -0.002, -0.003, -0.001
8.594, -0.002, -0.004, -0.002
8.611, 0.004, 0.001, -0.006
8.628, 0.003, -0.009, -0.013
8.648, 0.006, -0.007, -0.017
8.661, -0.001, -0.001, 0.001
8.678, 0.001, -0.004, -0.008
8.694, -0.004, 0.004, 0.009
8.711, 0.003, 0.004, 0.001
8.728, 0.000, 0.008, 0.008
8.744, 0.004, 0.000, -0.003
8.761, -0.001, 0.011, 0.017
8.778, 0.001, 0.001, 0.001
8.794, -0.002, 0.009, 0.014
8.811, 0.001, 0.011, 0.010
8.828, -0.001, 0.008, 0.010
8.844, 0.002, 0.011, 0.011
8.861, -0.001, 0.006, 0.012
8.878, 0.001, 0.006, 0.005
8.894, -0.002, 0.008, 0.014
8.911, -0.001, 0.008, 0.008
8.928, -0.001, 0.005, 0.007
8.947, -0.000, 0.007, 0.006
8.961, 0.001, -0.006, -0.007
8.978, 0.001, -0.001, -0.003
8.994, -0.000, -0.000, 0.004
9.011, -0.002, -0.011, -0.012
9.028, -0.001, -0.006, -0.003
9.045, -0.000, -0.007, -0.012
9.061, 0.002, -0.006, -0.012
9.078, 0.001, -0.003, -0.006
9.094, 0.001, -0.011, -0.011
9.111, -0.003, -0.007, -0.005
9.128, -0.003, -0.001, 0.004
9.145, -0.001, -0.005, -0.012
9.161, -0.002, 0.003, 0.006
9.178, -0.002, 0.004, 0.004
9.194, -0.004, -0.000, 0.008
9.211, -0.000, -0.002, -0.001
9.228, 0.001, -0.001, -0.001
9.245, 0.000, 0.001, -0.001
9.261, 0.001, 0.001, -0.000
9.278, -0.001, -0.001, 0.001
9.294, 0.001, -0.002, -0.001
9.311, -0.001, 0.004, 0.004
9.328, 0.000, -0.003, -0.005
9.344, -0.000, 0.004, 0.002
9.361, 0.000, 0.003, 0.003
9.378, 0.000, 0.002, 0.001
9.394, 0.002, 0.002, -0.001
9.411, -0.001, 0.001, 0.012
9.428, -0.000, 0.002, 0.006
9.444, -0.003, 0.002, 0.014
9.461, 0.001, 0.005, 0.006
9.478, -0.001, 0.000, 0.006
9.494, 0.001, 0.004, 0.007
9.511, -0.001, 0.008, 0.014
9.528, -0.000, 0.004, 0.006
9.544, -0.001, 0.005, 0.011
9.561, -0.000, 0.006, 0.007
9.578, -0.000, 0.005, 0.008
9.594, 0.000, 0.005, 0.004
9.611, 0.002, 0.005, 0.004
9.628, 0.000, 0.007, 0.006
9.644, -0.001, 0.010, 0.014
9.661, -0.001, -0.001, -0.001
9.678, -0.000, -0.002, 0.000
9.694, 0.000, 0.005, 0.005
9.711, 0.001, 0.002, 0.002
9.728, 0.000, 0.009, 0.010
9.744, -0.000, 0.000, 0.002
9.761, 0.001, -0.009, -0.010
9.778, 0.001, -0.008, -0.009
9.794, 0.001, -0.009, -0.014
9.811, -0.002, -0.002, -0.005
9.828, -0.001, 0.001, -0.001
9.844, -0.001, -0.005, -0.004
9.861, -0.001, -0.004, -0.006
9.878, -0.001, 0.000, 0.001
9.894, -0.001, 0.002, 0.001
9.911, 0.000, 0.000, -0.002
9.928, -0.000, 0.000, -0.000
9.944, 0.001, -0.006, -0.012
9.961, -0.002, -0.001, 0.004
9.978, -0.002, -0.002, 0.001
9.994, -0.004, -0.003, 0.002
10.011, 0.000, 0.001, -0.002
10.028, 0.000, -0.000, -0.002
10.044, 0.002, -0.000, -0.006
10.061, 0.001, -0.000, 0.004
10.078, 0.002, -0.003, -0.006
10.094, -0.002, -0.001, 0.007
10.111, -0.001, 0.001, 0.002
10.128, 0.000, -0.005, -0.002
10.144, -0.001, 0.010, 0.012
10.161, -0.003, 0.001, 0.009
10.178, -0.003, -0.009, -0.001
10.194, 0.001, -0.018, -0.010
10.211, -0.000, 0.001, 0.007
10.228, -0.001, 0.007, 0.013
10.244, -0.000, 0.009, 0.009
10.261, 0.000, 0.005, 0.007
10.278, 0.002, 0.002, 0.009
10.294, 0.001, -0.000, 0.007
10.311, 0.002, -0.001, -0.001
10.328, -0.000, 0.001, 0.001
10.344, 0.000, 0.010, 0.011
10.361, 0.001, -0.008, -0.008
10.378, 0.001, -0.006, -0.012
10.394, 0.001, -0.006, -0.003
10.411, 0.001, -0.009, -0.006
10.428, 0.001, -0.007, -0.004
10.445, 0.002, -0.006, -0.015
10.461, -0.001, -0.011, -0.007
10.478, 0.000, -0.007, -0.002
10.494, -0.000, -0.013, -0.000
10.511, 0.002, -0.008, -0.014
10.528, 0.002, -0.006, -0.007
10.545, 0.002, -0.010, -0.018
10.561, 0.001, -0.008, -0.016
10.578, 0.000, -0.001, -0.006
10.594, 0.002, -0.007, -0.013
10.611, 0.002, -0.008, -0.008
10.628, 0.002, -0.007, -0.009
10.644, 0.002, -0.011, -0.012
10.661, 0.001, 0.006, 0.008
10.678, 0.005, 0.002, 0.002
10.694, 0.005, 0.003, 0.002
10.711, 0.007, -0.014, -0.012
10.728, 0.005, -0.010, -0.007
10.744, 0.004, -0.011, -0.002
10.761, 0.004, -0.004, -0.000
10.778, 0.006, -0.011, -0.009
10.794, 0.007, -0.007, -0.011
10.811, 0.004, 0.011, 0.023
10.828, 0.003, 0.008, 0.020
10.844, 0.002, 0.006, 0.023
10.861, 0.003, 0.001, 0.007
10.878, 0.003, -0.001, 0.001
10.894, 0.004, 0.010, 0.009
10.911, 0.006, 0.007, 0.010
10.928, 0.007, 0.009, 0.003
10.944, 0.008, 0.013, 0.014
10.961, 0.005, 0.026, 0.025
10.978, 0.008, 0.023, 0.025
10.994, 0.008, 0.025, 0.022
11.011, 0.011, 0.016, 0.003
11.028, 0.008, 0.025, 0.016
11.044, 0.009, 0.022, 0.017
11.061, 0.011, 0.027, 0.029
11.078, 0.010, 0.037, 0.037
11.095, 0.013, 0.042, 0.037
11.111, 0.012, 0.026, 0.016
11.128, 0.012, 0.026, 0.016
11.145, 0.018, 0.013, -0.002
11.161, 0.018, -0.004, -0.023
11.178, 0.025, 0.004, -0.023
11.194, 0.023, 0.017, -0.001
11.211, 0.023, 0.017, -0.001
11.228, 0.029, 0.017, -0.002
11.245, 0.020, 0.033, 0.022
11.261, 0.030, -0.005, -0.028
11.278, 0.031, 0.013, -0.003
11.295, 0.045, 0.006, -0.000
11.311, 0.043, 0.027, 0.027
11.328, 0.051, 0.022, 0.019
11.344, 0.050, 0.007, -0.003
11.361, 0.054, 0.048, 0.072
11.378, 0.061, 0.054, 0.093
11.394, 0.069, 0.033, 0.061
11.412, 0.077, -0.001, 0.000
11.428, 0.092, 0.004, -0.002
11.445, 0.100, 0.023, 0.025
11.461, 0.108, 0.021, 0.029
11.478, 0.121, 0.017, 0.019
11.495, 0.128, 0.030, 0.049
11.511, 0.147, -0.003, -0.017
11.528, 0.163, -0.015, -0.024
11.545, 0.179, -0.031, -0.056
11.561, 0.185, 0.018, 0.032
11.578, 0.209, 0.007, 0.012
11.594, 0.216, 0.014, 0.030
11.611, 0.230, -0.006, 0.005
11.628, 0.250, 0.005, 0.009
11.645, 0.263, -0.011, 0.015
11.661, 0.277, -0.032, -0.015
11.678, 0.293, -0.053, -0.008
11.695, 0.309, -0.047, -0.016
11.712, 0.328, -0.035, 0.019
11.728, 0.340, -0.038, 0.022
11.745, 0.361, -0.041, 0.026
11.761, 0.358, -0.032, 0.042
11.778, 0.378, -0.040, 0.047
11.795, 0.390, -0.048, 0.048
11.811, 0.404, -0.066, 0.035
11.828, 0.434, -0.070, 0.037
11.845, 0.443, -0.069, 0.046
11.862, 0.471, -0.080, 0.037
11.878, 0.475, -0.072, 0.066
11.895, 0.495, -0.080, 0.069
11.911, 0.492, -0.076, 0.081
11.929, 0.535, -0.090, 0.090
11.945, 0.542, -0.092, 0.091
11.961, 0.554, -0.080, 0.113
11.978, 0.558, -0.078, 0.120
11.994, 0.573, -0.078, 0.135
12.011, 0.590, -0.099, 0.120
12.028, 0.605, -0.086, 0.145
12.045, 0.623, -0.085, 0.155
12.061, 0.636, -0.069, 0.180
12.078, 0.652, -0.075, 0.178
12.095, 0.649, -0.071, 0.181
12.111, 0.647, -0.056, 0.204
12.128, 0.646, -0.045, 0.218
12.145, 0.647, -0.045, 0.225
12.161, 0.650, -0.049, 0.218
12.178, 0.655, -0.039, 0.244
12.194, 0.637, -0.015, 0.260
12.212, 0.640, -0.013, 0.269
12.228, 0.611, 0.002, 0.268
12.245, 0.595, 0.008, 0.271
12.261, 0.576, 0.028, 0.288
12.278, 0.547, 0.047, 0.290
12.294, 0.535, 0.065, 0.300
12.311, 0.505, 0.092, 0.309
12.328, 0.578, 0.129, 0.377
12.345, 0.555, 0.143, 0.378
12.361, 0.548, 0.150, 0.379
12.378, 0.420, 0.155, 0.321
12.394, 0.400, 0.171, 0.324
12.411, 0.374, 0.190, 0.327
12.428, 0.341, 0.216, 0.340
12.445, 0.327, 0.226, 0.341
12.461, 0.297, 0.228, 0.332
12.478, 0.272, 0.245, 0.336
12.495, 0.243, 0.259, 0.341
12.512, 0.225, 0.266, 0.339
12.528, 0.189, 0.280, 0.337
12.545, 0.170, 0.292, 0.343
12.561, 0.143, 0.289, 0.331
12.578, 0.110, 0.300, 0.333
12.594, 0.088, 0.307, 0.334
12.612, 0.071, 0.318, 0.339
12.628, 0.039, 0.317, 0.331
12.645, 0.016, 0.320, 0.327
12.661, -0.002, 0.319, 0.316
12.678, -0.033, 0.329, 0.320
12.694, -0.053, 0.327, 0.316
12.711, -0.075, 0.317, 0.302
12.729, -0.105, 0.324, 0.313
12.745, -0.119, 0.314, 0.301
12.761, -0.168, 0.377, 0.370
12.778, -0.168, 0.327, 0.320
12.794, -0.183, 0.324, 0.324
12.811, -0.170, 0.261, 0.253
12.828, -0.209, 0.282, 0.266
12.844, -0.226, 0.275, 0.241
12.861, -0.239, 0.280, 0.257
12.878, -0.262, 0.267, 0.233
12.894, -0.276, 0.253, 0.220
12.911, -0.284, 0.237, 0.206
12.928, -0.303, 0.237, 0.206
12.944, -0.310, 0.233, 0.200
12.961, -0.325, 0.232, 0.181
12.978, -0.339, 0.218, 0.148
12.994, -0.360, 0.220, 0.131
13.011, -0.373, 0.222, 0.117
13.028, -0.408, 0.215, 0.092
13.044, -0.417, 0.202, 0.081
13.062, -0.425, 0.199, 0.081
13.078, -0.445, 0.187, 0.081
13.094, -0.461, 0.185, 0.086
13.111, -0.483, 0.177, 0.102
13.128, -0.508, 0.159, 0.099
13.144, -0.520, 0.150, 0.103
13.161, -0.550, 0.137, 0.099
13.178, -0.561, 0.119, 0.103
13.194, -0.578, 0.110, 0.108
13.211, -0.574, 0.093, 0.098
13.228, -0.589, 0.075, 0.101
13.244, -0.601, 0.064, 0.110
13.261, -0.612, 0.058, 0.118
13.281, -0.641, 0.051, 0.138
13.294, -0.637, 0.036, 0.126
13.311, -0.664, 0.015, 0.125
13.328, -0.654, 0.002, 0.123
13.344, -0.668, -0.010, 0.132
13.361, -0.646, -0.024, 0.108
13.378, -0.651, -0.040, 0.105
13.394, -0.659, -0.037, 0.122
13.411, -0.655, -0.058, 0.118
13.429, -0.666, -0.073, 0.128
13.444, -0.657, -0.083, 0.117
13.461, -0.657, -0.083, 0.117
13.478, -0.657, -0.083, 0.117
13.495, -0.694, -0.077, 0.154
13.511, -0.574, -0.106, 0.089
13.528, -0.665, -0.126, 0.126
13.544, -0.622, -0.148, 0.095
13.561, -0.633, -0.103, 0.171
13.578, -0.591, -0.123, 0.145
13.594, -0.588, -0.111, 0.167
13.611, -0.555, -0.148, 0.118
13.628, -0.552, -0.152, 0.123
13.644, -0.527, -0.161, 0.105
13.661, -0.519, -0.143, 0.129
13.678, -0.493, -0.147, 0.118
13.694, -0.477, -0.138, 0.134
13.711, -0.466, -0.147, 0.126
13.728, -0.430, -0.145, 0.121
13.745, -0.416, -0.148, 0.116
13.761, -0.390, -0.141, 0.108
13.778, -0.361, -0.143, 0.101
13.794, -0.340, -0.142, 0.097
13.811, -0.323, -0.134, 0.112
13.828, -0.302, -0.126, 0.120
13.845, -0.278, -0.125, 0.110
13.861, -0.266, -0.130, 0.105
13.878, -0.236, -0.124, 0.099
13.894, -0.222, -0.114, 0.112
13.911, -0.193, -0.113, 0.096
13.928, -0.167, -0.114, 0.082
13.944, -0.151, -0.103, 0.090
13.961, -0.143, -0.093, 0.098
13.978, -0.120, -0.086, 0.095
13.994, -0.108, -0.078, 0.097
14.011, -0.087, -0.080, 0.088
14.028, -0.070, -0.067, 0.092
14.044, -0.054, -0.063, 0.082
14.061, -0.042, -0.074, 0.061
14.078, -0.026, -0.053, 0.073
14.094, -0.012, -0.052, 0.067
14.111, -0.007, -0.032, 0.076
14.128, 0.009, -0.026, 0.071
14.144, 0.016, -0.023, 0.063
14.161, 0.022, -0.014, 0.066
14.178, 0.033, -0.001, 0.071
14.194, 0.039, 0.000, 0.063
14.211, 0.042, 0.023, 0.081
14.228, 0.053, 0.026, 0.068
14.244, 0.057, 0.034, 0.073
14.261, 0.065, 0.031, 0.054
14.278, 0.073, 0.037, 0.051
14.294, 0.075, 0.042, 0.047
14.311, 0.076, 0.056, 0.064
14.328, 0.079, 0.065, 0.067
14.344, 0.081, 0.065, 0.058
14.361, 0.088, 0.057, 0.047
14.378, 0.086, 0.066, 0.044
14.394, 0.089, 0.082, 0.062
14.411, 0.086, 0.078, 0.050
14.428, 0.086, 0.066, 0.031
14.444, 0.087, 0.058, 0.016
14.461, 0.085, 0.072, 0.031
14.478, 0.084, 0.080, 0.038
14.494, 0.079, 0.086, 0.043
14.511, 0.078, 0.085, 0.036
14.528, 0.075, 0.075, 0.023
14.544, 0.072, 0.070, 0.011
14.561, 0.069, 0.075, 0.018
14.578, 0.063, 0.075, 0.017
14.594, 0.060, 0.084, 0.037
14.611, 0.055, 0.079, 0.028
14.629, 0.048, 0.071, 0.022
14.644, 0.047, 0.078, 0.025
14.661, 0.044, 0.060, 0.005
14.678, 0.041, 0.058, 0.000
14.694, 0.035, 0.050, -0.001
14.711, 0.032, 0.049, -0.006
14.728, 0.026, 0.052, 0.002
14.745, 0.022, 0.047, -0.002
14.761, 0.020, 0.037, -0.013
14.778, 0.014, 0.037, -0.006
14.794, 0.011, 0.029, -0.016
14.812, 0.004, 0.033, -0.006
14.828, 0.001, 0.030, -0.009
14.845, -0.001, 0.026, -0.012
14.861, -0.007, 0.026, -0.012
14.878, -0.012, 0.026, -0.005
14.894, -0.016, 0.022, -0.005
14.911, -0.015, 0.028, 0.010
14.928, -0.019, 0.018, -0.001
14.946, -0.019, 0.009, -0.009
14.961, -0.024, 0.012, -0.003
14.978, -0.025, 0.010, -0.003
14.995, -0.029, 0.009, -0.002
15.011, -0.027, -0.006, -0.010
15.028, -0.030, 0.001, -0.001
15.047, -0.032, 0.001, 0.006
15.061, -0.034, 0.012, 0.017
15.078, -0.037, 0.005, 0.017
15.094, -0.034, 0.004, 0.014
15.111, -0.034, -0.009, 0.005
15.128, -0.037, -0.012, 0.006
15.145, -0.037, -0.027, -0.009
15.161, -0.037, -0.024, -0.012
15.178, -0.038, -0.018, 0.005
15.194, -0.040, -0.001, 0.026
15.211, -0.041, -0.008, 0.022
15.228, -0.040, -0.030, -0.008
15.244, -0.039, -0.043, -0.018
15.261, -0.040, -0.030, 0.005
15.278, -0.038, -0.028, 0.005
15.294, -0.039, -0.018, 0.018
15.311, -0.029, -0.049, -0.021
15.328, -0.033, -0.056, -0.023
15.344, -0.030, -0.062, -0.028
15.361, -0.037, -0.040, 0.001
15.378, -0.032, -0.048, -0.010
15.395, -0.031, -0.042, -0.000
15.411, -0.030, -0.047, -0.002
15.428, -0.028, -0.039, 0.015
15.445, -0.028, -0.052, -0.002
15.462, -0.027, -0.055, -0.006
15.478, -0.023, -0.064, -0.021
15.495, -0.019, -0.056, -0.012
15.511, -0.015, -0.067, -0.019
15.528, -0.015, -0.051, 0.005
15.544, -0.015, -0.055, 0.001
15.561, -0.007, -0.063, -0.017
15.578, -0.002, -0.068, -0.027
15.595, -0.000, -0.065, -0.021
15.611, 0.000, -0.059, -0.013
15.628, 0.006, -0.058, -0.006
15.645, 0.010, -0.061, -0.014
15.661, 0.012, -0.057, -0.005
15.678, 0.013, -0.053, -0.004
15.695, 0.016, -0.053, -0.003
15.712, 0.016, -0.058, -0.016
15.728, 0.019, -0.050, -0.000
15.745, 0.021, -0.046, -0.002
15.761, 0.024, -0.035, 0.019
15.778, 0.030, -0.040, 0.005
15.795, 0.030, -0.037, 0.014
15.812, 0.035, -0.052, -0.006
15.828, 0.036, -0.044, 0.002
15.845, 0.038, -0.044, -0.003
15.861, 0.035, -0.018, 0.030
15.878, 0.038, -0.018, 0.032
15.895, 0.038, -0.012, 0.040
15.911, 0.044, -0.011, 0.038
15.928, 0.044, -0.006, 0.038
15.945, 0.046, -0.001, 0.042
15.961, 0.046, -0.009, 0.032
15.978, 0.051, -0.014, 0.020
15.994, 0.054, -0.015, 0.015
16.012, 0.054, 0.001, 0.035
16.029, 0.052, 0.011, 0.042
16.045, 0.055, 0.013, 0.039
16.061, 0.051, 0.017, 0.034
16.078, 0.054, 0.006, 0.012
16.095, 0.051, 0.016, 0.022
16.112, 0.054, 0.014, 0.017
16.129, 0.052, 0.025, 0.023
16.145, 0.053, 0.025, 0.018
16.162, 0.052, 0.024, 0.011
16.178, 0.052, 0.026, 0.009
16.195, 0.050, 0.026, 0.001
16.211, 0.050, 0.028, 0.000
16.228, 0.046, 0.036, 0.001
16.244, 0.045, 0.039, 0.004
16.261, 0.043, 0.032, -0.013
16.278, 0.041, 0.032, -0.016
16.294, 0.040, 0.033, -0.017
16.311, 0.039, 0.039, -0.018
16.328, 0.032, 0.047, -0.007
16.344, 0.031, 0.039, -0.020
16.361, 0.028, 0.035, -0.023
16.378, 0.028, 0.037, -0.027
16.394, 0.022, 0.042, -0.022
16.411, 0.020, 0.047, -0.015
16.428, 0.017, 0.044, -0.018
16.445, 0.019, 0.037, -0.028
16.461, 0.016, 0.048, -0.015
16.478, 0.013, 0.044, -0.023
16.494, 0.008, 0.045, -0.019
16.512, 0.008, 0.042, -0.024
16.528, 0.004, 0.042, -0.021
16.545, 0.004, 0.042, -0.023
16.561, -0.003, 0.049, -0.007
16.578, -0.004, 0.038, -0.022
16.595, -0.007, 0.034, -0.024
16.612, -0.002, 0.015, -0.050
16.628, -0.008, 0.027, -0.030
16.644, -0.011, 0.031, -0.020
16.661, -0.012, 0.031, -0.014
16.678, -0.017, 0.029, -0.015
16.694, -0.014, 0.019, -0.029
16.712, -0.017, 0.028, -0.018
16.728, -0.016, 0.013, -0.034
16.744, -0.019, 0.022, -0.018
16.761, -0.020, 0.016, -0.021
16.778, -0.023, 0.018, -0.016
16.794, -0.021, 0.013, -0.019
16.811, -0.021, 0.014, -0.022
16.828, -0.022, 0.009, -0.022
16.845, -0.023, 0.011, -0.019
16.861, -0.026, 0.009, -0.010
16.878, -0.023, 0.003, -0.020
16.894, -0.025, 0.005, -0.009
16.911, -0.023, -0.007, -0.031
16.928, -0.023, -0.010, -0.026
16.944, -0.023, -0.011, -0.027
16.961, -0.025, -0.010, -0.023
16.978, -0.027, -0.006, -0.013
16.995, -0.027, -0.013, -0.016
17.012, -0.025, -0.018, -0.017
17.028, -0.021, -0.019, -0.013
17.045, -0.021, -0.026, -0.019
17.061, -0.021, -0.030, -0.021
17.078, -0.024, -0.030, -0.015
17.098, -0.023, -0.025, -0.009
17.111, -0.027, -0.035, -0.014
17.128, -0.023, -0.037, -0.017
17.145, -0.020, -0.042, -0.018
17.163, -0.022, -0.032, -0.001
17.178, -0.022, -0.031, 0.003
17.195, -0.023, -0.040, -0.006
17.212, -0.017, -0.033, -0.002
17.232, -0.013, -0.032, 0.010
17.244, -0.012, -0.031, 0.013
17.261, -0.006, -0.034, 0.017
17.278, -0.001, -0.044, -0.000
17.296, 0.008, -0.043, -0.002
17.311, 0.018, -0.048, -0.013
17.328, 0.026, -0.046, -0.004
17.344, 0.029, -0.036, 0.012
17.361, 0.047, -0.051, -0.016
17.378, 0.063, -0.054, -0.018
17.394, 0.076, -0.061, -0.027
17.411, 0.076, -0.050, -0.004
17.428, 0.083, -0.041, 0.001
17.444, 0.094, -0.052, -0.010
17.461, 0.108, -0.045, -0.004
17.478, 0.126, -0.054, -0.009
17.494, 0.130, -0.042, 0.008
17.511, 0.139, -0.043, 0.003
17.528, 0.156, -0.058, -0.016
17.545, 0.162, -0.050, -0.006
17.561, 0.167, -0.053, 0.004
17.578, 0.174, -0.043, 0.017
17.594, 0.187, -0.054, 0.004
17.611, 0.203, -0.060, -0.012
17.628, 0.213, -0.064, -0.015
17.644, 0.223, -0.063, -0.015
17.661, 0.219, -0.064, -0.019
17.678, 0.234, -0.063, -0.019
17.694, 0.237, -0.067, -0.023
17.711, 0.233, -0.066, -0.020
17.728, 0.249, -0.071, -0.024
17.744, 0.253, -0.067, -0.031
17.761, 0.268, -0.070, -0.028
17.778, 0.273, -0.067, -0.029
17.794, 0.274, -0.070, -0.020
17.811, 0.295, -0.095, -0.059
17.828, 0.292, -0.087, -0.045
17.844, 0.303, -0.098, -0.061
17.861, 0.277, -0.060, -0.010
17.878, 0.293, -0.067, -0.026
17.894, 0.290, -0.064, -0.020
17.911, 0.300, -0.070, -0.037
17.928, 0.293, -0.060, -0.019
17.944, 0.297, -0.057, -0.018
17.961, 0.298, -0.058, -0.020
17.978, 0.299, -0.062, -0.029
17.994, 0.303, -0.064, -0.036
18.011, 0.295, -0.048, -0.011
18.028, 0.291, -0.047, -0.017
18.044, 0.287, -0.046, -0.018
18.061, 0.291, -0.045, -0.014
18.078, 0.299, -0.046, -0.020
18.094, 0.289, -0.030, 0.003
18.111, 0.310, -0.058, -0.044
18.128, 0.297, -0.053, -0.037
18.144, 0.301, -0.061, -0.051
18.164, 0.284, -0.043, -0.025
18.178, 0.284, -0.044, -0.027
18.194, 0.283, -0.044, -0.023
18.211, 0.268, -0.034, -0.017
18.228, 0.267, -0.035, -0.013
18.244, 0.265, -0.038, -0.021
18.261, 0.284, -0.053, -0.032
18.278, 0.275, -0.059, -0.047
18.294, 0.275, -0.059, -0.041
18.311, 0.264, -0.057, -0.031
18.328, 0.257, -0.056, -0.025
18.344, 0.255, -0.062, -0.026
18.361, 0.256, -0.066, -0.031
18.378, 0.260, -0.076, -0.032
18.394, 0.252, -0.075, -0.032
18.411, 0.239, -0.079, -0.032
18.428, 0.238, -0.081, -0.026
18.444, 0.237, -0.086, -0.030
18.461, 0.244, -0.094, -0.038
18.480, 0.233, -0.097, -0.038
18.494, 0.230, -0.103, -0.038
18.511, 0.225, -0.107, -0.038
18.528, 0.225, -0.110, -0.039
18.544, 0.218, -0.114, -0.040
18.563, 0.218, -0.115, -0.031
18.580, 0.214, -0.121, -0.031
18.594, 0.217, -0.129, -0.034
18.611, 0.202, -0.120, -0.032
18.628, 0.205, -0.129, -0.033
18.644, 0.203, -0.132, -0.033
18.661, 0.208, -0.141, -0.042
18.678, 0.200, -0.140, -0.038
18.694, 0.197, -0.138, -0.034
18.711, 0.198, -0.150, -0.039
18.728, 0.202, -0.153, -0.035
18.744, 0.197, -0.160, -0.042
18.761, 0.205, -0.150, -0.026
18.778, 0.198, -0.155, -0.037
18.794, 0.201, -0.148, -0.025
18.811, 0.193, -0.155, -0.034
18.828, 0.191, -0.154, -0.029
18.844, 0.196, -0.162, -0.035
18.861, 0.194, -0.164, -0.038
18.878, 0.196, -0.163, -0.036
18.895, 0.194, -0.161, -0.036
18.911, 0.194, -0.157, -0.028
18.929, 0.197, -0.162, -0.036
18.944, 0.196, -0.152, -0.029
18.961, 0.199, -0.151, -0.034
18.978, 0.199, -0.148, -0.034
18.995, 0.200, -0.146, -0.032
19.012, 0.200, -0.141, -0.024
19.028, 0.203, -0.134, -0.018
19.044, 0.204, -0.134, -0.021
19.062, 0.208, -0.137, -0.026
19.078, 0.215, -0.140, -0.032
19.094, 0.215, -0.134, -0.026
19.111, 0.215, -0.129, -0.028
19.128, 0.219, -0.131, -0.029
19.145, 0.219, -0.126, -0.025
19.161, 0.219, -0.131, -0.023
19.178, 0.218, -0.120, -0.011
19.194, 0.219, -0.123, -0.012
19.211, 0.216, -0.120, -0.014
19.228, 0.218, -0.118, -0.010
19.244, 0.220, -0.124, -0.019
19.261, 0.221, -0.125, -0.012
19.278, 0.212, -0.119, -0.013
19.296, 0.221, -0.125, -0.015
19.311, 0.213, -0.122, -0.015
19.328, 0.228, -0.133, -0.017
19.344, 0.211, -0.129, -0.016
19.361, 0.215, -0.126, -0.005
19.378, 0.201, -0.123, -0.006
19.394, 0.204, -0.125, -0.005
19.411, 0.203, -0.127, -0.006
19.431, 0.195, -0.126, -0.002
19.445, 0.191, -0.126, -0.004
19.461, 0.190, -0.123, 0.001
19.478, 0.191, -0.121, 0.009
19.494, 0.189, -0.117, 0.016
19.511, 0.194, -0.129, 0.007
19.528, 0.189, -0.130, 0.000
19.544, 0.190, -0.128, 0.006
19.561, 0.184, -0.121, 0.008
19.578, 0.187, -0.123, 0.013
19.594, 0.183, -0.120, 0.011
19.611, 0.186, -0.125, 0.015
19.628, 0.185, -0.126, 0.012
19.644, 0.184, -0.129, 0.015
19.661, 0.188, -0.126, 0.013
19.678, 0.184, -0.132, 0.008
19.694, 0.190, -0.133, 0.008
19.711, 0.182, -0.134, 0.006
19.728, 0.185, -0.135, 0.011
19.744, 0.182, -0.132, 0.011
19.761, 0.188, -0.136, 0.018
19.778, 0.186, -0.138, 0.014
19.794, 0.189, -0.145, 0.011
19.811, 0.182, -0.143, 0.010
19.828, 0.181, -0.143, 0.013
19.844, 0.184, -0.144, 0.016
19.861, 0.185, -0.147, 0.010
19.878, 0.191, -0.150, 0.011
19.894, 0.187, -0.148, 0.010
19.911, 0.196, -0.153, 0.014
19.928, 0.194, -0.150, 0.018
19.945, 0.198, -0.154, 0.015
19.961, 0.193, -0.156, 0.017
19.978, 0.199, -0.157, 0.017
19.994, 0.198, -0.154, 0.019
20.012, 0.206, -0.157, 0.017
20.030, 0.207, -0.154, 0.018
20.044, 0.209, -0.158, 0.016
20.061, 0.210, -0.155, 0.015
20.078, 0.212, -0.158, 0.012
20.094, 0.216, -0.159, 0.011
20.111, 0.211, -0.156, 0.005
20.128, 0.213, -0.157, 0.004
20.144, 0.211, -0.157, -0.003
20.161, 0.220, -0.165, -0.011
20.178, 0.219, -0.164, -0.018
20.194, 0.225, -0.169, -0.017
20.211, 0.215, -0.159, -0.016
20.228, 0.222, -0.163, -0.019
20.244, 0.219, -0.159, -0.021
20.261, 0.226, -0.166, -0.027
20.278, 0.222, -0.166, -0.030
20.294, 0.223, -0.167, -0.028
20.311, 0.221, -0.163, -0.024
20.329, 0.209, -0.155, -0.021
20.344, 0.220, -0.165, -0.026
20.361, 0.221, -0.163, -0.023
20.378, 0.234, -0.178, -0.022
20.394, 0.219, -0.168, -0.023
20.411, 0.220, -0.176, -0.024
20.428, 0.208, -0.173, -0.030
20.444, 0.216, -0.176, -0.023
20.461, 0.209, -0.172, -0.027
20.478, 0.219, -0.178, -0.026
20.494, 0.213, -0.177, -0.028
20.511, 0.221, -0.183, -0.021
20.528, 0.219, -0.186, -0.028
20.544, 0.214, -0.183, -0.023
20.561, 0.215, -0.187, -0.027
20.578, 0.208, -0.183, -0.022
20.594, 0.208, -0.184, -0.021
20.611, 0.193, -0.178, -0.021
20.628, 0.185, -0.173, -0.017
20.644, 0.180, -0.170, -0.012
20.661, 0.176, -0.167, -0.021
20.678, 0.170, -0.160, -0.013
20.694, 0.162, -0.158, -0.015
20.711, 0.153, -0.150, 0.001
20.728, 0.140, -0.144, 0.007
20.744, 0.126, -0.139, 0.012
20.761, 0.114, -0.136, 0.014
20.778, 0.099, -0.121, 0.030
20.794, 0.088, -0.114, 0.030
20.811, 0.079, -0.109, 0.031
20.828, 0.059, -0.098, 0.031
20.844, 0.049, -0.095, 0.034
20.861, 0.033, -0.083, 0.041
20.878, 0.019, -0.069, 0.048
20.894, 0.007, -0.055, 0.054
20.911, 0.004, -0.054, 0.044
20.928, -0.007, -0.046, 0.050
20.947, -0.012, -0.046, 0.046
20.961, -0.027, -0.035, 0.066
20.978, -0.030, -0.026, 0.058
20.995, -0.035, -0.015, 0.060
21.012, -0.033, -0.003, 0.058
21.028, -0.045, 0.007, 0.061
21.045, -0.046, 0.014, 0.061
21.061, -0.059, 0.025, 0.067
21.078, -0.058, 0.030, 0.057
21.095, -0.060, 0.040, 0.061
21.111, -0.052, 0.043, 0.051
21.128, -0.063, 0.058, 0.053
21.144, -0.067, 0.066, 0.052
21.161, -0.071, 0.075, 0.046
21.178, -0.076, 0.085, 0.041
21.194, -0.078, 0.093, 0.037
21.211, -0.081, 0.102, 0.042
21.228, -0.084, 0.108, 0.039
21.244, -0.087, 0.118, 0.041
21.261, -0.087, 0.120, 0.037
21.278, -0.096, 0.133, 0.035
21.294, -0.097, 0.134, 0.030
21.311, -0.101, 0.137, 0.025
21.328, -0.102, 0.142, 0.018
21.344, -0.105, 0.148, 0.015
21.363, -0.113, 0.152, 0.015
21.378, -0.113, 0.158, 0.010
21.394, -0.115, 0.159, 0.010
21.411, -0.110, 0.155, -0.001
21.428, -0.115, 0.161, 0.000
21.444, -0.113, 0.160, -0.005
21.461, -0.113, 0.162, -0.005
21.478, -0.111, 0.162, -0.008
21.494, -0.112, 0.163, -0.011
21.511, -0.112, 0.159, -0.018
21.528, -0.114, 0.159, -0.024
21.544, -0.112, 0.153, -0.032
21.561, -0.117, 0.161, -0.032
21.580, -0.113, 0.148, -0.040
21.594, -0.116, 0.143, -0.045
21.611, -0.115, 0.131, -0.050
21.628, -0.118, 0.132, -0.051
21.644, -0.121, 0.124, -0.052
21.661, -0.123, 0.123, -0.050
21.678, -0.125, 0.105, -0.057
21.694, -0.126, 0.100, -0.056
21.711, -0.130, 0.092, -0.062
21.728, -0.132, 0.085, -0.054
21.744, -0.132, 0.082, -0.053
21.761, -0.124, 0.071, -0.045
21.778, -0.122, 0.060, -0.045
21.794, -0.126, 0.053, -0.044
21.811, -0.130, 0.050, -0.041
21.828, -0.133, 0.039, -0.042
21.844, -0.128, 0.033, -0.038
21.861, -0.129, 0.030, -0.032
21.878, -0.123, 0.021, -0.023
21.894, -0.126, 0.015, -0.027
21.911, -0.124, 0.007, -0.026
21.928, -0.125, -0.003, -0.034
21.944, -0.118, -0.005, -0.026
21.961, -0.121, -0.012, -0.041
21.978, -0.122, -0.023, -0.050
21.994, -0.124, -0.024, -0.053
22.011, -0.113, -0.029, -0.046
22.028, -0.103, -0.028, -0.031
22.044, -0.098, -0.039, -0.031
22.061, -0.101, -0.041, -0.025
22.078, -0.101, -0.051, -0.023
22.094, -0.103, -0.050, -0.015
22.111, -0.098, -0.057, -0.016
22.128, -0.096, -0.059, 0.006
22.144, -0.088, -0.067, 0.010
22.161, -0.087, -0.081, 0.019
22.178, -0.076, -0.082, 0.022
22.194, -0.073, -0.090, 0.029
22.211, -0.077, -0.097, 0.041
22.228, -0.063, -0.095, 0.039
22.244, -0.058, -0.096, 0.036
22.261, -0.041, -0.088, 0.035
22.278, -0.034, -0.098, 0.043
22.294, -0.027, -0.099, 0.045
22.316, -0.017, -0.099, 0.041
22.328, -0.006, -0.096, 0.046
22.344, 0.004, -0.093, 0.045
22.361, 0.009, -0.085, 0.047
22.378, 0.021, -0.084, 0.036
22.394, 0.026, -0.081, 0.034
22.411, 0.034, -0.076, 0.029
22.428, 0.047, -0.070, 0.025
22.444, 0.060, -0.061, 0.026
22.461, 0.072, -0.059, 0.021
22.478, 0.082, -0.055, 0.013
22.494, 0.087, -0.056, 0.003
22.511, 0.088, -0.052, 0.001
22.528, 0.096, -0.046, 0.000
22.544, 0.102, -0.039, 0.003
22.561, 0.110, -0.031, 0.007
22.578, 0.114, -0.022, 0.013
22.594, 0.115, -0.014, 0.019
22.611, 0.110, -0.011, 0.025
22.628, 0.108, -0.001, 0.025
22.644, 0.107, 0.007, 0.028
22.661, 0.113, 0.014, 0.026
22.678, 0.113, 0.024, 0.024
22.694, 0.115, 0.036, 0.024
22.711, 0.110, 0.041, 0.019
22.728, 0.112, 0.056, 0.017
22.744, 0.110, 0.061, 0.010
22.761, 0.111, 0.071, 0.004
22.778, 0.108, 0.077, -0.005
22.794, 0.107, 0.083, -0.014
22.811, 0.105, 0.085, -0.017
22.828, 0.108, 0.092, -0.023
22.844, 0.108, 0.093, -0.024
22.861, 0.108, 0.093, -0.033
22.878, 0.100, 0.097, -0.037
22.894, 0.100, 0.097, -0.043
22.911, 0.096, 0.098, -0.041
22.928, 0.097, 0.104, -0.045
22.944, 0.095, 0.103, -0.045
22.961, 0.090, 0.095, -0.055
22.978, 0.084, 0.095, -0.055
22.994, 0.079, 0.094, -0.059
23.011, 0.078, 0.099, -0.054
23.028, 0.069, 0.089, -0.052
23.044, 0.070, 0.092, -0.052
23.061, 0.064, 0.095, -0.047
23.078, 0.062, 0.088, -0.046
23.094, 0.051, 0.073, -0.043
23.111, 0.050, 0.065, -0.039
23.128, 0.040, 0.066, -0.021
23.144, 0.035, 0.059, -0.017
23.161, 0.029, 0.059, -0.006
23.178, 0.020, 0.043, -0.009
23.194, 0.016, 0.038, -0.008
23.211, 0.014, 0.025, -0.012
23.228, 0.010, 0.018, -0.013
23.244, 0.007, 0.017, -0.007
23.261, 0.001, 0.016, -0.004
23.278, -0.002, 0.010, -0.001
23.294, -0.003, 0.010, 0.007
23.311, -0.002, 0.010, 0.013
23.328, -0.001, 0.010, 0.017
23.345, -0.003, 0.011, 0.013
23.362, -0.002, 0.009, 0.008
23.378, -0.008, 0.010, -0.001
23.395, -0.009, 0.017, -0.000
23.412, -0.011, 0.019, -0.006
23.429, -0.012, 0.025, -0.004
23.446, -0.013, 0.028, -0.007
23.461, -0.013, 0.032, -0.008
23.478, -0.017, 0.041, -0.009
23.494, -0.018, 0.040, -0.011
23.512, -0.024, 0.041, -0.018
23.528, -0.029, 0.039, -0.024
23.545, -0.033, 0.041, -0.025
23.561, -0.034, 0.039, -0.020
23.579, -0.032, 0.036, -0.019
23.595, -0.033, 0.032, -0.019
23.612, -0.034, 0.023, -0.027
23.628, -0.039, 0.019, -0.025
23.644, -0.040, 0.014, -0.024
23.661, -0.038, 0.007, -0.020
23.678, -0.036, 0.003, -0.014
23.694, -0.034, -0.002, -0.012
23.711, -0.038, -0.003, -0.016
23.728, -0.038, -0.010, -0.023
23.744, -0.041, -0.015, -0.033
23.761, -0.038, -0.019, -0.038
23.778, -0.040, -0.014, -0.042
23.794, -0.039, -0.014, -0.045
23.811, -0.041, -0.008, -0.039
23.828, -0.040, -0.011, -0.041
23.844, -0.041, -0.012, -0.041
23.861, -0.040, -0.013, -0.042
23.878, -0.044, -0.014, -0.039
23.894, -0.045, -0.013, -0.034
23.911, -0.040, -0.013, -0.032
23.928, -0.031, -0.018, -0.034
23.944, -0.025, -0.020, -0.039
23.961, -0.024, -0.017, -0.035
23.978, -0.020, -0.020, -0.046
23.994, -0.015, -0.025, -0.052
24.011, -0.015, -0.025, -0.056
24.028, -0.004, -0.027, -0.057
24.044, 0.001, -0.028, -0.053
24.061, 0.011, -0.032, -0.052
24.078, 0.018, -0.038, -0.054
24.094, 0.026, -0.035, -0.055
24.111, 0.034, -0.036, -0.057
24.129, 0.039, -0.033, -0.058
24.144, 0.040, -0.031, -0.059
24.161, 0.044, -0.035, -0.061
24.178, 0.057, -0.035, -0.055
24.194, 0.060, -0.033, -0.051
24.212, 0.060, -0.032, -0.048
24.228, 0.061, -0.031, -0.039
24.245, 0.063, -0.029, -0.025
24.261, 0.068, -0.032, -0.017
24.278, 0.070, -0.032, -0.009
24.294, 0.072, -0.033, -0.007
24.311, 0.071, -0.031, -0.005
24.328, 0.074, -0.028, 0.009
24.344, 0.079, -0.033, 0.016
24.361, 0.080, -0.034, 0.024
24.380, 0.080, -0.038, 0.031
24.394, 0.082, -0.037, 0.038
24.411, 0.079, -0.038, 0.044
24.428, 0.079, -0.034, 0.058
24.444, 0.076, -0.037, 0.064
24.461, 0.083, -0.039, 0.080
24.478, 0.080, -0.038, 0.094
24.494, 0.080, -0.038, 0.102
24.512, 0.077, -0.032, 0.109
24.529, 0.073, -0.035, 0.108
24.546, 0.068, -0.036, 0.111
24.561, 0.062, -0.038, 0.106
24.578, 0.061, -0.037, 0.114
24.594, 0.055, -0.037, 0.115
24.611, 0.058, -0.039, 0.122
24.628, 0.052, -0.045, 0.119
24.644, 0.051, -0.051, 0.118
24.661, 0.044, -0.051, 0.113
24.678, 0.036, -0.056, 0.107
24.694, 0.034, -0.057, 0.105
24.711, 0.029, -0.061, 0.101
24.728, 0.026, -0.065, 0.097
24.744, 0.022, -0.066, 0.090
24.761, 0.025, -0.067, 0.096
24.778, 0.017, -0.071, 0.081
24.794, 0.016, -0.071, 0.075
24.811, 0.016, -0.071, 0.065
24.828, 0.013, -0.074, 0.051
24.844, 0.010, -0.070, 0.046
24.861, 0.001, -0.092, 0.037
24.878, 0.001, -0.078, 0.029
24.896, -0.000, -0.081, 0.019
24.911, -0.001, -0.062, 0.009
24.929, -0.003, -0.069, 0.002
24.945, -0.005, -0.066, -0.002
24.961, -0.006, -0.065, -0.015
24.978, -0.006, -0.061, -0.020
24.994, -0.012, -0.058, -0.028
25.012, -0.015, -0.059, -0.030
25.028, -0.020, -0.058, -0.042
25.044, -0.018, -0.054, -0.040
25.061, -0.019, -0.054, -0.052
25.078, -0.019, -0.043, -0.055
25.094, -0.020, -0.044, -0.069
25.111, -0.018, -0.036, -0.071
25.128, -0.018, -0.033, -0.086
25.144, -0.019, -0.031, -0.095
25.161, -0.020, -0.028, -0.102
25.178, -0.015, -0.023, -0.115
25.194, -0.010, -0.019, -0.121
25.211, -0.004, -0.018, -0.130
25.228, -0.003, -0.013, -0.138
25.244, 0.000, -0.014, -0.149
25.261, 0.002, -0.009, -0.152
25.278, 0.008, -0.007, -0.169
25.294, 0.010, -0.005, -0.176
25.311, 0.011, -0.002, -0.183
25.328, 0.017, 0.003, -0.194
25.344, 0.019, 0.007, -0.202
25.361, 0.026, 0.015, -0.205
25.378, 0.026, 0.020, -0.220
25.394, 0.028, 0.026, -0.222
25.411, 0.023, 0.030, -0.235
25.428, 0.026, 0.030, -0.244
25.444, 0.028, 0.033, -0.246
25.461, 0.032, 0.037, -0.250
25.478, 0.031, 0.038, -0.249
25.494, 0.032, 0.042, -0.250
25.511, 0.029, 0.037, -0.252
25.528, 0.031, 0.037, -0.255
25.544, 0.032, 0.033, -0.259
25.561, 0.036, 0.034, -0.253
25.578, 0.034, 0.032, -0.257
25.594, 0.029, 0.032, -0.257
25.611, 0.025, 0.028, -0.262
25.628, 0.021, 0.030, -0.259
25.644, 0.023, 0.029, -0.251
25.661, 0.021, 0.016, -0.332
25.678, 0.017, 0.011, -0.287
25.694, 0.009, 0.006, -0.290
25.711, 0.005, 0.001, -0.212
25.728, -0.003, -0.005, -0.249
25.744, -0.003, -0.005, -0.237
25.761, -0.009, -0.004, -0.235
25.778, -0.014, -0.008, -0.220
25.794, -0.021, -0.017, -0.229
25.811, -0.024, -0.020, -0.217
25.828, -0.024, -0.026, -0.211
25.844, -0.024, -0.027, -0.202
25.861, -0.031, -0.030, -0.201
25.878, -0.033, -0.039, -0.195
25.894, -0.037, -0.048, -0.193
25.911, -0.034, -0.057, -0.187
25.928, -0.036, -0.058, -0.176
25.945, -0.038, -0.066, -0.173
25.961, -0.033, -0.066, -0.168
25.978, -0.033, -0.076, -0.163
25.994, -0.029, -0.079, -0.158
26.011, -0.042, -0.084, -0.158
26.028, -0.040, -0.092, -0.163
26.044, -0.042, -0.098, -0.165
26.061, -0.045, -0.124, -0.201
26.078, -0.039, -0.114, -0.177
26.094, -0.038, -0.115, -0.176
26.111, -0.024, -0.090, -0.129
26.128, -0.029, -0.106, -0.148
26.144, -0.030, -0.107, -0.144
26.161, -0.027, -0.096, -0.138
26.178, -0.023, -0.100, -0.142
26.194, -0.018, -0.095, -0.139
26.211, -0.019, -0.091, -0.134
26.228, -0.016, -0.093, -0.140
26.244, -0.016, -0.085, -0.136
26.261, -0.006, -0.132, -0.200
26.278, -0.004, -0.109, -0.173
26.294, 0.003, -0.112, -0.179
26.311, 0.001, -0.080, -0.135
26.328, 0.007, -0.103, -0.172
26.344, 0.008, -0.098, -0.172
26.361, 0.013, -0.100, -0.182
26.378, 0.018, -0.086, -0.180
26.394, 0.026, -0.092, -0.199
26.411, 0.024, -0.083, -0.201
26.428, 0.032, -0.088, -0.229
26.445, 0.035, -0.081, -0.229
26.461, 0.038, -0.077, -0.234
26.478, 0.045, -0.074, -0.233
26.494, 0.050, -0.071, -0.227
26.511, 0.055, -0.076, -0.223
26.528, 0.060, -0.065, -0.205
26.544, 0.056, -0.061, -0.197
26.561, 0.058, -0.056, -0.188
26.578, 0.054, -0.049, -0.171
26.594, 0.056, -0.043, -0.159
26.611, 0.058, -0.037, -0.152
26.628, 0.062, -0.028, -0.141
26.644, 0.063, -0.017, -0.129
26.661, 0.079, -0.033, -0.170
26.678, 0.075, -0.013, -0.133
26.694, 0.076, -0.017, -0.132
26.711, 0.057, 0.019, -0.066
26.728, 0.062, 0.005, -0.097
26.744, 0.062, 0.005, -0.120
26.761, 0.061, -0.006, -0.157
26.778, 0.052, -0.007, -0.224
26.794, 0.045, -0.008, -0.280
26.811, 0.038, -0.014, -0.361
26.828, 0.026, -0.025, -0.477
26.844, 0.019, -0.029, -0.573
26.861, 0.013, -0.034, -0.656
26.878, 0.033, -0.007, -0.751
