0.136, 0.000, 0.000, 0.000
0.153, 0.000, 0.000, 0.000
0.170, 0.000, 0.000, 0.000
0.186, 0.000, 0.000, 0.000
0.203, 0.000, 0.000, 0.000
0.220, 0.000, 0.000, 0.000
0.237, 0.000, 0.000, 0.000
0.253, 0.000, 0.000, 0.000
0.270, 0.000, 0.000, 0.000
0.287, 0.000, 0.000, 0.000
0.303, 0.000, 0.000, 0.000
0.320, 0.000, 0.000, 0.000
0.336, 0.000, 0.000, 0.000
0.353, 0.000, 0.000, 0.000
0.369, 0.000, 0.000, 0.000
0.386, 0.000, 0.000, 0.000
0.403, 0.000, 0.000, 0.000
0.420, 0.000, 0.000, 0.000
0.437, 0.000, 0.000, 0.000
0.454, -0.001, -0.000, -0.000
0.470, -0.000, -0.002, -0.000
0.487, 0.000, -0.001, -0.000
0.503, 0.000, -0.001, 0.000
0.520, 0.001, 0.001, -0.001
0.536, 0.001, -0.001, -0.001
0.553, 0.000, -0.000, -0.001
0.570, 0.001, 0.001, 0.001
0.586, -0.000, 0.002, 0.000
0.603, 0.001, 0.001, -0.000
0.620, -0.000, 0.001, 0.002
0.637, -0.000, 0.000, 0.001
0.653, 0.001, 0.002, 0.001
0.670, 0.001, 0.000, -0.001
0.686, 0.001, 0.001, 0.000
0.703, 0.000, -0.000, 0.001
0.720, 0.000, 0.000, 0.000
0.737, -0.000, 0.000, 0.000
0.753, 0.000, 0.000, 0.000
0.770, -0.001, -0.001, 0.001
0.787, -0.001, -0.000, -0.000
0.804, -0.001, -0.001, 0.001
0.820, -0.001, 0.003, -0.000
0.837, -0.001, 0.000, 0.000
0.853, -0.000, 0.002, 0.000
0.870, 0.000, -0.001, -0.001
0.887, 0.000, 0.001, -0.000
0.903, 0.000, 0.001, -0.001
0.920, -0.001, 0.000, 0.000
0.937, -0.001, -0.001, 0.000
0.953, -0.001, -0.000, -0.000
0.970, 0.000, 0.002, 0.000
0.987, -0.000, 0.000, 0.000
1.003, -0.001, 0.001, 0.002
1.020, 0.000, -0.001, -0.003
1.037, 0.000, 0.000, -0.001
1.053, 0.000, -0.000, -0.002
1.070, -0.001, -0.002, 0.001
1.086, 0.001, -0.000, -0.000
1.103, 0.000, -0.002, -0.001
1.120, 0.002, -0.002, -0.002
1.136, 0.000, -0.002, -0.000
1.154, 0.001, -0.002, -0.001
1.170, -0.001, 0.003, 0.004
1.187, -0.000, -0.001, 0.001
1.204, 0.000, 0.002, 0.002
1.221, 0.001, -0.002, -0.002
1.236, -0.000, 0.000, 0.000
1.253, 0.000, -0.003, -0.001
1.270, 0.000, 0.000, -0.000
1.286, 0.000, 0.000, 0.001
1.303, -0.001, 0.001, 0.001
1.320, -0.000, -0.001, 0.000
1.336, 0.001, -0.000, -0.001
1.353, 0.000, -0.002, -0.001
1.370, 0.001, -0.003, -0.001
1.386, 0.000, -0.003, -0.001
1.403, 0.001, -0.001, -0.002
1.420, -0.001, 0.002, 0.002
1.437, -0.001, 0.000, 0.001
1.453, -0.000, -0.001, 0.001
1.470, 0.001, 0.001, -0.000
1.486, 0.001, 0.000, 0.001
1.503, -0.000, 0.000, 0.002
1.520, -0.001, 0.002, 0.002
1.537, -0.001, 0.002, 0.001
1.553, -0.000, 0.004, 0.001
1.570, 0.000, 0.002, -0.001
1.586, -0.000, 0.001, 0.000
1.603, -0.000, 0.001, -0.000
1.620, -0.000, -0.001, -0.002
1.636, -0.000, 0.001, 0.001
1.653, -0.001, -0.001, -0.001
1.670, -0.001, -0.000, 0.000
1.687, 0.000, -0.001, -0.001
1.703, -0.000, 0.001, -0.001
1.720, 0.000, -0.002, 0.000
1.736, 0.000, -0.001, -0.001
1.753, -0.000, 0.000, 0.001
1.770, 0.000, 0.000, 0.000
1.786, -0.000, -0.000, 0.000
1.803, 0.000, -0.001, 0.000
1.820, 0.000, -0.002, -0.001
1.836, 0.001, -0.000, -0.001
1.853, -0.000, -0.002, -0.001
1.870, -0.000, -0.000, -0.001
1.886, -0.001, -0.001, 0.000
1.903, -0.000, -0.001, -0.000
1.920, 0.001, 0.001, -0.000
1.936, 0.000, 0.000, -0.001
1.953, 0.000, 0.000, -0.000
1.970, 0.000, -0.002, -0.000
1.986, 0.000, -0.001, -0.001
2.003, 0.000, -0.002, -0.001
2.020, 0.000, 0.001, 0.002
2.036, 0.000, -0.000, 0.000
2.053, 0.001, 0.000, 0.001
2.069, -0.000, 0.002, 0.001
2.086, -0.000, 0.002, 0.002
2.103, -0.000, 0.002, 0.002
2.120, -0.000, -0.001, -0.002
2.137, 0.000, 0.001, -0.001
2.153, -0.000, -0.001, -0.002
2.170, -0.001, 0.003, 0.001
2.187, -0.001, 0.001, -0.000
2.203, -0.001, 0.003, 0.000
2.220, 0.000, 0.001, 0.001
2.237, 0.000, 0.000, 0.000
2.253, 0.000, 0.002, 0.001
2.270, 0.001, 0.002, -0.002
2.287, 0.001, 0.002, -0.001
2.303, 0.000, 0.001, -0.001
2.320, 0.000, 0.000, -0.002
2.337, -0.000, 0.000, -0.001
2.353, 0.000, 0.001, -0.002
2.370, -0.001, -0.002, 0.000
2.386, 0.000, 0.000, -0.001
2.403, -0.000, -0.001, -0.001
2.420, -0.000, -0.001, -0.000
2.437, -0.001, -0.002, 0.000
2.453, 0.001, 0.000, -0.000
2.470, 0.001, 0.001, -0.001
2.487, 0.000, -0.000, -0.001
2.503, -0.001, -0.001, -0.000
2.520, -0.001, -0.000, 0.002
2.536, 0.000, 0.001, 0.000
2.553, 0.000, -0.001, 0.001
2.570, 0.002, 0.000, -0.001
2.587, 0.001, 0.001, 0.000
2.603, 0.001, 0.001, -0.001
2.620, -0.000, -0.000, 0.000
2.636, -0.001, -0.000, 0.001
2.653, -0.000, -0.001, 0.000
2.670, 0.000, -0.001, 0.000
2.686, 0.000, -0.002, -0.000
2.703, 0.000, 0.000, 0.001
2.720, -0.001, -0.000, 0.002
2.736, -0.000, 0.001, 0.001
2.753, -0.000, -0.000, 0.001
2.770, 0.000, 0.001, -0.000
2.786, -0.000, 0.001, 0.002
2.803, -0.000, -0.002, 0.001
2.820, -0.000, 0.000, 0.002
2.836, 0.000, -0.000, 0.000
2.853, 0.000, 0.002, 0.000
2.870, -0.000, 0.002, 0.002
2.886, -0.001, 0.002, 0.001
2.903, -0.001, 0.003, 0.002
2.920, -0.001, -0.001, 0.001
2.936, -0.000, -0.001, 0.001
2.953, -0.000, -0.001, 0.001
2.970, -0.000, 0.000, 0.001
2.986, -0.000, 0.000, 0.001
3.003, -0.001, 0.002, 0.001
3.020, -0.001, -0.001, -0.001
3.036, -0.000, -0.001, -0.001
3.053, -0.001, -0.002, -0.001
3.070, -0.001, -0.001, 0.000
3.086, -0.001, -0.002, -0.000
3.103, -0.001, -0.001, 0.001
3.120, -0.000, -0.002, -0.001
3.137, -0.000, -0.002, -0.001
3.153, -0.000, -0.002, -0.001
3.170, 0.001, 0.001, -0.002
3.187, 0.001, 0.001, -0.001
3.203, 0.001, -0.002, -0.002
3.220, 0.001, 0.001, 0.001
3.236, 0.000, 0.001, 0.000
3.253, 0.001, 0.001, 0.000
3.270, -0.001, -0.001, 0.001
3.286, -0.000, 0.000, 0.000
3.303, 0.000, 0.001, 0.001
3.320, -0.000, 0.001, -0.000
3.337, -0.000, 0.000, -0.000
3.353, -0.000, 0.001, -0.000
3.370, 0.001, 0.000, -0.001
3.386, 0.001, 0.001, -0.000
3.403, 0.000, 0.001, -0.001
3.420, -0.000, 0.002, 0.003
3.436, -0.000, 0.001, 0.001
3.453, -0.000, 0.003, 0.002
3.470, 0.000, -0.001, -0.001
3.486, 0.001, -0.001, -0.002
3.503, 0.001, -0.001, -0.002
3.520, 0.000, 0.003, -0.000
3.537, -0.000, 0.001, 0.000
3.553, 0.001, 0.001, -0.001
3.570, -0.001, 0.001, 0.001
3.587, -0.001, 0.002, 0.001
3.603, -0.002, 0.002, 0.002
3.620, 0.001, 0.000, -0.004
3.637, 0.000, -0.000, -0.002
3.653, 0.000, -0.000, -0.001
3.670, 0.001, -0.000, -0.002
3.686, 0.001, 0.000, -0.002
3.703, 0.001, 0.000, -0.003
3.720, -0.001, -0.001, 0.001
3.736, -0.000, -0.001, -0.001
3.753, 0.000, -0.000, -0.000
3.770, -0.001, 0.002, 0.003
3.787, 0.000, 0.001, 0.000
3.803, 0.000, 0.001, 0.001
3.820, 0.000, -0.005, -0.002
3.836, -0.001, -0.004, -0.000
3.853, -0.000, -0.003, -0.001
3.870, 0.000, 0.003, 0.001
3.887, 0.000, 0.002, 0.001
3.903, -0.000, -0.001, 0.000
3.920, 0.001, -0.001, -0.001
3.936, 0.001, 0.000, -0.000
3.953, 0.001, 0.001, -0.001
3.970, -0.001, -0.002, 0.002
3.986, -0.000, 0.000, 0.000
4.003, -0.001, -0.002, 0.002
4.020, 0.000, 0.000, 0.001
4.037, -0.000, 0.000, 0.001
4.053, 0.001, 0.002, -0.000
4.070, 0.000, 0.001, 0.000
4.086, -0.000, -0.000, -0.000
4.103, -0.001, -0.001, 0.001
4.120, 0.000, 0.002, -0.000
4.136, 0.000, 0.000, -0.000
4.153, 0.000, 0.001, -0.000
4.170, 0.001, 0.001, -0.001
4.187, 0.001, 0.002, -0.000
4.203, 0.001, 0.003, -0.001
4.220, -0.001, -0.001, -0.000
4.236, 0.000, -0.000, -0.000
4.253, -0.000, -0.000, -0.000
4.270, 0.001, 0.003, 0.001
4.286, 0.000, 0.001, -0.000
4.303, 0.001, 0.002, 0.000
4.320, -0.001, -0.001, -0.000
4.337, -0.000, 0.000, 0.000
4.353, -0.001, 0.001, -0.000
4.370, -0.000, 0.000, 0.000
4.387, 0.001, 0.000, -0.000
4.403, -0.000, -0.000, 0.000
4.420, -0.000, -0.001, -0.001
4.437, -0.000, 0.000, -0.001
4.453, -0.000, -0.001, -0.001
4.470, 0.001, 0.002, -0.001
4.487, 0.000, 0.000, -0.001
4.503, 0.001, 0.001, -0.001
4.520, 0.000, -0.003, -0.001
4.536, -0.000, -0.002, 0.000
4.554, 0.001, -0.003, -0.001
4.570, -0.001, -0.000, 0.001
4.587, -0.001, -0.000, 0.000
4.603, -0.001, 0.000, 0.000
4.620, 0.001, -0.003, -0.000
4.636, 0.001, -0.001, -0.000
4.653, 0.000, -0.000, 0.001
4.670, 0.000, -0.001, -0.001
4.686, -0.000, -0.003, -0.001
4.703, 0.000, -0.005, -0.001
4.720, 0.000, 0.002, 0.001
4.737, 0.001, 0.002, -0.001
4.753, 0.001, 0.002, -0.001
4.770, 0.001, 0.002, -0.001
4.786, -0.000, 0.000, -0.000
4.803, -0.000, -0.003, -0.000
4.820, -0.001, 0.002, 0.002
4.836, -0.001, 0.001, 0.001
4.853, -0.000, 0.003, 0.002
4.874, 0.000, -0.002, -0.001
4.886, 0.000, -0.000, -0.001
4.903, 0.000, -0.001, -0.001
4.920, -0.000, 0.003, 0.001
4.937, 0.000, 0.002, 0.000
4.954, 0.000, 0.003, 0.000
4.970, 0.000, 0.003, 0.000
4.987, 0.000, -0.001, -0.000
5.003, -0.000, 0.000, 0.000
5.020, -0.001, -0.000, -0.000
5.036, 0.001, -0.000, -0.001
5.053, -0.000, 0.001, -0.000
5.070, 0.000, -0.002, -0.001
5.087, -0.000, 0.001, -0.000
5.103, 0.000, -0.002, -0.001
5.120, 0.001, 0.001, -0.000
5.137, 0.000, -0.001, 0.000
5.153, 0.001, 0.001, -0.000
5.170, -0.001, -0.004, -0.001
5.187, -0.000, -0.002, 0.000
5.203, -0.001, -0.003, 0.000
5.225, -0.000, 0.000, 0.000
5.236, 0.000, -0.000, -0.000
5.254, 0.000, -0.001, -0.001
5.270, 0.001, 0.003, 0.001
5.287, 0.001, 0.002, -0.000
5.303, 0.000, 0.003, 0.003
5.320, -0.000, -0.004, -0.002
5.336, -0.000, -0.002, -0.000
5.353, 0.001, -0.004, -0.003
5.370, -0.000, 0.000, 0.001
5.386, 0.000, -0.000, 0.000
5.403, 0.000, -0.001, 0.000
5.420, 0.000, 0.002, 0.001
5.436, -0.000, 0.001, 0.000
5.453, 0.000, 0.000, 0.000
5.470, -0.001, 0.001, 0.000
5.486, -0.000, 0.001, 0.001
5.503, -0.001, 0.001, 0.001
5.520, -0.000, -0.000, -0.001
5.536, -0.000, 0.000, 0.000
5.553, -0.000, 0.001, 0.000
5.570, 0.001, 0.002, -0.001
5.586, 0.000, -0.000, -0.001
5.603, 0.001, 0.002, -0.001
5.620, -0.001, 0.000, 0.002
5.636, -0.000, -0.001, 0.001
5.653, -0.001, 0.000, 0.002
5.670, -0.000, -0.001, -0.000
5.686, -0.000, 0.001, 0.001
5.703, -0.000, -0.000, 0.001
5.720, -0.000, 0.001, -0.001
5.736, 0.001, 0.001, -0.002
5.753, 0.000, 0.001, -0.002
5.770, 0.000, 0.001, -0.002
5.786, 0.000, -0.000, -0.000
5.803, 0.000, 0.001, 0.000
5.820, -0.001, 0.001, 0.002
5.837, -0.001, 0.001, 0.001
5.853, -0.002, 0.001, 0.002
5.870, 0.001, -0.001, -0.002
5.886, 0.001, 0.001, -0.001
5.903, 0.001, -0.000, -0.002
5.920, 0.002, -0.002, 0.000
5.937, 0.000, -0.002, 0.000
5.953, 0.001, -0.002, 0.001
5.970, -0.001, -0.002, -0.000
5.986, 0.001, -0.000, -0.000
6.003, 0.000, -0.001, -0.001
6.020, -0.000, 0.000, 0.002
6.036, -0.001, -0.001, 0.001
6.053, -0.000, -0.001, 0.002
6.070, -0.000, -0.000, 0.001
6.086, -0.000, -0.001, 0.001
6.103, -0.001, -0.002, 0.001
6.120, 0.001, 0.003, -0.001
6.136, 0.001, 0.003, -0.001
6.153, 0.001, 0.003, 0.000
6.170, -0.001, -0.001, 0.000
6.186, -0.000, -0.000, 0.001
6.203, 0.001, -0.000, -0.001
6.220, -0.001, 0.002, 0.001
6.236, -0.001, -0.000, 0.000
6.253, -0.001, 0.002, 0.001
6.269, -0.001, 0.002, 0.001
6.286, 0.000, -0.001, -0.001
6.303, 0.001, 0.001, -0.000
6.320, -0.000, 0.002, -0.001
6.336, -0.000, 0.001, -0.001
6.353, -0.000, 0.001, -0.000
6.370, -0.001, 0.000, 0.002
6.386, -0.000, 0.000, 0.001
6.403, -0.001, 0.000, 0.001
6.420, -0.001, -0.001, -0.002
6.436, 0.000, 0.001, -0.002
6.453, 0.000, 0.000, -0.002
6.471, 0.000, -0.001, -0.002
6.487, -0.001, -0.001, -0.000
6.503, -0.000, -0.001, -0.002
6.520, -0.000, -0.001, -0.000
6.536, 0.000, -0.001, -0.000
6.553, -0.001, -0.002, -0.000
6.570, -0.001, -0.001, 0.002
6.586, -0.000, -0.001, 0.000
6.603, 0.000, 0.000, 0.001
6.620, 0.000, -0.002, -0.001
6.636, 0.000, -0.000, -0.001
6.653, 0.000, -0.003, -0.001
6.670, -0.000, -0.001, -0.000
6.686, -0.000, -0.001, 0.001
6.703, -0.000, 0.000, -0.001
6.720, 0.001, 0.001, -0.000
6.736, -0.000, -0.001, -0.000
6.753, -0.000, -0.001, -0.000
6.770, -0.000, -0.000, -0.000
6.786, 0.000, 0.001, 0.000
6.803, 0.001, -0.001, -0.000
6.820, 0.000, 0.002, 0.003
6.837, 0.000, 0.001, 0.001
6.853, -0.000, 0.002, 0.002
6.870, 0.000, 0.003, 0.000
6.887, 0.001, 0.001, -0.001
6.903, 0.002, 0.003, -0.000
6.920, 0.001, 0.001, 0.001
6.936, -0.000, 0.001, 0.002
6.953, -0.000, 0.001, 0.001
6.970, -0.001, 0.001, -0.003
6.987, 0.000, 0.002, -0.003
7.003, -0.002, -0.000, -0.001
7.020, 0.002, 0.002, -0.000
7.036, 0.001, 0.002, -0.000
7.053, 0.001, 0.003, -0.002
7.070, 0.000, 0.003, 0.003
7.087, 0.002, 0.002, 0.000
7.103, 0.001, 0.003, 0.002
7.120, 0.001, -0.001, -0.001
7.137, 0.001, -0.001, -0.001
7.153, 0.002, -0.002, -0.001
7.170, 0.002, -0.002, -0.001
7.186, 0.000, -0.001, 0.000
7.203, -0.000, -0.000, 0.001
7.220, -0.000, -0.000, -0.002
7.237, -0.000, -0.002, -0.002
7.253, -0.001, -0.000, 0.000
7.270, 0.000, -0.003, 0.001
7.286, 0.000, -0.002, -0.000
7.303, -0.001, -0.001, -0.002
7.320, 0.000, -0.002, -0.001
7.337, -0.001, -0.000, -0.001
7.353, 0.001, -0.002, -0.000
7.370, -0.001, -0.000, -0.001
7.387, 0.001, -0.002, -0.001
7.403, -0.000, -0.003, 0.000
7.420, 0.000, 0.001, 0.003
7.437, 0.000, 0.003, 0.002
7.453, -0.001, 0.002, 0.001
7.470, -0.000, 0.002, -0.000
7.487, -0.000, 0.000, 0.001
7.503, 0.001, 0.003, 0.002
7.520, 0.001, 0.004, 0.002
7.536, 0.001, 0.002, -0.001
7.553, -0.000, 0.001, -0.000
7.570, 0.004, 0.004, -0.004
7.586, 0.003, 0.005, -0.002
7.603, 0.004, 0.007, -0.002
7.620, 0.003, 0.009, 0.001
7.636, 0.003, 0.009, 0.004
7.653, 0.008, 0.010, 0.007
7.670, 0.001, 0.004, -0.002
7.686, 0.006, 0.007, 0.001
7.703, 0.003, 0.008, -0.002
7.720, 0.004, 0.012, 0.004
7.737, 0.001, 0.008, 0.003
7.753, 0.001, 0.010, 0.004
7.770, 0.006, 0.010, 0.014
7.787, 0.009, 0.015, 0.014
7.803, 0.014, 0.019, 0.020
7.820, 0.025, 0.017, 0.023
7.837, 0.025, 0.018, 0.025
7.853, 0.028, 0.013, 0.018
7.870, 0.028, 0.024, 0.008
7.887, 0.034, 0.031, 0.007
7.903, 0.036, 0.034, 0.010
7.920, 0.044, 0.035, 0.024
7.936, 0.046, 0.036, 0.022
7.953, 0.052, 0.037, 0.028
7.970, 0.062, 0.049, 0.021
7.987, 0.067, 0.048, 0.021
8.003, 0.072, 0.057, 0.017
8.020, 0.095, 0.056, 0.009
8.037, 0.101, 0.061, 0.015
8.053, 0.112, 0.059, 0.006
8.070, 0.086, 0.050, 0.014
8.087, 0.111, 0.059, 0.003
8.103, 0.117, 0.061, 0.013
8.120, 0.167, 0.082, 0.017
8.137, 0.163, 0.079, 0.026
8.154, 0.173, 0.080, 0.031
8.170, 0.142, 0.067, 0.034
8.187, 0.172, 0.078, 0.046
8.203, 0.181, 0.082, 0.053
8.220, 0.250, 0.113, 0.064
8.237, 0.235, 0.101, 0.066
8.253, 0.240, 0.106, 0.065
8.270, 0.198, 0.082, 0.070
8.287, 0.238, 0.100, 0.085
8.303, 0.249, 0.103, 0.099
8.320, 0.321, 0.128, 0.138
8.337, 0.299, 0.119, 0.141
8.353, 0.304, 0.121, 0.148
8.370, 0.317, 0.131, 0.166
8.386, 0.325, 0.130, 0.185
8.403, 0.339, 0.135, 0.201
8.420, 0.355, 0.139, 0.236
8.436, 0.360, 0.147, 0.242
8.453, 0.409, 0.166, 0.286
8.470, 0.409, 0.166, 0.286
8.487, 0.335, 0.133, 0.236
8.503, 0.347, 0.140, 0.249
8.520, 0.410, 0.157, 0.301
8.536, 0.417, 0.166, 0.308
8.553, 0.415, 0.167, 0.311
8.570, 0.419, 0.176, 0.316
8.587, 0.418, 0.187, 0.321
8.604, 0.425, 0.196, 0.328
8.620, 0.418, 0.222, 0.338
8.637, 0.411, 0.223, 0.337
8.653, 0.407, 0.236, 0.336
8.670, 0.394, 0.263, 0.337
8.687, 0.390, 0.283, 0.335
8.703, 0.372, 0.291, 0.332
8.720, 0.368, 0.333, 0.342
8.736, 0.348, 0.347, 0.338
8.753, 0.343, 0.362, 0.340
8.770, 0.227, 0.281, 0.233
8.786, 0.254, 0.346, 0.275
8.803, 0.231, 0.359, 0.267
8.820, 0.279, 0.508, 0.356
8.837, 0.221, 0.466, 0.310
8.853, 0.207, 0.489, 0.312
8.870, 0.157, 0.505, 0.297
8.887, 0.141, 0.525, 0.296
8.903, 0.126, 0.602, 0.320
8.920, 0.070, 0.502, 0.257
8.936, 0.051, 0.509, 0.253
8.953, 0.024, 0.467, 0.222
8.970, 0.007, 0.465, 0.206
8.986, -0.013, 0.552, 0.236
9.003, -0.033, 0.563, 0.237
9.020, -0.068, 0.730, 0.287
9.036, -0.084, 0.674, 0.250
9.053, -0.115, 0.765, 0.264
9.070, -0.115, 0.765, 0.264
9.086, -0.119, 0.619, 0.207
9.103, -0.141, 0.633, 0.201
9.120, -0.191, 0.722, 0.221
9.137, -0.204, 0.731, 0.216
9.153, -0.244, 0.817, 0.233
9.170, -0.244, 0.817, 0.233
9.186, -0.213, 0.653, 0.175
9.203, -0.228, 0.657, 0.169
9.220, -0.277, 0.743, 0.172
9.236, -0.285, 0.739, 0.167
9.253, -0.292, 0.740, 0.156
9.270, -0.300, 0.723, 0.142
9.287, -0.307, 0.725, 0.136
9.303, -0.308, 0.709, 0.127
9.320, -0.336, 0.735, 0.133
9.337, -0.332, 0.719, 0.128
9.353, -0.337, 0.715, 0.126
9.370, -0.313, 0.669, 0.105
9.386, -0.317, 0.666, 0.102
9.403, -0.350, 0.727, 0.109
9.420, -0.284, 0.564, 0.088
9.436, -0.276, 0.549, 0.085
9.453, -0.235, 0.460, 0.073
9.470, -0.223, 0.441, 0.066
9.487, -0.258, 0.507, 0.076
9.503, -0.246, 0.488, 0.076
9.520, -0.300, 0.596, 0.094
9.536, -0.257, 0.507, 0.081
9.553, -0.253, 0.497, 0.077
9.570, -0.237, 0.469, 0.071
9.586, -0.231, 0.456, 0.068
9.603, -0.220, 0.443, 0.066
9.620, -0.201, 0.406, 0.074
9.636, -0.189, 0.387, 0.074
9.653, -0.182, 0.373, 0.074
9.670, -0.168, 0.364, 0.060
9.686, -0.159, 0.349, 0.061
9.703, -0.148, 0.329, 0.063
9.720, -0.126, 0.295, 0.065
9.736, -0.115, 0.280, 0.063
9.753, -0.116, 0.297, 0.065
9.769, -0.116, 0.297, 0.065
9.786, -0.079, 0.210, 0.052
9.803, -0.066, 0.193, 0.052
9.820, -0.058, 0.195, 0.062
9.836, -0.048, 0.181, 0.065
9.853, -0.036, 0.169, 0.066
9.870, -0.023, 0.142, 0.074
9.886, -0.017, 0.133, 0.074
9.903, -0.013, 0.121, 0.076
9.920, 0.007, 0.107, 0.086
9.936, 0.012, 0.101, 0.087
9.953, 0.020, 0.099, 0.087
9.970, 0.017, 0.066, 0.057
9.986, 0.027, 0.065, 0.069
10.003, 0.026, 0.060, 0.070
10.020, 0.045, 0.069, 0.088
10.036, 0.046, 0.053, 0.078
10.053, 0.057, 0.050, 0.087
10.070, 0.057, 0.050, 0.087
10.087, 0.046, 0.035, 0.071
10.103, 0.046, 0.031, 0.071
10.120, 0.057, 0.033, 0.077
10.136, 0.058, 0.030, 0.075
10.153, 0.060, 0.029, 0.072
10.170, 0.055, 0.023, 0.079
10.186, 0.052, 0.022, 0.082
10.203, 0.050, 0.022, 0.083
10.220, 0.046, 0.027, 0.075
10.237, 0.047, 0.029, 0.072
10.253, 0.047, 0.029, 0.067
10.270, 0.046, 0.037, 0.068
10.286, 0.042, 0.036, 0.068
10.303, 0.037, 0.034, 0.078
10.320, 0.031, 0.035, 0.073
10.336, 0.028, 0.037, 0.078
10.353, 0.027, 0.046, 0.070
10.370, 0.019, 0.044, 0.076
10.386, 0.022, 0.044, 0.071
10.403, 0.020, 0.044, 0.071
10.420, 0.014, 0.055, 0.061
10.436, 0.003, 0.061, 0.063
10.453, 0.003, 0.059, 0.057
10.470, -0.000, 0.042, 0.055
10.486, -0.000, 0.051, 0.056
10.503, -0.005, 0.058, 0.065
10.520, -0.013, 0.083, 0.062
10.536, -0.015, 0.079, 0.057
10.553, -0.018, 0.082, 0.052
10.570, -0.024, 0.088, 0.049
10.586, -0.024, 0.088, 0.045
10.603, -0.028, 0.088, 0.043
10.620, -0.028, 0.090, 0.040
10.636, -0.035, 0.099, 0.037
10.653, -0.041, 0.108, 0.040
10.670, -0.037, 0.096, 0.020
10.687, -0.033, 0.084, 0.025
10.703, -0.034, 0.094, 0.013
10.720, -0.035, 0.080, 0.026
10.736, -0.041, 0.096, 0.020
10.753, -0.045, 0.090, 0.018
10.770, -0.045, 0.090, 0.018
10.787, -0.047, 0.098, 0.014
10.803, -0.047, 0.090, 0.008
10.820, -0.051, 0.107, 0.012
10.837, -0.052, 0.106, 0.010
10.853, -0.051, 0.105, 0.012
10.870, -0.058, 0.109, 0.004
10.886, -0.060, 0.107, 0.006
10.903, -0.059, 0.107, 0.004
10.920, -0.065, 0.106, 0.012
10.937, -0.061, 0.106, 0.011
10.953, -0.063, 0.109, 0.011
10.970, -0.062, 0.101, 0.013
10.987, -0.059, 0.100, 0.017
11.003, -0.062, 0.098, 0.014
11.020, -0.048, 0.091, 0.022
11.037, -0.052, 0.093, 0.017
11.053, -0.047, 0.086, 0.026
11.070, -0.058, 0.091, 0.027
11.087, -0.052, 0.083, 0.029
11.103, -0.054, 0.085, 0.024
11.120, -0.041, 0.069, 0.022
11.137, -0.045, 0.069, 0.021
11.153, -0.041, 0.063, 0.022
11.170, -0.046, 0.059, 0.008
11.187, -0.045, 0.058, 0.004
11.203, -0.042, 0.052, 0.000
11.220, -0.040, 0.058, -0.002
11.236, -0.036, 0.055, -0.008
11.253, -0.036, 0.055, -0.009
11.270, -0.022, 0.034, -0.015
11.287, -0.020, 0.030, -0.012
11.303, -0.022, 0.032, -0.015
11.320, -0.026, 0.034, -0.009
11.336, -0.023, 0.029, -0.004
11.353, -0.019, 0.028, -0.004
11.370, -0.011, 0.018, -0.005
11.386, -0.012, 0.021, -0.004
11.403, -0.010, 0.019, -0.006
11.420, -0.012, 0.025, -0.005
11.437, -0.008, 0.020, -0.008
11.453, -0.006, 0.018, -0.007
11.470, -0.003, 0.012, -0.014
11.486, -0.002, 0.014, -0.015
11.503, -0.001, 0.010, -0.018
11.520, 0.002, 0.007, -0.014
11.536, 0.002, 0.003, -0.010
11.553, 0.006, 0.002, -0.013
11.570, 0.006, 0.005, -0.015
11.586, 0.008, 0.005, -0.018
11.603, 0.007, 0.007, -0.017
11.620, 0.008, 0.009, -0.013
11.636, 0.011, 0.009, -0.013
11.653, 0.011, 0.008, -0.011
11.670, 0.016, 0.007, -0.010
11.687, 0.016, 0.006, -0.009
11.703, 0.021, 0.009, -0.002
11.720, 0.020, 0.007, 0.003
11.737, 0.021, 0.010, 0.006
11.753, 0.018, 0.009, 0.007
11.770, 0.027, 0.021, 0.010
11.787, 0.029, 0.018, 0.013
11.803, 0.031, 0.017, 0.017
11.820, 0.030, 0.017, 0.023
11.837, 0.031, 0.021, 0.023
11.853, 0.034, 0.030, 0.027
11.870, 0.030, 0.027, 0.016
11.886, 0.030, 0.028, 0.018
11.903, 0.028, 0.023, 0.020
11.920, 0.031, 0.027, 0.035
11.937, 0.031, 0.032, 0.036
11.953, 0.030, 0.030, 0.032
11.970, 0.031, 0.035, 0.022
11.986, 0.030, 0.037, 0.019
12.003, 0.030, 0.038, 0.019
12.020, 0.025, 0.029, 0.025
12.037, 0.023, 0.027, 0.023
12.053, 0.023, 0.026, 0.018
12.070, 0.020, 0.027, 0.009
12.086, 0.019, 0.022, 0.008
12.103, 0.015, 0.024, 0.002
12.120, 0.016, 0.020, -0.009
12.136, 0.016, 0.021, -0.018
12.153, 0.016, 0.018, -0.021
12.170, 0.016, 0.004, -0.029
12.187, 0.017, -0.001, -0.031
12.203, 0.015, -0.004, -0.037
12.220, 0.009, -0.001, -0.044
12.237, 0.007, 0.000, -0.049
12.253, 0.010, -0.006, -0.055
12.270, 0.010, -0.006, -0.055
12.286, 0.006, -0.004, -0.045
12.303, 0.005, -0.012, -0.051
12.320, -0.001, -0.006, -0.058
12.337, -0.000, -0.007, -0.056
12.353, -0.002, -0.007, -0.052
12.370, 0.001, -0.015, -0.055
12.387, -0.002, -0.022, -0.056
12.403, -0.004, -0.017, -0.052
12.420, -0.013, -0.017, -0.041
12.436, -0.013, -0.013, -0.041
12.453, -0.014, -0.016, -0.036
12.470, -0.012, -0.018, -0.037
12.487, -0.012, -0.016, -0.039
12.503, -0.013, -0.016, -0.038
12.520, -0.019, -0.011, -0.031
12.536, -0.021, -0.014, -0.024
12.553, -0.023, -0.011, -0.022
12.570, -0.022, -0.010, -0.022
12.586, -0.023, -0.012, -0.019
12.603, -0.023, -0.015, -0.016
12.620, -0.025, -0.020, -0.014
12.636, -0.024, -0.015, -0.014
12.653, -0.025, -0.014, -0.018
12.670, -0.025, -0.014, -0.018
12.686, -0.014, -0.007, -0.011
12.703, -0.014, -0.006, -0.012
12.720, -0.017, -0.005, -0.015
12.736, -0.016, -0.005, -0.017
12.753, -0.015, -0.003, -0.019
12.770, -0.010, -0.002, -0.018
12.786, -0.009, -0.002, -0.018
12.803, -0.007, 0.000, -0.020
12.820, -0.008, 0.004, -0.019
12.836, -0.006, 0.007, -0.022
12.853, -0.005, 0.007, -0.021
12.870, 0.006, 0.002, -0.016
12.886, 0.007, 0.001, -0.014
12.903, 0.007, 0.004, -0.014
12.920, 0.008, 0.014, -0.023
12.936, 0.011, 0.011, -0.021
12.953, 0.016, 0.013, -0.023
12.970, 0.016, 0.013, -0.023
12.986, 0.013, 0.011, -0.013
13.003, 0.014, 0.018, -0.018
13.020, 0.019, 0.026, -0.011
13.036, 0.021, 0.023, -0.012
13.053, 0.021, 0.022, -0.008
13.070, 0.015, 0.031, -0.017
13.086, 0.014, 0.040, -0.014
13.103, 0.014, 0.037, -0.014
13.120, 0.024, 0.023, -0.013
13.136, 0.025, 0.020, -0.020
13.153, 0.023, 0.021, -0.022
13.170, 0.018, 0.020, -0.023
13.187, 0.018, 0.018, -0.024
13.203, 0.018, 0.019, -0.024
13.220, 0.016, 0.017, -0.023
13.236, 0.019, 0.018, -0.027
13.253, 0.021, 0.013, -0.035
13.270, 0.016, 0.006, -0.038
13.287, 0.014, 0.001, -0.035
13.303, 0.008, 0.001, -0.028
13.320, 0.016, -0.004, -0.038
13.337, 0.017, -0.004, -0.038
13.353, 0.021, -0.005, -0.044
13.370, 0.010, -0.002, -0.035
13.387, 0.006, -0.002, -0.032
13.403, 0.005, -0.006, -0.027
13.420, 0.007, -0.011, -0.020
13.437, 0.013, -0.017, -0.023
13.453, 0.014, -0.018, -0.027
13.470, 0.017, -0.016, -0.025
13.487, 0.017, -0.015, -0.024
13.503, 0.017, -0.016, -0.015
13.520, 0.015, -0.024, -0.023
13.536, 0.017, -0.024, -0.024
13.553, 0.023, -0.028, -0.033
13.570, 0.023, -0.024, -0.025
13.587, 0.022, -0.025, -0.024
13.603, 0.021, -0.026, -0.019
13.620, 0.034, -0.029, -0.032
13.637, 0.038, -0.035, -0.031
13.653, 0.045, -0.039, -0.038
13.670, 0.045, -0.039, -0.038
13.687, 0.037, -0.043, -0.027
13.703, 0.035, -0.038, -0.033
13.720, 0.044, -0.052, -0.039
13.736, 0.045, -0.053, -0.040
13.753, 0.053, -0.062, -0.048
13.770, 0.045, -0.054, -0.039
13.787, 0.047, -0.058, -0.039
13.803, 0.048, -0.061, -0.038
13.820, 0.045, -0.063, -0.050
13.836, 0.044, -0.063, -0.051
13.853, 0.039, -0.062, -0.043
13.870, 0.045, -0.073, -0.048
13.887, 0.049, -0.077, -0.048
13.903, 0.050, -0.086, -0.053
13.920, 0.043, -0.072, -0.035
13.936, 0.035, -0.066, -0.032
13.953, 0.035, -0.068, -0.034
13.970, 0.035, -0.068, -0.034
13.987, 0.031, -0.067, -0.033
14.003, 0.029, -0.080, -0.032
14.020, 0.021, -0.066, -0.022
14.036, 0.020, -0.072, -0.024
14.053, 0.016, -0.056, -0.026
14.070, 0.025, -0.080, -0.033
14.086, 0.014, -0.074, -0.032
14.103, 0.014, -0.081, -0.033
14.120, 0.006, -0.079, -0.031
14.136, 0.006, -0.077, -0.031
14.153, 0.001, -0.073, -0.025
14.170, 0.000, -0.079, -0.025
14.186, -0.002, -0.079, -0.021
14.203, -0.006, -0.084, -0.027
14.220, -0.017, -0.066, -0.018
14.236, -0.016, -0.067, -0.014
14.253, -0.019, -0.067, -0.007
14.269, -0.019, -0.067, -0.007
14.286, -0.020, -0.058, -0.005
14.303, -0.028, -0.049, -0.004
14.320, -0.037, -0.051, 0.008
14.336, -0.038, -0.050, 0.011
14.353, -0.042, -0.060, 0.019
14.370, -0.039, -0.044, 0.015
14.386, -0.042, -0.040, 0.017
14.403, -0.041, -0.034, 0.015
14.420, -0.056, -0.040, 0.027
14.436, -0.058, -0.034, 0.024
14.453, -0.069, -0.032, 0.030
14.470, -0.060, -0.024, 0.015
14.486, -0.062, -0.023, 0.017
14.503, -0.063, -0.017, 0.021
14.520, -0.059, -0.017, 0.024
14.536, -0.062, -0.010, 0.022
14.553, -0.053, -0.004, 0.018
14.570, -0.080, 0.010, 0.036
14.586, -0.080, 0.010, 0.033
14.603, -0.080, 0.017, 0.030
14.620, -0.077, 0.018, 0.026
14.636, -0.078, 0.030, 0.037
14.653, -0.086, 0.035, 0.040
14.670, -0.065, 0.044, 0.028
14.686, -0.062, 0.043, 0.025
14.703, -0.060, 0.051, 0.025
14.720, -0.066, 0.054, 0.034
14.736, -0.065, 0.063, 0.031
14.753, -0.053, 0.062, 0.025
14.770, -0.063, 0.089, 0.022
14.787, -0.062, 0.093, 0.025
14.803, -0.062, 0.097, 0.022
14.820, -0.059, 0.114, 0.025
14.836, -0.053, 0.113, 0.018
14.853, -0.051, 0.117, 0.020
14.870, -0.037, 0.114, 0.009
14.886, -0.038, 0.120, 0.006
14.903, -0.036, 0.135, 0.003
14.920, -0.030, 0.105, -0.001
14.936, -0.029, 0.112, -0.002
14.953, -0.026, 0.101, -0.008
14.970, -0.018, 0.116, -0.011
14.986, -0.018, 0.122, -0.013
15.003, -0.009, 0.109, -0.009
15.020, -0.006, 0.124, -0.010
15.036, -0.002, 0.116, -0.008
15.053, 0.000, 0.141, -0.011
15.070, 0.004, 0.104, -0.008
15.086, 0.009, 0.101, -0.006
15.103, 0.012, 0.080, -0.002
15.120, 0.021, 0.122, -0.010
15.137, 0.024, 0.115, -0.008
15.153, 0.031, 0.117, -0.011
15.170, 0.033, 0.101, -0.005
15.186, 0.041, 0.099, -0.009
15.203, 0.041, 0.098, -0.008
15.220, 0.049, 0.084, -0.006
15.236, 0.046, 0.081, -0.006
15.253, 0.055, 0.086, -0.007
15.270, 0.044, 0.062, -0.011
15.286, 0.048, 0.055, -0.010
15.303, 0.044, 0.043, -0.012
15.320, 0.046, 0.052, -0.021
15.336, 0.042, 0.045, -0.023
15.353, 0.039, 0.033, -0.020
15.370, 0.050, 0.019, -0.023
15.386, 0.048, 0.019, -0.027
15.403, 0.042, 0.014, -0.035
15.420, 0.040, 0.005, -0.032
15.436, 0.040, -0.004, -0.032
15.453, 0.038, -0.007, -0.035
15.470, 0.035, -0.019, -0.034
15.487, 0.030, -0.017, -0.037
15.503, 0.029, -0.023, -0.034
15.520, 0.024, -0.025, -0.034
15.536, 0.022, -0.028, -0.029
15.553, 0.021, -0.028, -0.031
15.570, 0.012, -0.025, -0.016
15.586, 0.009, -0.026, -0.012
15.603, 0.008, -0.028, -0.002
15.620, 0.009, -0.031, -0.000
15.636, 0.009, -0.033, 0.001
15.653, 0.003, -0.029, 0.003
15.670, -0.006, -0.020, 0.008
15.686, -0.009, -0.016, 0.008
15.703, -0.008, -0.015, 0.007
15.720, -0.014, -0.018, 0.008
15.736, -0.019, -0.020, 0.013
15.753, -0.024, -0.021, 0.012
15.770, -0.017, -0.013, 0.003
15.786, -0.017, -0.012, 0.000
15.803, -0.019, -0.013, 0.006
15.820, -0.024, -0.017, 0.015
15.836, -0.026, -0.016, 0.011
15.853, -0.028, -0.012, 0.009
15.870, -0.026, -0.006, -0.001
15.886, -0.026, -0.006, 0.007
15.903, -0.029, -0.004, 0.010
15.920, -0.027, -0.009, 0.006
15.936, -0.028, -0.003, 0.002
15.953, -0.025, -0.006, -0.002
15.970, -0.038, -0.004, 0.006
15.987, -0.038, -0.011, 0.009
16.003, -0.040, -0.010, 0.005
16.020, -0.046, -0.016, 0.001
16.036, -0.048, -0.016, -0.005
16.053, -0.051, -0.020, -0.012
16.070, -0.040, -0.021, -0.018
16.086, -0.041, -0.025, -0.021
16.103, -0.039, -0.028, -0.022
16.120, -0.047, -0.035, -0.036
16.137, -0.044, -0.037, -0.043
16.153, -0.046, -0.040, -0.044
16.170, -0.045, -0.055, -0.046
16.186, -0.047, -0.058, -0.046
16.204, -0.050, -0.064, -0.060
16.220, -0.037, -0.062, -0.045
16.237, -0.035, -0.070, -0.050
16.253, -0.029, -0.083, -0.049
16.270, -0.029, -0.083, -0.049
16.287, -0.031, -0.084, -0.062
16.303, -0.034, -0.105, -0.071
16.320, -0.028, -0.104, -0.069
16.336, -0.028, -0.109, -0.067
16.353, -0.025, -0.121, -0.069
16.370, -0.025, -0.121, -0.069
16.387, -0.022, -0.127, -0.067
16.403, -0.025, -0.139, -0.063
16.420, -0.030, -0.147, -0.058
16.436, -0.032, -0.153, -0.056
16.453, -0.027, -0.154, -0.050
16.470, -0.029, -0.165, -0.042
16.486, -0.030, -0.168, -0.038
16.503, -0.034, -0.170, -0.032
16.520, -0.031, -0.163, -0.035
16.537, -0.031, -0.167, -0.032
16.553, -0.030, -0.174, -0.029
16.570, -0.039, -0.179, -0.023
16.587, -0.039, -0.180, -0.023
16.603, -0.035, -0.158, -0.016
16.620, -0.033, -0.200, -0.020
16.637, -0.032, -0.206, -0.013
16.653, -0.040, -0.223, -0.007
16.670, -0.029, -0.181, 0.002
16.686, -0.029, -0.175, 0.004
16.703, -0.023, -0.154, 0.002
16.720, -0.028, -0.194, 0.005
16.737, -0.026, -0.194, 0.004
16.753, -0.023, -0.192, 0.005
16.770, -0.022, -0.197, 0.005
16.787, -0.022, -0.194, 0.005
16.803, -0.024, -0.224, 0.010
16.820, -0.009, -0.172, 0.005
16.836, -0.005, -0.172, 0.010
16.853, 0.002, -0.170, 0.005
16.870, 0.009, -0.190, 0.012
16.886, 0.012, -0.189, 0.010
16.903, 0.016, -0.166, 0.010
16.920, 0.013, -0.196, 0.005
16.937, 0.016, -0.198, 0.003
16.953, 0.029, -0.225, 0.003
16.970, 0.024, -0.174, 0.002
16.986, 0.029, -0.170, 0.002
17.003, 0.027, -0.144, -0.001
17.020, 0.052, -0.203, 0.006
17.036, 0.058, -0.209, 0.000
17.053, 0.066, -0.230, -0.000
17.070, 0.052, -0.175, -0.009
17.086, 0.051, -0.178, -0.003
17.103, 0.057, -0.174, -0.004
17.120, 0.060, -0.169, -0.002
17.137, 0.063, -0.164, -0.005
17.153, 0.059, -0.156, 0.001
17.170, 0.068, -0.162, 0.008
17.186, 0.067, -0.158, 0.014
17.203, 0.061, -0.135, 0.012
17.220, 0.068, -0.170, 0.014
17.236, 0.066, -0.160, 0.021
17.253, 0.075, -0.177, 0.026
17.270, 0.060, -0.126, 0.023
17.286, 0.061, -0.130, 0.020
17.303, 0.050, -0.109, 0.019
17.320, 0.064, -0.138, 0.030
17.336, 0.062, -0.130, 0.026
17.353, 0.063, -0.119, 0.026
17.370, 0.058, -0.105, 0.021
17.387, 0.056, -0.102, 0.024
17.403, 0.049, -0.102, 0.029
17.420, 0.051, -0.100, 0.027
17.437, 0.048, -0.098, 0.035
17.453, 0.050, -0.103, 0.032
17.470, 0.029, -0.076, 0.034
17.487, 0.028, -0.070, 0.031
17.503, 0.024, -0.058, 0.027
17.520, 0.029, -0.079, 0.036
17.537, 0.025, -0.078, 0.034
17.553, 0.024, -0.086, 0.044
17.570, 0.015, -0.062, 0.031
17.586, 0.012, -0.064, 0.034
17.603, 0.007, -0.057, 0.033
17.620, -0.000, -0.078, 0.046
17.636, -0.005, -0.072, 0.047
17.653, -0.008, -0.088, 0.054
17.670, -0.007, -0.068, 0.039
17.687, -0.010, -0.077, 0.039
17.703, -0.013, -0.080, 0.035
17.720, -0.015, -0.084, 0.038
17.736, -0.015, -0.081, 0.029
17.753, -0.014, -0.069, 0.020
17.770, -0.021, -0.101, 0.015
17.786, -0.022, -0.103, 0.015
17.803, -0.029, -0.115, 0.009
17.820, -0.028, -0.091, 0.012
17.836, -0.032, -0.092, 0.015
17.853, -0.032, -0.095, 0.022
17.870, -0.029, -0.100, 0.013
17.886, -0.028, -0.106, 0.012
17.903, -0.031, -0.083, 0.006
17.920, -0.037, -0.117, 0.021
17.936, -0.036, -0.119, 0.018
17.953, -0.039, -0.141, 0.022
17.970, -0.036, -0.098, -0.002
17.987, -0.036, -0.095, -0.004
18.003, -0.029, -0.085, -0.009
18.020, -0.038, -0.117, -0.007
18.036, -0.038, -0.124, -0.009
18.053, -0.047, -0.141, -0.019
18.070, -0.037, -0.121, -0.009
18.086, -0.039, -0.117, -0.013
18.103, -0.041, -0.120, -0.013
18.120, -0.036, -0.120, -0.015
18.136, -0.039, -0.118, -0.016
18.153, -0.040, -0.122, -0.013
18.170, -0.046, -0.125, -0.012
18.187, -0.046, -0.125, -0.012
18.204, -0.041, -0.102, -0.013
18.220, -0.050, -0.146, -0.013
18.237, -0.052, -0.145, -0.013
18.253, -0.056, -0.166, -0.015
18.270, -0.043, -0.119, -0.016
18.286, -0.044, -0.120, -0.015
18.303, -0.040, -0.102, -0.013
18.320, -0.048, -0.137, -0.023
18.336, -0.046, -0.136, -0.031
18.353, -0.040, -0.140, -0.028
18.370, -0.042, -0.129, -0.045
18.386, -0.043, -0.127, -0.043
18.403, -0.044, -0.146, -0.060
18.420, -0.037, -0.105, -0.046
18.436, -0.030, -0.118, -0.046
18.453, -0.029, -0.093, -0.040
18.470, -0.030, -0.129, -0.050
18.487, -0.029, -0.124, -0.057
18.503, -0.028, -0.140, -0.062
18.520, -0.023, -0.108, -0.061
18.537, -0.024, -0.110, -0.057
18.553, -0.022, -0.097, -0.047
18.570, -0.024, -0.130, -0.057
18.586, -0.026, -0.125, -0.058
18.603, -0.023, -0.127, -0.059
18.620, -0.031, -0.139, -0.053
18.636, -0.026, -0.152, -0.053
18.653, -0.033, -0.164, -0.066
18.670, -0.018, -0.134, -0.056
18.687, -0.022, -0.128, -0.053
18.703, -0.017, -0.115, -0.041
18.720, -0.025, -0.153, -0.057
18.737, -0.025, -0.160, -0.047
18.753, -0.030, -0.157, -0.043
18.770, -0.026, -0.159, -0.028
18.787, -0.026, -0.149, -0.031
18.803, -0.024, -0.157, -0.020
18.820, -0.035, -0.150, -0.012
18.837, -0.036, -0.157, -0.010
18.853, -0.039, -0.169, -0.013
18.870, -0.033, -0.132, -0.006
18.886, -0.030, -0.130, -0.002
18.903, -0.032, -0.108, -0.000
18.920, -0.033, -0.141, 0.011
18.936, -0.038, -0.134, 0.014
18.953, -0.037, -0.160, 0.030
18.970, -0.034, -0.115, 0.036
18.986, -0.032, -0.116, 0.049
19.003, -0.030, -0.109, 0.060
19.020, -0.031, -0.106, 0.073
19.036, -0.032, -0.105, 0.081
19.053, -0.034, -0.087, 0.081
19.070, -0.034, -0.091, 0.084
19.086, -0.031, -0.090, 0.080
19.103, -0.034, -0.089, 0.083
19.120, -0.026, -0.094, 0.080
19.136, -0.032, -0.083, 0.079
19.153, -0.029, -0.092, 0.078
19.170, -0.034, -0.074, 0.066
19.186, -0.034, -0.075, 0.063
19.204, -0.029, -0.056, 0.051
19.220, -0.044, -0.084, 0.073
19.236, -0.041, -0.085, 0.071
19.253, -0.047, -0.091, 0.078
19.270, -0.033, -0.068, 0.052
19.286, -0.035, -0.067, 0.054
19.303, -0.038, -0.071, 0.057
19.320, -0.037, -0.062, 0.051
19.337, -0.033, -0.059, 0.042
19.353, -0.029, -0.056, 0.034
19.370, -0.028, -0.062, 0.031
19.386, -0.027, -0.067, 0.029
19.403, -0.024, -0.067, 0.018
19.420, -0.011, -0.079, 0.001
19.436, -0.013, -0.077, -0.002
19.453, -0.006, -0.081, -0.012
19.470, -0.012, -0.073, -0.011
19.486, -0.005, -0.078, -0.019
19.503, -0.006, -0.084, -0.032
19.520, -0.002, -0.093, -0.039
19.536, -0.004, -0.096, -0.049
19.553, 0.002, -0.102, -0.054
19.570, -0.000, -0.102, -0.053
19.586, 0.006, -0.112, -0.055
19.604, 0.008, -0.120, -0.064
19.620, 0.007, -0.125, -0.070
19.636, 0.006, -0.125, -0.075
19.653, 0.004, -0.115, -0.070
19.670, 0.015, -0.173, -0.097
19.686, 0.015, -0.179, -0.096
19.703, 0.019, -0.185, -0.095
19.720, 0.013, -0.180, -0.088
19.737, 0.013, -0.181, -0.091
19.753, 0.013, -0.204, -0.104
19.770, 0.013, -0.204, -0.104
19.786, 0.015, -0.174, -0.084
19.803, 0.022, -0.207, -0.091
19.820, 0.019, -0.186, -0.068
19.836, 0.019, -0.185, -0.065
19.853, 0.018, -0.191, -0.057
19.870, 0.022, -0.192, -0.051
19.887, 0.018, -0.186, -0.045
19.903, 0.019, -0.185, -0.032
19.920, 0.016, -0.171, -0.027
19.936, 0.021, -0.185, -0.026
19.953, 0.019, -0.173, -0.015
19.970, 0.019, -0.187, -0.015
19.987, 0.014, -0.175, -0.004
20.003, 0.011, -0.175, -0.008
20.020, 0.013, -0.172, -0.000
20.036, 0.014, -0.175, 0.007
20.053, 0.012, -0.149, 0.016
20.070, 0.010, -0.193, 0.020
20.086, 0.007, -0.190, 0.016
20.103, 0.004, -0.202, 0.020
20.120, 0.004, -0.164, 0.010
20.137, 0.002, -0.157, 0.013
20.153, 0.004, -0.166, 0.020
20.170, -0.004, -0.136, 0.034
20.186, -0.004, -0.136, 0.039
20.203, -0.007, -0.121, 0.045
20.220, 0.001, -0.144, 0.035
20.237, -0.002, -0.144, 0.033
20.253, -0.002, -0.143, 0.031
20.270, -0.006, -0.130, 0.038
20.286, -0.004, -0.128, 0.036
20.303, -0.002, -0.130, 0.029
20.320, -0.009, -0.124, 0.035
20.337, -0.009, -0.122, 0.033
20.353, -0.012, -0.107, 0.033
20.370, -0.005, -0.157, 0.030
20.386, -0.010, -0.153, 0.032
20.403, -0.007, -0.158, 0.029
20.420, -0.017, -0.161, 0.019
20.436, -0.017, -0.166, 0.014
20.453, -0.027, -0.183, 0.012
20.470, -0.020, -0.141, 0.009
20.486, -0.026, -0.144, 0.007
20.503, -0.022, -0.132, -0.001
20.520, -0.045, -0.174, 0.006
20.537, -0.045, -0.176, 0.000
20.553, -0.057, -0.198, -0.004
20.570, -0.047, -0.155, -0.013
20.587, -0.054, -0.150, -0.015
20.603, -0.058, -0.153, -0.020
20.620, -0.063, -0.162, -0.027
20.637, -0.066, -0.169, -0.031
20.653, -0.074, -0.160, -0.031
20.670, -0.084, -0.164, -0.030
20.686, -0.091, -0.163, -0.030
20.703, -0.100, -0.169, -0.031
20.720, -0.099, -0.158, -0.027
20.736, -0.101, -0.159, -0.026
20.753, -0.104, -0.154, -0.022
20.770, -0.103, -0.172, -0.032
20.787, -0.104, -0.169, -0.032
20.804, -0.105, -0.177, -0.035
20.820, -0.104, -0.168, -0.035
20.837, -0.106, -0.173, -0.036
20.853, -0.105, -0.170, -0.032
20.870, -0.111, -0.171, -0.029
20.886, -0.110, -0.167, -0.028
20.903, -0.110, -0.172, -0.035
20.920, -0.104, -0.175, -0.029
20.936, -0.105, -0.175, -0.030
20.953, -0.101, -0.166, -0.033
20.970, -0.106, -0.157, -0.039
20.986, -0.103, -0.151, -0.038
21.003, -0.088, -0.122, -0.024
21.020, -0.095, -0.162, -0.033
21.037, -0.088, -0.159, -0.035
21.053, -0.092, -0.170, -0.039
21.070, -0.069, -0.123, -0.022
21.087, -0.065, -0.115, -0.019
21.104, -0.057, -0.109, -0.018
21.120, -0.051, -0.093, -0.019
21.137, -0.045, -0.080, -0.014
21.153, -0.033, -0.054, -0.009
21.170, -0.032, -0.060, 0.009
21.187, -0.027, -0.053, 0.011
21.204, -0.019, -0.051, 0.020
21.220, -0.010, -0.023, 0.007
21.236, -0.006, -0.017, 0.010
21.253, -0.003, 0.007, 0.013
21.270, 0.007, 0.009, 0.018
21.287, 0.013, 0.018, 0.019
21.303, 0.026, 0.024, 0.019
21.320, 0.030, 0.034, 0.017
21.337, 0.038, 0.040, 0.019
21.353, 0.040, 0.044, 0.014
21.370, 0.060, 0.071, 0.020
21.386, 0.061, 0.082, 0.020
21.403, 0.067, 0.079, 0.012
21.420, 0.078, 0.086, 0.012
21.436, 0.087, 0.082, 0.004
21.453, 0.100, 0.108, 0.014
21.470, 0.087, 0.087, 0.015
21.487, 0.086, 0.095, 0.013
21.503, 0.090, 0.094, 0.008
21.520, 0.088, 0.094, -0.007
21.537, 0.091, 0.093, -0.005
21.553, 0.093, 0.094, -0.008
21.570, 0.101, 0.097, -0.001
21.587, 0.100, 0.103, -0.004
21.603, 0.087, 0.093, -0.007
21.620, 0.114, 0.121, -0.014
21.637, 0.116, 0.122, -0.016
21.653, 0.131, 0.140, -0.016
21.671, 0.099, 0.118, -0.011
21.686, 0.100, 0.126, -0.003
21.703, 0.099, 0.129, 0.004
21.720, 0.104, 0.141, 0.010
21.737, 0.101, 0.140, 0.006
21.753, 0.099, 0.145, 0.008
21.770, 0.091, 0.145, 0.023
21.786, 0.086, 0.145, 0.024
21.803, 0.086, 0.154, 0.020
21.820, 0.085, 0.151, 0.005
21.836, 0.083, 0.159, -0.000
21.853, 0.068, 0.134, -0.001
21.870, 0.079, 0.179, -0.008
21.886, 0.074, 0.174, -0.006
21.903, 0.074, 0.192, -0.007
21.920, 0.054, 0.142, -0.012
21.936, 0.048, 0.141, -0.016
21.953, 0.040, 0.136, -0.021
21.970, 0.031, 0.136, -0.018
21.986, 0.029, 0.125, -0.020
22.003, 0.019, 0.117, -0.020
22.020, 0.016, 0.109, -0.029
22.037, 0.011, 0.102, -0.033
22.053, 0.008, 0.086, -0.050
22.070, 0.006, 0.074, -0.050
22.087, 0.002, 0.065, -0.056
22.103, -0.001, 0.053, -0.064
22.120, -0.003, 0.041, -0.072
22.137, -0.003, 0.029, -0.076
22.153, -0.008, 0.018, -0.075
22.170, -0.005, 0.014, -0.083
22.187, -0.007, 0.008, -0.082
22.204, -0.005, -0.004, -0.088
22.220, -0.010, -0.012, -0.072
22.237, -0.010, -0.023, -0.073
22.253, -0.015, -0.031, -0.065
22.270, -0.015, -0.042, -0.068
22.287, -0.018, -0.042, -0.063
22.303, -0.016, -0.058, -0.058
22.320, -0.016, -0.057, -0.055
22.337, -0.018, -0.064, -0.056
22.353, -0.020, -0.067, -0.055
22.370, -0.019, -0.076, -0.046
22.386, -0.019, -0.081, -0.037
22.404, -0.017, -0.085, -0.023
22.420, -0.016, -0.098, -0.019
22.436, -0.016, -0.100, -0.013
22.453, -0.017, -0.115, -0.008
22.470, -0.020, -0.107, -0.008
22.487, -0.023, -0.113, -0.003
22.503, -0.025, -0.119, 0.006
22.520, -0.021, -0.133, 0.016
22.537, -0.018, -0.138, 0.020
22.553, -0.016, -0.150, 0.028
22.570, -0.018, -0.149, 0.024
22.587, -0.020, -0.156, 0.023
22.603, -0.020, -0.163, 0.015
22.620, -0.021, -0.177, 0.023
22.636, -0.018, -0.184, 0.020
22.653, -0.015, -0.185, 0.024
22.670, -0.011, -0.187, 0.030
22.687, -0.010, -0.189, 0.039
22.703, -0.012, -0.186, 0.045
22.720, -0.011, -0.180, 0.039
22.737, -0.009, -0.184, 0.041
22.753, -0.007, -0.185, 0.049
22.770, -0.011, -0.181, 0.050
22.786, -0.009, -0.172, 0.049
22.803, -0.008, -0.175, 0.044
22.820, -0.010, -0.165, 0.044
22.836, -0.009, -0.170, 0.041
22.853, -0.013, -0.161, 0.036
22.870, -0.009, -0.171, 0.033
22.886, -0.015, -0.167, 0.034
22.903, -0.020, -0.167, 0.030
22.920, -0.019, -0.177, 0.028
22.936, -0.020, -0.173, 0.029
22.953, -0.015, -0.150, 0.022
22.970, -0.027, -0.182, 0.025
22.986, -0.030, -0.184, 0.021
23.003, -0.039, -0.207, 0.022
23.020, -0.033, -0.166, 0.015
23.036, -0.034, -0.164, 0.013
23.053, -0.031, -0.163, 0.011
23.070, -0.034, -0.162, 0.020
23.086, -0.031, -0.165, 0.019
23.103, -0.035, -0.168, 0.014
23.120, -0.034, -0.166, 0.017
23.136, -0.038, -0.165, 0.016
23.153, -0.038, -0.167, 0.025
23.170, -0.039, -0.162, 0.012
23.187, -0.038, -0.164, 0.013
23.203, -0.038, -0.162, 0.014
23.220, -0.039, -0.160, 0.018
23.237, -0.040, -0.159, 0.020
23.253, -0.038, -0.154, 0.011
23.270, -0.039, -0.160, 0.015
23.287, -0.038, -0.162, 0.010
23.303, -0.042, -0.162, 0.015
23.320, -0.038, -0.170, 0.004
23.337, -0.039, -0.167, 0.004
23.353, -0.040, -0.160, 0.000
23.370, -0.044, -0.154, 0.014
23.386, -0.047, -0.153, 0.011
23.403, -0.050, -0.157, 0.009
23.420, -0.053, -0.156, -0.003
23.437, -0.052, -0.159, -0.002
23.453, -0.059, -0.151, 0.001
23.470, -0.060, -0.150, -0.008
23.487, -0.065, -0.145, -0.008
23.503, -0.068, -0.138, -0.009
23.520, -0.064, -0.136, -0.007
23.537, -0.066, -0.134, -0.008
23.553, -0.067, -0.133, -0.004
23.570, -0.074, -0.131, 0.008
23.586, -0.076, -0.122, 0.011
23.603, -0.078, -0.120, 0.012
23.620, -0.077, -0.114, 0.013
23.637, -0.079, -0.109, 0.012
23.653, -0.083, -0.104, 0.018
23.670, -0.085, -0.102, 0.013
23.686, -0.087, -0.104, 0.015
23.703, -0.085, -0.099, 0.011
23.720, -0.089, -0.103, 0.012
23.737, -0.089, -0.098, 0.015
23.753, -0.090, -0.103, 0.009
23.770, -0.089, -0.099, 0.010
23.786, -0.090, -0.098, 0.010
23.803, -0.090, -0.099, 0.012
23.820, -0.087, -0.093, 0.015
23.836, -0.088, -0.093, 0.014
23.853, -0.081, -0.082, 0.017
23.870, -0.079, -0.082, 0.022
23.887, -0.073, -0.080, 0.024
23.903, -0.072, -0.078, 0.031
23.920, -0.064, -0.070, 0.027
23.937, -0.061, -0.066, 0.027
23.953, -0.050, -0.058, 0.028
23.970, -0.046, -0.051, 0.028
23.986, -0.037, -0.045, 0.030
24.004, -0.023, -0.044, 0.027
24.020, -0.017, -0.046, 0.035
24.036, -0.009, -0.043, 0.034
24.053, -0.003, -0.033, 0.032
24.070, 0.006, -0.024, 0.022
24.087, 0.015, -0.024, 0.018
24.103, 0.026, -0.014, 0.013
24.120, 0.034, -0.014, 0.019
24.137, 0.041, -0.010, 0.014
24.154, 0.053, -0.007, 0.008
24.170, 0.057, -0.001, -0.001
24.186, 0.066, -0.002, -0.004
24.203, 0.077, 0.000, -0.009
24.220, 0.091, 0.001, -0.020
24.237, 0.096, 0.007, -0.025
24.253, 0.110, 0.007, -0.040
24.270, 0.106, 0.012, -0.038
24.287, 0.112, 0.012, -0.043
24.303, 0.115, 0.018, -0.037
24.320, 0.124, 0.013, -0.039
24.336, 0.131, 0.014, -0.032
24.353, 0.138, 0.011, -0.026
24.370, 0.146, 0.010, -0.019
24.387, 0.146, 0.016, -0.021
24.404, 0.147, 0.018, -0.013
24.420, 0.146, 0.020, -0.011
24.437, 0.145, 0.016, -0.009
24.453, 0.143, 0.007, -0.006
24.470, 0.137, 0.007, -0.011
24.486, 0.137, 0.004, -0.006
24.503, 0.137, -0.000, -0.008
24.520, 0.132, -0.004, -0.005
24.537, 0.127, -0.014, -0.009
24.553, 0.117, -0.020, -0.008
24.570, 0.113, -0.033, -0.005
24.586, 0.108, -0.031, -0.007
24.603, 0.100, -0.042, -0.008
24.620, 0.093, -0.042, -0.007
24.637, 0.087, -0.048, -0.007
24.653, 0.079, -0.058, -0.007
24.670, 0.074, -0.059, -0.005
24.686, 0.068, -0.068, -0.002
24.703, 0.056, -0.068, -0.001
24.720, 0.052, -0.080, -0.006
24.736, 0.045, -0.084, -0.002
24.753, 0.037, -0.093, 0.006
24.770, 0.030, -0.091, 0.011
24.786, 0.023, -0.090, 0.018
24.803, 0.006, -0.086, 0.029
24.820, -0.001, -0.094, 0.036
24.837, -0.013, -0.096, 0.045
24.853, -0.026, -0.100, 0.056
24.870, -0.039, -0.099, 0.068
24.886, -0.047, -0.095, 0.077
24.903, -0.066, -0.089, 0.090
24.920, -0.074, -0.080, 0.098
24.937, -0.089, -0.083, 0.101
24.953, -0.104, -0.084, 0.115
24.970, -0.113, -0.094, 0.115
24.986, -0.120, -0.088, 0.119
25.003, -0.138, -0.087, 0.122
25.020, -0.149, -0.075, 0.122
25.036, -0.162, -0.068, 0.126
25.053, -0.175, -0.068, 0.126
25.070, -0.182, -0.064, 0.127
25.086, -0.188, -0.067, 0.126
25.103, -0.192, -0.056, 0.118
25.120, -0.203, -0.061, 0.113
25.137, -0.207, -0.055, 0.105
25.153, -0.217, -0.053, 0.099
25.170, -0.220, -0.039, 0.099
25.187, -0.222, -0.040, 0.091
25.203, -0.222, -0.032, 0.078
25.220, -0.222, -0.029, 0.071
25.236, -0.225, -0.022, 0.069
25.253, -0.230, -0.019, 0.057
25.270, -0.223, -0.026, 0.049
25.286, -0.221, -0.022, 0.041
25.303, -0.217, -0.024, 0.030
25.320, -0.221, -0.018, 0.030
25.337, -0.218, -0.017, 0.024
25.353, -0.212, -0.011, 0.018
25.370, -0.213, -0.016, 0.011
25.387, -0.206, -0.022, 0.004
25.404, -0.206, -0.020, 0.004
25.420, -0.192, -0.016, -0.001
25.437, -0.191, -0.014, -0.002
25.453, -0.176, -0.020, -0.009
25.470, -0.182, -0.020, -0.010
25.487, -0.173, -0.022, -0.013
25.503, -0.169, -0.023, -0.018
25.520, -0.157, -0.028, -0.018
25.537, -0.154, -0.030, -0.020
25.553, -0.146, -0.028, -0.022
25.570, -0.141, -0.034, -0.026
25.586, -0.134, -0.033, -0.025
25.603, -0.124, -0.045, -0.032
25.620, -0.118, -0.038, -0.039
25.637, -0.117, -0.046, -0.038
25.653, -0.107, -0.046, -0.029
25.670, -0.106, -0.053, -0.025
25.686, -0.096, -0.056, -0.022
25.703, -0.091, -0.063, -0.018
25.720, -0.087, -0.075, -0.008
25.737, -0.086, -0.070, -0.008
25.753, -0.083, -0.072, -0.008
25.770, -0.077, -0.073, -0.013
25.786, -0.079, -0.077, -0.008
25.804, -0.074, -0.079, -0.005
25.820, -0.075, -0.071, -0.004
25.836, -0.069, -0.074, -0.006
25.853, -0.071, -0.076, -0.008
25.870, -0.072, -0.082, -0.001
25.886, -0.074, -0.080, 0.001
25.903, -0.074, -0.082, -0.001
25.920, -0.071, -0.082, -0.012
25.936, -0.070, -0.086, -0.012
25.953, -0.074, -0.089, -0.010
25.970, -0.078, -0.091, -0.005
25.986, -0.078, -0.090, -0.010
26.003, -0.079, -0.092, -0.014
26.020, -0.080, -0.088, -0.016
26.036, -0.082, -0.098, -0.014
26.053, -0.083, -0.093, -0.011
26.070, -0.087, -0.099, -0.018
26.086, -0.085, -0.098, -0.020
26.103, -0.087, -0.105, -0.024
26.120, -0.083, -0.101, -0.025
26.137, -0.084, -0.096, -0.021
26.153, -0.084, -0.100, -0.022
26.170, -0.084, -0.104, -0.016
26.186, -0.083, -0.111, -0.020
26.203, -0.084, -0.110, -0.016
26.220, -0.081, -0.117, -0.023
26.236, -0.083, -0.114, -0.021
26.253, -0.081, -0.120, -0.017
26.271, -0.086, -0.117, -0.006
26.287, -0.084, -0.122, -0.006
26.303, -0.083, -0.125, -0.007
26.320, -0.081, -0.124, -0.010
26.337, -0.081, -0.126, -0.008
26.353, -0.080, -0.117, -0.004
26.370, -0.082, -0.118, -0.002
26.386, -0.083, -0.115, -0.003
26.403, -0.082, -0.118, -0.004
26.420, -0.081, -0.122, -0.007
26.436, -0.082, -0.116, -0.004
26.453, -0.085, -0.114, -0.002
26.470, -0.086, -0.100, 0.003
26.486, -0.087, -0.094, 0.001
26.503, -0.091, -0.085, 0.007
26.520, -0.094, -0.083, 0.009
26.537, -0.096, -0.082, 0.011
26.553, -0.094, -0.073, 0.014
26.570, -0.091, -0.074, 0.006
26.586, -0.091, -0.065, 0.003
26.603, -0.095, -0.066, -0.001
26.620, -0.104, -0.055, -0.007
26.636, -0.103, -0.058, -0.004
26.653, -0.106, -0.052, -0.007
26.670, -0.096, -0.059, -0.003
26.686, -0.098, -0.054, -0.008
26.703, -0.096, -0.046, -0.008
26.720, -0.103, -0.040, -0.009
26.736, -0.106, -0.039, -0.006
26.753, -0.109, -0.044, -0.015
26.770, -0.105, -0.043, -0.011
26.787, -0.104, -0.044, -0.010
26.803, -0.101, -0.038, -0.005
26.820, -0.106, -0.031, -0.000
26.837, -0.105, -0.031, -0.001
26.853, -0.104, -0.033, -0.004
26.871, -0.103, -0.038, 0.001
26.886, -0.103, -0.034, -0.005
26.903, -0.100, -0.031, -0.007
26.920, -0.094, -0.031, -0.018
26.937, -0.095, -0.033, -0.020
26.953, -0.099, -0.033, -0.019
26.970, -0.104, -0.030, -0.015
26.987, -0.104, -0.030, -0.014
27.003, -0.098, -0.039, -0.014
27.020, -0.095, -0.049, -0.020
27.036, -0.093, -0.047, -0.014
27.053, -0.099, -0.052, -0.019
27.070, -0.103, -0.042, -0.010
27.086, -0.104, -0.046, -0.013
27.103, -0.105, -0.047, -0.011
27.120, -0.103, -0.063, -0.020
27.136, -0.104, -0.068, -0.019
27.153, -0.100, -0.069, -0.020
27.170, -0.105, -0.062, -0.014
27.186, -0.103, -0.065, -0.015
27.203, -0.106, -0.071, -0.014
27.220, -0.105, -0.072, -0.015
27.236, -0.108, -0.074, -0.018
27.253, -0.103, -0.074, -0.020
27.270, -0.108, -0.080, -0.027
27.286, -0.107, -0.077, -0.020
27.303, -0.109, -0.082, -0.020
27.320, -0.105, -0.071, -0.012
27.336, -0.103, -0.079, -0.015
27.353, -0.102, -0.072, -0.006
27.370, -0.106, -0.088, -0.005
27.386, -0.108, -0.078, 0.002
27.403, -0.113, -0.076, 0.006
27.420, -0.113, -0.064, 0.013
27.436, -0.113, -0.065, 0.021
27.453, -0.117, -0.056, 0.026
27.470, -0.118, -0.050, 0.034
27.486, -0.119, -0.049, 0.037
27.503, -0.124, -0.040, 0.048
27.520, -0.122, -0.036, 0.048
27.537, -0.129, -0.028, 0.049
27.553, -0.133, -0.018, 0.059
27.570, -0.136, -0.020, 0.059
27.586, -0.139, -0.010, 0.068
27.603, -0.142, -0.009, 0.065
27.620, -0.145, -0.003, 0.072
27.636, -0.146, -0.001, 0.069
27.653, -0.147, 0.003, 0.069
27.670, -0.146, 0.002, 0.064
27.686, -0.148, 0.006, 0.062
27.703, -0.145, 0.005, 0.050
27.720, -0.141, 0.007, 0.044
27.737, -0.137, 0.001, 0.029
27.753, -0.136, 0.003, 0.019
27.770, -0.142, 0.022, 0.018
27.786, -0.143, 0.015, 0.018
27.803, -0.136, 0.009, 0.013
27.820, -0.132, -0.018, 0.006
27.836, -0.129, -0.009, -0.001
27.853, -0.129, -0.016, -0.008
27.870, -0.133, -0.001, -0.012
27.887, -0.130, -0.006, -0.010
27.903, -0.128, -0.007, -0.013
27.920, -0.125, -0.021, -0.021
27.936, -0.122, -0.025, -0.022
27.953, -0.119, -0.031, -0.022
27.970, -0.114, -0.035, -0.029
27.987, -0.113, -0.040, -0.031
28.003, -0.112, -0.039, -0.041
28.020, -0.111, -0.050, -0.034
28.037, -0.113, -0.048, -0.041
28.053, -0.109, -0.054, -0.040
28.071, -0.112, -0.045, -0.043
28.086, -0.112, -0.052, -0.040
28.103, -0.116, -0.054, -0.041
28.120, -0.112, -0.053, -0.041
28.137, -0.111, -0.050, -0.036
28.153, -0.107, -0.056, -0.038
28.170, -0.106, -0.065, -0.047
28.187, -0.107, -0.069, -0.051
28.203, -0.106, -0.073, -0.058
28.220, -0.106, -0.074, -0.053
28.237, -0.107, -0.074, -0.051
28.253, -0.105, -0.076, -0.047
28.270, -0.107, -0.078, -0.040
28.286, -0.106, -0.076, -0.041
28.303, -0.106, -0.074, -0.033
28.320, -0.106, -0.081, -0.037
28.337, -0.103, -0.086, -0.034
28.353, -0.101, -0.085, -0.032
28.370, -0.094, -0.081, -0.027
28.387, -0.093, -0.077, -0.019
28.403, -0.090, -0.080, -0.008
28.420, -0.088, -0.074, -0.003
28.436, -0.085, -0.076, -0.005
28.453, -0.080, -0.074, -0.001
28.470, -0.075, -0.082, 0.006
28.486, -0.073, -0.077, 0.005
28.503, -0.070, -0.079, 0.009
28.520, -0.071, -0.077, 0.002
28.536, -0.070, -0.081, 0.009
28.553, -0.066, -0.088, 0.004
28.570, -0.065, -0.084, 0.017
28.586, -0.062, -0.090, 0.012
28.603, -0.066, -0.089, 0.017
28.620, -0.065, -0.087, 0.006
28.636, -0.067, -0.086, 0.013
28.653, -0.064, -0.098, 0.007
28.670, -0.063, -0.099, 0.012
28.687, -0.061, -0.106, 0.007
28.703, -0.060, -0.104, 0.011
28.720, -0.058, -0.117, 0.014
28.739, -0.058, -0.119, 0.009
28.753, -0.055, -0.124, 0.003
28.770, -0.057, -0.124, -0.007
28.786, -0.057, -0.127, -0.007
28.803, -0.056, -0.129, -0.010
28.820, -0.050, -0.138, -0.006
28.836, -0.048, -0.140, -0.010
28.853, -0.044, -0.144, -0.010
28.870, -0.045, -0.139, -0.007
28.887, -0.041, -0.145, -0.008
28.903, -0.040, -0.146, -0.008
28.920, -0.037, -0.153, -0.030
28.937, -0.035, -0.154, -0.019
28.953, -0.032, -0.160, -0.024
28.970, -0.033, -0.149, -0.006
28.986, -0.030, -0.151, -0.012
29.003, -0.024, -0.147, -0.015
29.020, -0.027, -0.154, -0.007
29.036, -0.028, -0.152, -0.009
29.053, -0.026, -0.146, -0.002
29.070, -0.020, -0.150, -0.021
29.086, -0.019, -0.137, -0.018
29.103, -0.021, -0.139, -0.026
29.120, -0.022, -0.129, -0.026
29.136, -0.023, -0.120, -0.030
29.153, -0.021, -0.115, -0.031
29.170, -0.018, -0.119, -0.049
29.186, -0.017, -0.122, -0.057
29.203, -0.020, -0.106, -0.059
29.220, -0.019, -0.080, -0.045
29.236, -0.016, -0.082, -0.053
29.253, -0.016, -0.071, -0.066
29.270, -0.022, -0.068, -0.072
29.287, -0.021, -0.053, -0.069
29.303, -0.021, -0.049, -0.080
29.320, -0.014, -0.046, -0.084
29.337, -0.015, -0.037, -0.085
29.353, -0.014, -0.028, -0.086
29.370, -0.015, -0.025, -0.096
29.386, -0.015, -0.023, -0.101
29.403, -0.012, -0.006, -0.098
29.420, -0.013, -0.008, -0.103
29.436, -0.012, 0.008, -0.097
29.453, -0.013, -0.003, -0.118
29.470, -0.016, 0.030, -0.085
29.486, -0.013, 0.015, -0.104
29.503, -0.011, 0.024, -0.102
29.520, -0.005, 0.006, -0.118
29.537, -0.008, 0.016, -0.110
29.553, -0.007, 0.021, -0.112
29.570, -0.015, 0.036, -0.110
29.586, -0.013, 0.034, -0.108
29.604, -0.015, 0.043, -0.105
29.620, -0.011, 0.033, -0.106
29.636, -0.018, 0.043, -0.101
29.653, -0.016, 0.035, -0.112
29.670, -0.017, 0.038, -0.116
29.686, -0.011, 0.031, -0.126
29.703, -0.018, 0.043, -0.115
29.720, -0.014, 0.036, -0.115
29.737, -0.018, 0.039, -0.110
29.753, -0.015, 0.029, -0.120
29.770, -0.020, 0.035, -0.119
29.787, -0.019, 0.037, -0.124
29.804, -0.026, 0.049, -0.092
29.820, -0.008, 0.007, -0.161
29.836, -0.009, 0.004, -0.161
29.853, -0.006, -0.001, -0.172
29.870, -0.024, 0.032, -0.121
29.886, -0.022, 0.020, -0.126
29.903, -0.020, 0.014, -0.131
29.920, -0.023, 0.022, -0.121
29.937, -0.025, 0.022, -0.121
29.953, -0.028, 0.019, -0.125
29.970, -0.031, 0.019, -0.123
29.986, -0.030, 0.024, -0.118
30.004, -0.032, 0.030, -0.110
30.020, -0.029, 0.021, -0.107
30.036, -0.028, 0.021, -0.103
30.053, -0.029, 0.021, -0.095
30.070, -0.030, 0.043, -0.093
30.086, -0.035, 0.049, -0.082
30.103, -0.033, 0.045, -0.093
30.120, -0.034, 0.022, -0.091
30.136, -0.034, 0.026, -0.093
30.153, -0.037, 0.038, -0.075
30.170, -0.037, 0.040, -0.084
30.186, -0.041, 0.045, -0.071
30.203, -0.042, 0.044, -0.074
30.220, -0.036, 0.041, -0.064
30.236, -0.029, 0.034, -0.070
30.253, -0.029, 0.033, -0.071
30.270, -0.031, 0.040, -0.060
30.286, -0.031, 0.045, -0.065
30.303, -0.027, 0.042, -0.063
30.320, -0.032, 0.059, -0.062
30.336, -0.030, 0.046, -0.066
30.353, -0.022, 0.040, -0.075
30.370, -0.022, 0.028, -0.090
30.386, -0.022, 0.032, -0.086
30.403, -0.026, 0.028, -0.095
30.420, -0.020, 0.018, -0.091
30.436, -0.021, 0.021, -0.098
30.453, -0.029, 0.029, -0.076
30.470, -0.029, 0.035, -0.072
30.486, -0.029, 0.032, -0.071
30.503, -0.025, 0.020, -0.076
30.520, -0.031, 0.017, -0.082
30.537, -0.032, 0.016, -0.075
30.553, -0.037, 0.023, -0.068
30.570, -0.036, 0.023, -0.062
30.586, -0.040, 0.029, -0.057
30.603, -0.032, 0.017, -0.068
30.620, -0.030, 0.013, -0.074
30.636, -0.025, 0.002, -0.077
30.653, -0.030, 0.014, -0.061
30.670, -0.025, 0.003, -0.055
30.686, -0.024, 0.005, -0.056
30.703, -0.016, -0.008, -0.062
30.720, -0.015, -0.004, -0.060
30.737, -0.016, -0.007, -0.057
30.753, -0.013, -0.004, -0.051
30.770, -0.008, -0.014, -0.057
30.786, -0.003, -0.019, -0.062
30.804, 0.003, -0.033, -0.073
30.820, 0.002, -0.031, -0.074
30.836, 0.001, -0.020, -0.061
30.853, 0.002, -0.030, -0.066
30.870, 0.000, -0.012, -0.048
30.886, 0.005, -0.031, -0.066
30.903, 0.007, -0.025, -0.055
30.920, 0.010, 0.004, -0.017
30.937, 0.015, -0.016, -0.040
30.953, 0.011, -0.005, -0.044
30.970, 0.010, -0.049, -0.095
30.987, 0.006, -0.024, -0.066
31.004, 0.004, -0.016, -0.054
31.020, 0.002, -0.011, -0.056
31.037, -0.000, -0.002, -0.042
31.053, 0.004, -0.006, -0.038
31.070, 0.007, -0.004, -0.023
31.087, 0.009, 0.003, -0.025
31.103, 0.010, 0.020, -0.015
31.120, 0.006, 0.035, -0.016
31.138, 0.005, 0.043, -0.009
31.153, 0.004, 0.055, -0.006
31.170, 0.008, 0.062, -0.008
31.187, 0.008, 0.076, -0.001
31.203, 0.011, 0.087, -0.002
31.220, 0.010, 0.095, 0.002
31.236, 0.013, 0.092, -0.016
31.253, 0.012, 0.100, -0.028
31.270, 0.011, 0.105, -0.032
31.287, 0.002, 0.122, -0.028
31.303, 0.004, 0.121, -0.031
31.320, 0.006, 0.133, -0.026
31.337, 0.009, 0.118, -0.023
31.353, 0.004, 0.125, -0.003
31.370, 0.006, 0.099, -0.014
31.386, 0.006, 0.101, -0.013
31.404, -0.006, 0.101, -0.010
31.420, -0.020, 0.119, 0.013
31.437, -0.020, 0.102, 0.003
31.453, -0.020, 0.099, 0.007
31.470, -0.007, 0.069, -0.020
31.486, -0.015, 0.085, -0.008
31.503, -0.015, 0.067, -0.023
31.520, -0.033, 0.094, 0.004
31.537, -0.032, 0.089, -0.000
31.553, -0.033, 0.078, -0.005
31.570, -0.036, 0.076, -0.003
31.586, -0.031, 0.068, -0.003
31.603, -0.035, 0.079, 0.003
31.620, -0.022, 0.056, -0.017
31.636, -0.025, 0.047, -0.022
31.653, -0.020, 0.032, -0.036
31.670, -0.018, 0.030, -0.033
31.687, -0.015, 0.029, -0.033
31.703, -0.012, 0.022, -0.029
31.720, -0.013, 0.016, -0.031
31.736, -0.014, 0.012, -0.035
31.753, -0.012, 0.002, -0.066
31.770, -0.011, -0.006, -0.107
31.786, -0.010, -0.016, -0.158
31.803, -0.015, -0.024, -0.252
31.820, -0.018, -0.033, -0.326
31.836, -0.022, -0.026, -0.399
31.853, -0.024, -0.034, -0.514
31.870, -0.026, -0.053, -0.640
31.886, -0.028, -0.059, -0.723
31.903, -0.036, -0.065, -0.884
31.920, 0.005, 0.005, -0.858
31.936, 0.047, 0.008, -0.612
31.953, 0.088, 0.014, -0.119
31.970, 0.062, -0.029, 0.119
31.987, 0.045, -0.041, 0.065
32.003, 0.060, -0.017, -0.053
32.020, 0.085, -0.018, -0.119
32.037, 0.084, 0.016, -0.104
32.053, 0.032, 0.002, -0.062
32.070, -0.005, 0.009, -0.028
32.086, -0.015, -0.011, -0.017
32.103, -0.000, 0.003, -0.011
32.120, 0.001, -0.001, 0.000
32.137, -0.001, -0.001, -0.002
32.153, -0.001, 0.000, -0.001
32.170, -0.002, 0.008, 0.006
32.186, -0.001, 0.004, 0.003
32.203, -0.001, 0.002, 0.001
32.220, -0.001, 0.000, -0.000
32.236, -0.001, 0.002, 0.002
32.253, 0.001, -0.008, -0.008
32.270, -0.000, 0.001, 0.001
32.287, -0.001, 0.010, 0.009
32.303, -0.001, 0.007, 0.007
32.320, -0.001, 0.006, 0.007
32.336, -0.001, 0.006, 0.006
32.353, -0.003, 0.012, 0.013
32.370, 0.001, 0.002, 0.001
32.386, 0.002, -0.007, -0.008
32.403, 0.002, 0.001, -0.002
32.420, 0.000, -0.005, -0.003
32.436, -0.001, -0.000, 0.003
32.453, 0.001, -0.010, -0.008
32.470, -0.001, 0.010, 0.012
32.486, 0.000, 0.003, 0.002
32.503, -0.002, 0.014, 0.015
32.520, -0.001, 0.008, 0.012
32.536, -0.001, 0.009, 0.012
32.553, -0.000, -0.000, 0.004
32.570, 0.002, -0.013, -0.010
32.586, 0.000, 0.002, 0.003
32.603, 0.001, 0.002, 0.004
32.620, -0.003, 0.010, 0.010
32.637, 0.000, -0.004, -0.003
32.654, 0.001, -0.004, -0.003
32.670, -0.001, 0.008, 0.005
32.687, -0.003, 0.019, 0.019
32.703, -0.002, 0.007, 0.006
32.720, -0.002, 0.007, 0.005
32.737, -0.000, -0.003, -0.005
32.753, -0.003, 0.015, 0.012
32.770, 0.002, -0.014, -0.013
32.786, -0.000, -0.003, -0.002
32.803, 0.001, -0.005, -0.005
32.820, -0.001, 0.009, 0.007
32.836, 0.000, 0.004, 0.003
32.853, -0.000, 0.001, -0.001
32.870, -0.000, 0.001, -0.001
32.886, -0.000, 0.003, 0.002
32.903, 0.001, -0.006, -0.006
32.920, -0.001, 0.006, 0.004
32.936, -0.000, 0.001, -0.001
32.953, -0.001, 0.006, 0.003
32.970, 0.002, -0.013, -0.013
32.987, -0.001, -0.001, -0.000
33.004, 0.001, -0.007, -0.007
33.020, -0.003, 0.017, 0.016
33.036, 0.000, 0.006, 0.004
33.053, -0.003, 0.019, 0.017
33.070, 0.002, -0.011, -0.008
33.087, 0.001, -0.004, -0.003
33.103, 0.002, -0.008, -0.006
33.120, -0.000, 0.003, 0.004
33.137, 0.000, 0.001, 0.001
33.153, 0.001, -0.002, 0.001
33.170, -0.001, 0.006, 0.010
33.187, -0.001, 0.004, 0.005
33.203, -0.000, -0.000, 0.003
33.220, -0.000, 0.009, 0.010
33.237, -0.000, 0.007, 0.008
33.253, 0.000, 0.007, 0.008
33.270, -0.001, -0.006, -0.004
33.287, 0.001, -0.006, -0.004
33.303, -0.002, 0.011, 0.013
33.320, 0.000, 0.001, -0.003
33.337, 0.000, -0.007, -0.009
33.353, -0.000, -0.007, -0.009
33.370, 0.001, -0.001, -0.003
33.387, 0.000, 0.005, 0.003
33.403, 0.002, -0.002, -0.004
33.420, 0.004, -0.012, -0.013
33.437, 0.001, -0.001, -0.004
33.453, 0.002, -0.004, -0.007
33.470, 0.000, -0.001, -0.003
33.487, 0.000, -0.002, -0.003
33.503, 0.001, -0.003, -0.005
33.520, -0.000, 0.003, 0.001
33.537, 0.001, -0.005, -0.005
33.553, 0.001, -0.005, -0.007
33.570, -0.002, 0.007, 0.005
33.586, -0.001, 0.008, 0.006
33.603, -0.001, 0.010, 0.006
33.620, 0.002, -0.012, -0.012
33.637, 0.001, -0.008, -0.006
33.653, 0.001, -0.005, -0.006
33.670, -0.001, 0.004, 0.005
33.687, 0.000, 0.003, 0.002
33.703, -0.000, 0.001, 0.001
33.720, -0.000, 0.000, 0.002
33.737, 0.001, -0.005, -0.003
33.753, 0.001, -0.006, -0.004
33.770, -0.001, 0.004, 0.006
33.786, -0.002, 0.009, 0.008
33.803, -0.002, 0.008, 0.008
33.820, 0.001, -0.002, -0.001
33.836, -0.000, 0.001, 0.002
33.853, 0.000, -0.001, 0.001
33.870, -0.000, -0.000, 0.001
33.886, 0.001, -0.006, -0.005
33.903, -0.000, 0.001, 0.002
33.920, -0.000, 0.001, 0.002
33.937, 0.001, -0.007, -0.006
33.953, 0.000, -0.001, 0.000
33.970, 0.000, -0.001, 0.000
33.986, -0.000, 0.004, 0.004
34.003, 0.001, -0.002, -0.001
34.020, -0.002, 0.005, 0.008
34.037, -0.003, 0.009, 0.010
34.053, -0.000, -0.005, -0.002
34.070, 0.001, -0.003, -0.004
34.087, -0.001, 0.002, 0.002
34.103, -0.001, 0.002, 0.002
34.120, 0.000, -0.002, -0.004
34.137, 0.000, -0.001, -0.001
34.153, -0.002, 0.012, 0.010
34.170, 0.000, -0.001, -0.002
34.186, 0.002, -0.010, -0.010
34.203, 0.001, -0.004, -0.006
34.220, -0.001, 0.005, 0.003
34.237, -0.000, -0.001, -0.002
34.253, 0.001, -0.006, -0.007
34.270, -0.001, 0.005, 0.005
34.289, -0.003, 0.015, 0.017
34.303, -0.001, 0.002, 0.002
