7.769, -0.424, 0.436, 0.157
7.789, -0.429, 0.439, 0.156
7.809, -0.438, 0.443, 0.154
7.829, -0.454, 0.449, 0.149
7.848, -0.463, 0.453, 0.147
7.869, -0.472, 0.456, 0.145
7.889, -0.479, 0.459, 0.142
7.909, -0.486, 0.460, 0.140
7.929, -0.500, 0.463, 0.134
7.948, -0.506, 0.464, 0.132
7.968, -0.516, 0.465, 0.128
7.988, -0.519, 0.466, 0.126
8.009, -0.524, 0.465, 0.124
8.029, -0.535, 0.464, 0.118
8.051, -0.539, 0.463, 0.116
8.068, -0.545, 0.460, 0.112
8.088, -0.547, 0.458, 0.110
8.109, -0.551, 0.456, 0.108
8.129, -0.556, 0.449, 0.102
8.148, -0.558, 0.445, 0.100
8.168, -0.560, 0.438, 0.096
8.188, -0.560, 0.435, 0.094
8.209, -0.560, 0.430, 0.092
8.229, -0.560, 0.418, 0.087
8.249, -0.559, 0.411, 0.084
8.268, -0.556, 0.400, 0.081
8.288, -0.555, 0.397, 0.080
8.308, -0.552, 0.389, 0.077
8.329, -0.546, 0.373, 0.072
8.349, -0.542, 0.365, 0.070
8.369, -0.537, 0.356, 0.068
8.389, -0.532, 0.347, 0.066
8.408, -0.526, 0.338, 0.063
8.429, -0.514, 0.319, 0.059
8.449, -0.507, 0.310, 0.057
8.469, -0.496, 0.296, 0.054
8.489, -0.492, 0.291, 0.053
8.508, -0.484, 0.281, 0.051
8.528, -0.466, 0.262, 0.048
8.549, -0.457, 0.253, 0.046
8.569, -0.447, 0.243, 0.044
8.589, -0.437, 0.234, 0.042
8.609, -0.427, 0.224, 0.041
8.628, -0.406, 0.206, 0.037
8.649, -0.395, 0.197, 0.036
8.669, -0.384, 0.188, 0.035
8.689, -0.372, 0.180, 0.033
8.709, -0.361, 0.171, 0.032
8.728, -0.338, 0.154, 0.029
8.748, -0.326, 0.147, 0.028
8.769, -0.309, 0.135, 0.026
8.789, -0.303, 0.132, 0.025
8.809, -0.292, 0.125, 0.024
8.828, -0.269, 0.111, 0.022
8.848, -0.258, 0.104, 0.020
8.869, -0.242, 0.095, 0.019
8.889, -0.236, 0.093, 0.018
8.909, -0.226, 0.087, 0.017
8.928, -0.206, 0.077, 0.015
8.949, -0.196, 0.072, 0.014
8.969, -0.182, 0.065, 0.012
8.989, -0.178, 0.063, 0.012
9.009, -0.169, 0.059, 0.011
9.028, -0.152, 0.052, 0.009
9.048, -0.144, 0.049, 0.008
9.069, -0.133, 0.045, 0.006
9.089, -0.130, 0.043, 0.006
9.109, -0.123, 0.041, 0.005
9.129, -0.110, 0.036, 0.003
9.148, -0.104, 0.034, 0.002
9.168, -0.095, 0.032, 0.000
9.189, -0.093, 0.031, -0.000
9.209, -0.088, 0.030, -0.001
9.228, -0.078, 0.028, -0.003
9.248, -0.074, 0.027, -0.004
9.268, -0.068, 0.025, -0.006
9.289, -0.066, 0.025, -0.006
9.309, -0.063, 0.025, -0.007
9.328, -0.060, 0.024, -0.008
9.348, -0.054, 0.023, -0.010
9.369, -0.051, 0.023, -0.011
9.389, -0.049, 0.023, -0.012
9.409, -0.047, 0.023, -0.013
9.428, -0.043, 0.023, -0.014
9.448, -0.041, 0.023, -0.015
9.469, -0.039, 0.023, -0.016
9.489, -0.039, 0.023, -0.017
9.509, -0.037, 0.023, -0.018
9.529, -0.036, 0.024, -0.019
9.549, -0.034, 0.024, -0.020
9.569, -0.033, 0.024, -0.021
9.588, -0.032, 0.024, -0.021
9.608, -0.032, 0.024, -0.022
9.629, -0.031, 0.024, -0.023
9.649, -0.030, 0.025, -0.023
9.669, -0.029, 0.025, -0.024
9.689, -0.029, 0.025, -0.025
9.709, -0.029, 0.025, -0.025
9.729, -0.028, 0.024, -0.026
9.749, -0.028, 0.024, -0.026
9.768, -0.027, 0.024, -0.027
9.788, -0.027, 0.024, -0.027
9.808, -0.026, 0.024, -0.028
9.829, -0.025, 0.023, -0.029
9.849, -0.025, 0.023, -0.029
9.868, -0.024, 0.023, -0.029
9.888, -0.024, 0.022, -0.030
9.908, -0.023, 0.022, -0.030
9.929, -0.023, 0.021, -0.031
9.949, -0.022, 0.020, -0.031
9.968, -0.021, 0.019, -0.032
9.989, -0.021, 0.019, -0.032
10.009, -0.020, 0.019, -0.033
10.028, -0.019, 0.018, -0.033
10.048, -0.018, 0.016, -0.034
10.068, -0.017, 0.015, -0.034
10.089, -0.017, 0.015, -0.034
10.109, -0.016, 0.014, -0.035
10.129, -0.014, 0.012, -0.035
10.149, -0.014, 0.011, -0.036
10.168, -0.013, 0.010, -0.036
10.188, -0.012, 0.009, -0.036
10.209, -0.011, 0.008, -0.037
10.229, -0.009, 0.006, -0.037
10.249, -0.008, 0.004, -0.037
10.269, -0.007, 0.003, -0.038
10.288, -0.006, 0.002, -0.038
10.308, -0.006, 0.001, -0.038
10.329, -0.004, -0.001, -0.039
10.349, -0.003, -0.003, -0.039
10.369, -0.001, -0.005, -0.039
10.389, -0.001, -0.005, -0.040
10.408, 0.000, -0.006, -0.040
10.429, 0.002, -0.008, -0.040
10.449, 0.004, -0.010, -0.041
10.469, 0.005, -0.011, -0.041
10.489, 0.006, -0.013, -0.042
10.508, 0.007, -0.014, -0.042
10.528, 0.009, -0.016, -0.042
10.548, 0.011, -0.018, -0.043
10.569, 0.012, -0.020, -0.043
10.589, 0.013, -0.020, -0.043
10.609, 0.014, -0.021, -0.044
10.628, 0.015, -0.023, -0.044
10.648, 0.017, -0.025, -0.044
10.669, 0.019, -0.027, -0.045
10.689, 0.020, -0.027, -0.045
10.709, 0.021, -0.028, -0.045
10.729, 0.023, -0.030, -0.045
10.748, 0.024, -0.032, -0.046
10.769, 0.026, -0.033, -0.046
10.789, 0.026, -0.034, -0.046
10.809, 0.028, -0.035, -0.046
10.828, 0.029, -0.036, -0.046
10.848, 0.030, -0.037, -0.046
10.869, 0.032, -0.038, -0.047
10.889, 0.032, -0.039, -0.047
10.909, 0.033, -0.039, -0.047
10.928, 0.035, -0.041, -0.047
10.948, 0.036, -0.042, -0.047
10.968, 0.037, -0.042, -0.047
10.989, 0.037, -0.043, -0.047
11.009, 0.038, -0.043, -0.047
11.028, 0.039, -0.044, -0.047
11.048, 0.040, -0.044, -0.047
11.069, 0.040, -0.045, -0.048
11.089, 0.041, -0.045, -0.048
11.109, 0.041, -0.046, -0.048
11.128, 0.042, -0.046, -0.047
11.148, 0.042, -0.046, -0.047
11.169, 0.043, -0.046, -0.047
11.189, 0.043, -0.046, -0.047
11.209, 0.043, -0.046, -0.047
11.229, 0.043, -0.046, -0.047
11.248, 0.043, -0.046, -0.046
11.268, 0.043, -0.046, -0.046
11.289, 0.043, -0.046, -0.046
11.309, 0.043, -0.046, -0.046
11.328, 0.043, -0.046, -0.045
11.348, 0.042, -0.046, -0.045
11.368, 0.042, -0.045, -0.045
11.389, 0.042, -0.045, -0.044
11.409, 0.042, -0.045, -0.044
11.428, 0.041, -0.044, -0.044
11.448, 0.041, -0.044, -0.043
11.468, 0.040, -0.043, -0.043
11.489, 0.040, -0.043, -0.043
11.509, 0.040, -0.042, -0.043
11.529, 0.039, -0.041, -0.042
11.549, 0.039, -0.041, -0.042
11.568, 0.038, -0.040, -0.042
11.589, 0.038, -0.040, -0.042
11.609, 0.038, -0.039, -0.041
11.629, 0.038, -0.038, -0.041
11.649, 0.038, -0.038, -0.041
11.669, 0.038, -0.037, -0.041
11.688, 0.038, -0.036, -0.041
11.708, 0.038, -0.036, -0.041
11.729, 0.038, -0.035, -0.041
11.749, 0.038, -0.034, -0.040
11.769, 0.038, -0.032, -0.040
11.789, 0.038, -0.032, -0.040
11.808, 0.038, -0.031, -0.040
11.828, 0.039, -0.030, -0.040
11.849, 0.039, -0.029, -0.040
11.869, 0.040, -0.028, -0.040
11.889, 0.040, -0.027, -0.040
11.908, 0.041, -0.027, -0.040
11.928, 0.042, -0.025, -0.040
11.949, 0.043, -0.024, -0.040
11.969, 0.043, -0.023, -0.040
11.989, 0.044, -0.022, -0.040
12.008, 0.044, -0.022, -0.040
12.028, 0.045, -0.020, -0.040
12.048, 0.046, -0.019, -0.040
12.069, 0.046, -0.018, -0.040
12.089, 0.047, -0.017, -0.040
12.109, 0.048, -0.016, -0.040
12.128, 0.048, -0.015, -0.040
12.148, 0.049, -0.014, -0.039
12.168, 0.050, -0.013, -0.039
12.189, 0.050, -0.012, -0.039
12.209, 0.050, -0.012, -0.039
12.228, 0.051, -0.011, -0.039
12.248, 0.051, -0.009, -0.038
12.268, 0.051, -0.008, -0.038
12.289, 0.052, -0.007, -0.038
12.309, 0.052, -0.006, -0.038
12.329, 0.052, -0.005, -0.037
12.348, 0.052, -0.004, -0.037
12.368, 0.052, -0.002, -0.037
12.389, 0.052, -0.002, -0.037
12.409, 0.052, -0.001, -0.037
12.429, 0.052, 0.002, -0.036
12.448, 0.053, 0.003, -0.036
12.468, 0.052, 0.004, -0.036
12.489, 0.053, 0.005, -0.036
12.509, 0.053, 0.006, -0.036
12.528, 0.053, 0.008, -0.035
12.548, 0.053, 0.010, -0.035
12.568, 0.053, 0.011, -0.035
12.589, 0.053, 0.012, -0.035
12.609, 0.053, 0.013, -0.035
12.629, 0.053, 0.015, -0.034
12.648, 0.053, 0.016, -0.034
12.668, 0.052, 0.018, -0.034
12.689, 0.053, 0.018, -0.034
12.709, 0.052, 0.019, -0.034
12.729, 0.052, 0.021, -0.034
12.748, 0.052, 0.022, -0.033
12.768, 0.052, 0.023, -0.033
12.789, 0.052, 0.023, -0.033
12.809, 0.052, 0.024, -0.033
12.829, 0.052, 0.025, -0.033
12.848, 0.052, 0.025, -0.033
12.868, 0.051, 0.026, -0.033
12.889, 0.051, 0.026, -0.033
12.909, 0.051, 0.026, -0.032
12.929, 0.051, 0.027, -0.032
12.948, 0.050, 0.027, -0.032
12.969, 0.050, 0.027, -0.032
12.989, 0.050, 0.027, -0.032
13.009, 0.050, 0.028, -0.031
13.028, 0.049, 0.028, -0.031
13.048, 0.048, 0.028, -0.031
13.068, 0.048, 0.028, -0.030
13.089, 0.047, 0.028, -0.030
13.109, 0.047, 0.028, -0.030
13.128, 0.046, 0.028, -0.029
13.148, 0.045, 0.028, -0.029
13.168, 0.044, 0.028, -0.028
13.189, 0.043, 0.027, -0.028
13.209, 0.043, 0.027, -0.028
13.228, 0.042, 0.027, -0.027
13.248, 0.041, 0.026, -0.027
13.268, 0.040, 0.025, -0.026
13.289, 0.039, 0.025, -0.026
13.309, 0.039, 0.025, -0.025
13.329, 0.038, 0.024, -0.025
13.348, 0.037, 0.023, -0.024
13.368, 0.036, 0.022, -0.023
13.389, 0.035, 0.022, -0.023
13.409, 0.035, 0.021, -0.023
13.428, 0.034, 0.020, -0.022
13.448, 0.033, 0.019, -0.021
13.469, 0.032, 0.017, -0.021
13.489, 0.032, 0.017, -0.021
13.509, 0.032, 0.016, -0.020
13.529, 0.031, 0.015, -0.019
13.548, 0.031, 0.013, -0.019
13.569, 0.030, 0.012, -0.018
13.589, 0.030, 0.011, -0.018
13.609, 0.030, 0.010, -0.017
13.629, 0.029, 0.009, -0.016
13.648, 0.029, 0.007, -0.016
13.668, 0.029, 0.005, -0.015
13.689, 0.029, 0.005, -0.015
13.709, 0.029, 0.004, -0.014
13.729, 0.029, 0.002, -0.014
13.748, 0.029, 0.000, -0.013
13.769, 0.029, -0.001, -0.012
13.789, 0.029, -0.002, -0.012
13.809, 0.029, -0.003, -0.012
13.829, 0.029, -0.005, -0.011
13.848, 0.029, -0.006, -0.010
13.868, 0.029, -0.008, -0.010
13.889, 0.029, -0.008, -0.009
13.909, 0.029, -0.010, -0.009
13.929, 0.029, -0.011, -0.008
13.948, 0.029, -0.012, -0.008
13.969, 0.029, -0.014, -0.007
13.989, 0.029, -0.014, -0.007
14.009, 0.029, -0.015, -0.006
14.028, 0.029, -0.017, -0.005
14.048, 0.030, -0.018, -0.005
14.069, 0.030, -0.019, -0.005
14.089, 0.030, -0.020, -0.004
14.109, 0.030, -0.021, -0.003
14.129, 0.030, -0.023, -0.003
14.148, 0.030, -0.024, -0.002
14.168, 0.031, -0.026, -0.002
14.189, 0.031, -0.026, -0.002
14.209, 0.031, -0.027, -0.001
14.228, 0.031, -0.029, -0.001
14.248, 0.031, -0.031, -0.000
14.268, 0.032, -0.033, 0.000
14.289, 0.032, -0.034, 0.001
14.309, 0.032, -0.035, 0.001
14.328, 0.032, -0.036, 0.001
14.348, 0.033, -0.039, 0.002
14.369, 0.033, -0.042, 0.002
14.389, 0.033, -0.043, 0.002
14.409, 0.033, -0.044, 0.002
14.429, 0.034, -0.047, 0.003
14.449, 0.034, -0.048, 0.003
14.468, 0.034, -0.051, 0.003
14.489, 0.034, -0.052, 0.003
14.509, 0.035, -0.053, 0.003
14.529, 0.035, -0.056, 0.003
14.549, 0.035, -0.058, 0.003
14.568, 0.035, -0.060, 0.003
14.589, 0.035, -0.060, 0.003
14.609, 0.036, -0.062, 0.003
14.629, 0.036, -0.064, 0.004
14.649, 0.036, -0.065, 0.004
14.669, 0.036, -0.067, 0.004
14.688, 0.036, -0.068, 0.004
14.708, 0.036, -0.069, 0.004
14.729, 0.036, -0.070, 0.005
14.749, 0.036, -0.071, 0.005
14.769, 0.036, -0.072, 0.006
14.788, 0.036, -0.073, 0.006
14.808, 0.035, -0.074, 0.006
14.829, 0.035, -0.074, 0.006
14.849, 0.035, -0.075, 0.007
14.869, 0.035, -0.075, 0.007
14.889, 0.034, -0.076, 0.007
14.908, 0.034, -0.076, 0.008
14.929, 0.034, -0.076, 0.008
14.949, 0.034, -0.076, 0.008
14.969, 0.033, -0.076, 0.008
14.989, 0.033, -0.076, 0.008
15.008, 0.033, -0.075, 0.008
15.029, 0.033, -0.075, 0.009
15.049, 0.032, -0.074, 0.009
15.069, 0.032, -0.073, 0.009
15.088, 0.032, -0.073, 0.009
15.108, 0.032, -0.072, 0.009
15.128, 0.031, -0.070, 0.009
15.149, 0.031, -0.069, 0.009
15.169, 0.030, -0.067, 0.009
15.189, 0.030, -0.067, 0.009
15.208, 0.030, -0.065, 0.009
15.229, 0.029, -0.064, 0.009
15.249, 0.028, -0.061, 0.010
15.271, 0.027, -0.059, 0.010
15.289, 0.027, -0.058, 0.010
15.308, 0.026, -0.056, 0.010
15.329, 0.024, -0.052, 0.010
15.349, 0.023, -0.050, 0.010
15.368, 0.022, -0.047, 0.010
15.389, 0.021, -0.046, 0.010
15.409, 0.020, -0.044, 0.010
15.429, 0.018, -0.039, 0.010
15.449, 0.017, -0.037, 0.010
15.468, 0.015, -0.034, 0.010
15.488, 0.015, -0.033, 0.010
15.509, 0.014, -0.031, 0.009
15.529, 0.011, -0.027, 0.009
15.548, 0.011, -0.025, 0.009
15.569, 0.009, -0.022, 0.008
15.589, 0.008, -0.021, 0.008
15.609, 0.008, -0.019, 0.008
15.629, 0.006, -0.016, 0.007
15.648, 0.005, -0.015, 0.007
15.668, 0.003, -0.013, 0.006
15.689, 0.003, -0.013, 0.006
15.709, 0.002, -0.011, 0.005
15.729, 0.001, -0.010, 0.004
15.748, 0.000, -0.009, 0.004
15.769, -0.000, -0.009, 0.003
15.789, -0.001, -0.008, 0.002
15.809, -0.001, -0.008, 0.002
15.829, -0.002, -0.008, 0.001
15.848, -0.003, -0.008, -0.000
15.868, -0.003, -0.008, -0.001
15.889, -0.003, -0.008, -0.001
15.909, -0.004, -0.009, -0.002
15.930, -0.004, -0.010, -0.003
15.948, -0.005, -0.011, -0.003
15.968, -0.005, -0.012, -0.004
15.989, -0.005, -0.012, -0.004
16.009, 0.000, 0.000, -0.005
16.028, 0.000, 0.000, -0.005
16.049, 0.000, 0.000, -0.006
16.069, 0.000, 0.000, -0.006
16.089, 0.241, -0.068, -0.006
16.108, 0.241, -0.068, -0.007
16.128, 0.241, -0.068, -0.007
16.150, 0.241, -0.068, -0.008
16.168, 0.241, -0.068, -0.008
16.188, 0.241, -0.068, -0.008
16.209, 0.240, -0.069, -0.008
16.229, 0.240, -0.069, -0.009
16.249, 0.240, -0.069, -0.009
16.269, 0.240, -0.069, -0.009
16.289, 0.240, -0.071, -0.009
16.309, 0.240, -0.071, -0.010
16.328, 0.240, -0.071, -0.010
16.350, 0.239, -0.072, -0.010
16.369, 0.239, -0.072, -0.010
16.388, 0.239, -0.072, -0.010
16.408, 0.239, -0.074, -0.011
16.428, 0.239, -0.074, -0.011
16.449, 0.239, -0.074, -0.011
16.469, 0.239, -0.074, -0.011
16.489, 0.238, -0.075, -0.011
16.508, 0.238, -0.075, -0.011
16.528, 0.238, -0.075, -0.012
16.549, 0.238, -0.077, -0.012
16.569, 0.238, -0.077, -0.012
16.589, 0.238, -0.077, -0.012
16.609, 0.237, -0.079, -0.012
16.628, 0.237, -0.079, -0.013
16.649, 0.237, -0.079, -0.013
16.669, 0.237, -0.079, -0.013
16.689, 0.236, -0.082, -0.013
16.708, 0.236, -0.082, -0.013
16.730, 0.236, -0.082, -0.014
16.749, 0.235, -0.085, -0.014
16.769, 0.235, -0.085, -0.014
16.789, 0.235, -0.085, -0.014
16.808, 0.233, -0.090, -0.014
16.829, 0.233, -0.090, -0.014
16.848, 0.233, -0.090, -0.014
16.868, 0.233, -0.090, -0.014
16.889, 0.230, -0.097, -0.014
16.909, 0.230, -0.097, -0.014
16.929, 0.230, -0.097, -0.014
16.949, 0.229, -0.101, -0.014
16.969, 0.229, -0.101, -0.015
16.989, 0.229, -0.101, -0.015
17.008, 0.226, -0.108, -0.015
17.028, 0.226, -0.108, -0.015
17.049, 0.226, -0.108, -0.015
17.069, 0.222, -0.115, -0.015
17.089, 0.222, -0.115, -0.015
17.108, 0.222, -0.115, -0.015
17.129, 0.222, -0.115, -0.015
17.149, 0.219, -0.120, -0.015
17.169, 0.219, -0.120, -0.015
17.188, 0.219, -0.120, -0.015
17.208, 0.216, -0.125, -0.015
17.229, 0.216, -0.125, -0.015
17.249, 0.216, -0.125, -0.015
17.269, 0.213, -0.131, -0.015
17.288, 0.213, -0.131, -0.015
17.309, 0.213, -0.131, -0.015
17.329, 0.213, -0.131, -0.015
17.350, 0.211, -0.134, -0.015
17.368, 0.211, -0.134, -0.015
17.388, 0.211, -0.134, -0.015
17.409, 0.209, -0.138, -0.015
17.429, 0.209, -0.138, -0.015
17.449, 0.209, -0.138, -0.015
17.469, 0.206, -0.142, -0.015
17.489, 0.206, -0.142, -0.015
17.509, 0.206, -0.142, -0.015
17.529, 0.206, -0.142, -0.015
17.549, 0.203, -0.145, -0.015
17.568, 0.203, -0.145, -0.016
17.589, 0.203, -0.145, -0.016
17.609, 0.201, -0.149, -0.016
17.629, 0.200, -0.150, -0.016
17.648, 0.200, -0.150, -0.016
17.668, 0.200, -0.150, -0.016
17.689, 0.198, -0.152, -0.016
17.708, 0.198, -0.152, -0.016
17.728, 0.198, -0.152, -0.015
17.748, 0.197, -0.154, -0.015
17.769, 0.197, -0.154, -0.015
17.789, 0.197, -0.154, -0.015
17.809, 0.196, -0.155, -0.015
17.828, 0.196, -0.155, -0.015
17.848, 0.196, -0.155, -0.015
17.868, 0.196, -0.155, -0.014
17.889, 0.196, -0.155, -0.014
17.909, 0.196, -0.155, -0.014
17.928, 0.196, -0.155, -0.014
17.949, 0.196, -0.155, -0.014
17.968, 0.196, -0.155, -0.014
17.988, 0.196, -0.155, -0.014
18.009, 0.196, -0.155, -0.014
18.029, 0.196, -0.155, -0.014
18.049, 0.196, -0.155, -0.014
18.068, 0.196, -0.155, -0.014
18.088, 0.196, -0.155, -0.014
18.109, 0.196, -0.155, -0.013
18.129, 0.196, -0.155, -0.014
18.149, 0.196, -0.155, -0.014
18.168, 0.196, -0.155, -0.014
18.188, 0.196, -0.155, -0.014
18.208, 0.195, -0.157, -0.013
18.229, 0.194, -0.157, -0.013
18.249, 0.194, -0.157, -0.013
18.269, 0.194, -0.157, -0.013
18.289, 0.193, -0.159, -0.013
18.309, 0.193, -0.159, -0.013
18.328, 0.193, -0.159, -0.013
18.349, 0.191, -0.162, -0.012
18.369, 0.191, -0.162, -0.012
18.389, 0.191, -0.162, -0.012
18.409, 0.188, -0.165, -0.012
18.429, 0.186, -0.167, -0.011
18.448, 0.186, -0.167, -0.011
18.469, 0.186, -0.167, -0.010
18.489, 0.183, -0.170, -0.010
18.509, 0.183, -0.170, -0.010
18.528, 0.183, -0.170, -0.010
18.549, 0.178, -0.175, -0.009
18.569, 0.178, -0.175, -0.009
18.589, 0.178, -0.175, -0.009
18.609, 0.171, -0.182, -0.008
18.629, 0.171, -0.182, -0.007
18.648, 0.171, -0.182, -0.007
18.670, 0.171, -0.182, -0.007
18.689, 0.210, -0.135, -0.007
18.709, 0.210, -0.135, -0.006
18.729, 0.210, -0.135, -0.006
18.749, 0.205, -0.143, -0.006
18.769, 0.205, -0.143, -0.006
18.789, 0.205, -0.143, -0.005
18.808, 0.197, -0.154, -0.005
18.828, 0.195, -0.156, -0.005
18.849, 0.195, -0.156, -0.005
18.869, 0.195, -0.156, -0.005
18.889, 0.190, -0.163, -0.005
18.909, 0.190, -0.163, -0.005
18.929, 0.190, -0.163, -0.005
18.949, 0.187, -0.165, -0.005
18.968, 0.188, -0.165, -0.005
18.988, 0.188, -0.165, -0.005
19.009, 0.191, -0.161, -0.004
19.029, 0.193, -0.158, -0.004
19.049, 0.193, -0.158, -0.004
19.068, 0.193, -0.158, -0.004
19.088, 0.090, -0.233, -0.004
19.109, 0.091, -0.233, -0.003
19.129, 0.091, -0.233, -0.003
19.148, 0.092, -0.233, -0.002
19.168, 0.092, -0.233, -0.002
19.188, 0.092, -0.233, -0.002
19.209, 0.092, -0.233, -0.001
19.229, 0.091, -0.233, -0.001
19.248, 0.091, -0.233, -0.000
19.268, 0.091, -0.233, 0.000
19.289, 0.090, -0.233, 0.000
19.309, 0.090, -0.233, 0.001
19.332, 0.090, -0.233, 0.001
19.348, 0.087, -0.234, 0.002
19.368, 0.086, -0.235, 0.002
19.389, 0.086, -0.235, 0.002
19.409, 0.083, -0.236, 0.002
19.432, 0.081, -0.237, 0.003
19.449, 0.081, -0.237, 0.003
19.469, 0.081, -0.237, 0.003
19.488, 0.075, -0.238, 0.004
19.508, 0.074, -0.239, 0.004
19.528, 0.074, -0.239, 0.004
19.549, 0.068, -0.241, 0.004
19.569, 0.067, -0.241, 0.004
19.589, 0.067, -0.241, 0.004
19.608, 0.058, -0.243, 0.004
19.631, 0.055, -0.244, 0.004
19.649, 0.055, -0.244, 0.003
19.669, 0.055, -0.244, 0.003
19.689, 0.048, -0.245, 0.003
19.708, 0.047, -0.245, 0.002
19.732, 0.047, -0.245, 0.002
19.750, 0.026, -0.249, 0.001
19.769, 0.026, -0.249, 0.001
19.788, 0.026, -0.249, 0.001
19.809, 0.012, -0.250, 0.001
19.829, 0.012, -0.250, 0.001
19.849, 0.012, -0.250, 0.001
19.869, -0.002, -0.250, 0.001
19.888, -0.002, -0.250, 0.000
19.908, -0.002, -0.250, 0.000
19.928, -0.002, -0.250, 0.000
19.949, -0.013, -0.250, 0.000
19.969, -0.013, -0.250, 0.000
19.989, -0.013, -0.250, 0.000
20.009, -0.022, -0.249, 0.000
20.029, -0.022, -0.249, 0.000
20.048, -0.022, -0.249, 0.000
20.068, -0.020, -0.249, 0.001
20.088, 0.010, -0.005, 0.001
20.109, 0.010, -0.000, 0.001
20.129, 0.011, 0.010, 0.001
20.149, 0.011, 0.015, 0.002
20.168, 0.012, 0.022, 0.002
20.189, 0.012, 0.025, 0.002
20.208, 0.012, 0.029, 0.003
20.229, 0.013, 0.038, 0.004
20.249, 0.013, 0.041, 0.004
20.269, 0.014, 0.047, 0.005
20.289, 0.014, 0.049, 0.006
20.308, 0.015, 0.052, 0.006
20.328, 0.016, 0.057, 0.007
20.350, 0.017, 0.059, 0.008
20.369, 0.018, 0.061, 0.009
20.388, 0.018, 0.062, 0.009
20.408, 0.019, 0.064, 0.010
20.428, 0.021, 0.065, 0.011
20.449, 0.022, 0.065, 0.012
20.469, 0.024, 0.064, 0.013
20.489, 0.025, 0.064, 0.013
20.508, 0.026, 0.063, 0.013
20.528, 0.028, 0.061, 0.014
20.549, 0.030, 0.059, 0.015
20.569, 0.032, 0.056, 0.016
20.589, 0.032, 0.055, 0.016
20.608, 0.033, 0.052, 0.016
20.629, 0.036, 0.048, 0.017
20.648, 0.038, 0.044, 0.017
20.668, 0.040, 0.038, 0.018
20.688, 0.041, 0.037, 0.018
20.709, 0.042, 0.033, 0.018
20.729, 0.045, 0.026, 0.018
20.749, 0.047, 0.022, 0.018
20.768, 0.049, 0.016, 0.017
20.788, 0.050, 0.015, 0.017
20.809, 0.051, 0.011, 0.017
20.829, 0.053, 0.003, 0.017
20.849, 0.054, -0.001, 0.018
20.868, 0.056, -0.006, 0.018
20.888, 0.057, -0.008, 0.018
20.909, 0.057, -0.012, 0.018
20.929, 0.059, -0.019, 0.018
20.949, 0.059, -0.022, 0.018
20.969, 0.060, -0.027, 0.019
20.988, 0.060, -0.029, 0.019
21.008, 0.061, -0.032, 0.019
21.028, 0.061, -0.038, 0.019
21.049, 0.062, -0.041, 0.019
21.069, 0.062, -0.046, 0.018
21.089, 0.063, -0.047, 0.018
21.108, 0.063, -0.050, 0.018
21.128, 0.063, -0.056, 0.017
21.149, 0.064, -0.059, 0.017
21.169, 0.064, -0.063, 0.016
21.189, 0.064, -0.064, 0.016
21.208, 0.064, -0.067, 0.015
21.228, 0.065, -0.071, 0.013
21.249, 0.065, -0.073, 0.012
21.269, 0.066, -0.076, 0.010
21.289, 0.066, -0.077, 0.009
21.308, 0.066, -0.079, 0.008
21.329, 0.067, -0.082, 0.005
21.349, 0.067, -0.083, 0.004
21.369, 0.067, -0.085, 0.002
21.388, 0.067, -0.085, 0.001
21.408, 0.068, -0.086, -0.000
21.429, 0.068, -0.087, -0.003
21.449, 0.068, -0.088, -0.004
21.469, 0.067, -0.088, -0.006
21.489, 0.067, -0.088, -0.007
21.508, 0.067, -0.089, -0.008
21.529, 0.067, -0.088, -0.010
21.549, 0.066, -0.088, -0.011
21.569, 0.065, -0.086, -0.012
21.588, 0.065, -0.086, -0.012
21.608, 0.065, -0.085, -0.013
21.628, 0.064, -0.083, -0.015
21.649, 0.063, -0.081, -0.015
21.669, 0.062, -0.079, -0.016
21.688, 0.062, -0.078, -0.016
21.708, 0.061, -0.076, -0.017
21.729, 0.059, -0.072, -0.017
21.749, 0.058, -0.070, -0.018
21.769, 0.056, -0.067, -0.018
21.789, 0.056, -0.066, -0.019
21.808, 0.055, -0.064, -0.019
21.828, 0.052, -0.060, -0.020
21.849, 0.051, -0.057, -0.021
21.869, 0.049, -0.054, -0.022
21.889, 0.049, -0.053, -0.022
21.908, 0.048, -0.051, -0.022
21.928, 0.046, -0.046, -0.023
21.949, 0.045, -0.044, -0.023
21.969, 0.044, -0.041, -0.024
21.989, 0.043, -0.040, -0.024
22.009, 0.043, -0.038, -0.024
22.028, 0.041, -0.034, -0.025
22.049, 0.041, -0.032, -0.025
22.069, 0.040, -0.029, -0.025
22.089, 0.040, -0.029, -0.025
22.109, 0.039, -0.027, -0.025
22.128, 0.039, -0.023, -0.024
22.148, 0.038, -0.022, -0.024
22.169, 0.038, -0.019, -0.024
22.189, 0.037, -0.019, -0.024
22.209, 0.037, -0.017, -0.023
22.228, 0.036, -0.015, -0.023
22.248, 0.035, -0.014, -0.022
22.268, 0.034, -0.013, -0.022
22.289, 0.033, -0.012, -0.022
22.309, 0.033, -0.012, -0.022
22.329, 0.031, -0.011, -0.021
22.349, 0.030, -0.011, -0.021
22.369, 0.029, -0.011, -0.021
22.389, 0.028, -0.011, -0.021
22.408, 0.028, -0.011, -0.021
22.428, 0.026, -0.012, -0.020
22.449, 0.025, -0.012, -0.020
22.469, 0.024, -0.013, -0.019
22.489, 0.024, -0.014, -0.019
22.509, 0.023, -0.015, -0.019
22.528, 0.022, -0.017, -0.019
22.549, 0.022, -0.018, -0.018
22.569, 0.021, -0.020, -0.018
22.589, 0.021, -0.021, -0.017
22.608, 0.020, -0.022, -0.017
22.629, 0.020, -0.025, -0.016
22.649, 0.019, -0.026, -0.016
22.669, 0.018, -0.028, -0.015
22.688, 0.018, -0.029, -0.015
22.708, 0.018, -0.031, -0.014
22.729, 0.017, -0.033, -0.013
22.749, 0.017, -0.035, -0.013
22.769, 0.016, -0.037, -0.012
22.788, 0.016, -0.038, -0.012
22.808, 0.016, -0.039, -0.011
22.829, 0.015, -0.041, -0.011
22.849, 0.015, -0.043, -0.010
22.869, 0.015, -0.046, -0.010
22.889, 0.015, -0.046, -0.009
22.908, 0.014, -0.048, -0.009
22.929, 0.014, -0.051, -0.008
22.949, 0.014, -0.052, -0.008
22.969, 0.014, -0.054, -0.007
22.989, 0.014, -0.055, -0.007
23.008, 0.015, -0.056, -0.006
23.029, 0.015, -0.059, -0.005
23.049, 0.015, -0.060, -0.005
23.069, 0.016, -0.061, -0.004
23.089, 0.016, -0.062, -0.004
23.108, 0.016, -0.063, -0.004
23.129, 0.017, -0.064, -0.003
23.149, 0.018, -0.064, -0.003
23.169, 0.019, -0.065, -0.003
23.189, 0.019, -0.065, -0.002
23.208, 0.020, -0.065, -0.002
23.229, 0.021, -0.065, -0.002
23.249, 0.022, -0.065, -0.002
23.269, 0.023, -0.064, -0.002
23.289, 0.023, -0.064, -0.002
23.308, 0.024, -0.064, -0.002
23.328, 0.025, -0.062, -0.001
23.348, 0.026, -0.061, -0.001
23.369, 0.027, -0.060, -0.001
23.389, 0.027, -0.059, -0.001
23.409, 0.028, -0.058, -0.001
23.429, 0.029, -0.055, -0.001
23.450, 0.029, -0.054, -0.001
23.469, 0.030, -0.051, -0.001
23.489, 0.030, -0.050, -0.001
23.509, 0.030, -0.049, -0.001
23.528, 0.031, -0.045, -0.001
23.548, 0.031, -0.043, -0.001
23.568, 0.032, -0.040, -0.001
23.589, 0.032, -0.039, -0.001
23.609, 0.032, -0.037, -0.001
23.629, 0.032, -0.033, -0.002
23.649, 0.032, -0.031, -0.002
23.668, 0.032, -0.030, -0.002
23.688, 0.032, -0.027, -0.002
23.709, 0.032, -0.025, -0.002
23.729, 0.032, -0.022, -0.003
23.749, 0.032, -0.020, -0.003
23.768, 0.032, -0.017, -0.003
23.788, 0.032, -0.016, -0.003
23.809, 0.032, -0.014, -0.004
23.829, 0.033, -0.011, -0.004
23.849, 0.033, -0.010, -0.004
23.869, 0.033, -0.008, -0.004
23.888, 0.033, -0.007, -0.005
23.908, 0.033, -0.006, -0.005
23.928, 0.034, -0.004, -0.005
23.949, 0.033, -0.003, -0.005
23.969, 0.034, -0.001, -0.005
23.989, 0.034, -0.001, -0.005
24.008, 0.034, -0.000, -0.005
24.028, 0.034, 0.001, -0.005
24.049, 0.034, 0.002, -0.005
24.069, 0.034, 0.002, -0.005
24.089, 0.034, 0.002, -0.005
24.109, 0.034, 0.002, -0.005
24.129, 0.010, -0.010, -0.165
24.149, 0.010, -0.010, -0.165
24.169, 0.010, -0.010, -0.165
24.188, 0.010, -0.010, -0.166
24.208, 0.010, -0.010, -0.166
24.229, 0.010, -0.010, -0.166
24.249, 0.010, -0.010, -0.166
24.269, 0.010, -0.010, -0.166
24.289, 0.010, -0.010, -0.166
24.308, 0.010, -0.010, -0.166
24.328, 0.010, -0.010, -0.165
24.349, 0.010, -0.010, -0.165
24.369, 0.010, -0.010, -0.164
24.389, 0.010, -0.010, -0.164
24.408, 0.010, -0.010, -0.163
24.428, 0.010, -0.010, -0.161
24.449, 0.010, -0.010, -0.160
24.469, 0.010, -0.010, -0.159
24.489, 0.010, -0.010, -0.158
24.508, 0.010, -0.010, -0.156
24.529, 0.010, -0.010, -0.154
24.549, 0.010, -0.010, -0.153
24.569, 0.010, -0.010, -0.150
24.588, 0.010, -0.010, -0.149
24.608, 0.010, -0.010, -0.147
24.629, 0.010, -0.010, -0.143
24.649, 0.010, -0.010, -0.141
24.669, 0.010, -0.010, -0.138
24.688, 0.010, -0.010, -0.137
24.709, 0.010, -0.010, -0.135
24.729, 0.010, -0.010, -0.131
24.748, 0.010, -0.010, -0.129
24.768, 0.010, -0.010, -0.126
24.789, 0.010, -0.010, -0.125
24.809, 0.010, -0.010, -0.123
24.829, 0.010, -0.010, -0.120
24.849, 0.010, -0.010, -0.118
24.868, 0.010, -0.010, -0.116
24.889, 0.010, -0.010, -0.115
24.909, 0.010, -0.010, -0.114
24.929, 0.010, -0.010, -0.111
24.949, 0.010, -0.010, -0.110
24.969, 0.010, -0.010, -0.108
24.988, 0.010, -0.010, -0.107
25.009, 0.010, -0.010, -0.106
25.029, 0.010, -0.010, -0.105
25.050, 0.010, -0.010, -0.102
25.069, 0.010, -0.010, -0.100
25.089, 0.010, -0.010, -0.100
25.109, 0.010, -0.010, -0.098
25.128, 0.010, -0.010, -0.097
25.149, 0.010, -0.010, -0.095
25.169, 0.010, -0.010, -0.093
25.189, 0.010, -0.010, -0.092
25.208, 0.010, -0.010, -0.091
25.228, 0.010, -0.010, -0.088
25.249, 0.010, -0.010, -0.087
25.269, 0.010, -0.010, -0.085
25.289, 0.010, -0.010, -0.084
25.308, 0.010, -0.010, -0.083
25.328, 0.010, -0.010, -0.080
25.349, 0.010, -0.010, -0.078
25.369, 0.010, -0.010, -0.076
25.389, 0.010, -0.010, -0.076
25.409, 0.010, -0.010, -0.074
25.428, 0.010, -0.010, -0.072
25.449, 0.010, -0.010, -0.070
25.469, 0.010, -0.010, -0.068
25.488, 0.010, -0.010, -0.068
25.509, 0.010, -0.010, -0.066
25.529, 0.010, -0.010, -0.064
25.549, 0.010, -0.010, -0.063
25.568, 0.010, -0.010, -0.061
25.588, 0.010, -0.010, -0.060
25.609, 0.010, -0.010, -0.059
25.629, 0.010, -0.010, -0.057
25.649, 0.010, -0.010, -0.056
25.668, 0.010, -0.010, -0.054
25.688, 0.010, -0.010, -0.053
25.708, 0.010, -0.010, -0.052
25.729, 0.010, -0.010, -0.049
25.749, 0.010, -0.010, -0.048
25.769, 0.010, -0.010, -0.046
25.788, 0.010, -0.010, -0.045
25.808, 0.010, -0.010, -0.044
25.829, 0.010, -0.010, -0.041
25.849, 0.010, -0.010, -0.040
25.869, 0.010, -0.010, -0.039
25.889, 0.010, -0.010, -0.038
25.909, 0.010, -0.010, -0.037
25.929, 0.010, -0.010, -0.035
25.949, 0.010, -0.010, -0.033
25.969, 0.010, -0.010, -0.031
25.988, 0.010, -0.010, -0.030
26.009, 0.010, -0.010, -0.029
26.029, 0.010, -0.010, -0.026
26.049, 0.010, -0.010, -0.024
