0.140, 0.000, 0.000, 0.000
0.157, 0.000, 0.000, 0.000
0.174, 0.000, 0.000, 0.000
0.190, 0.000, 0.000, 0.000
0.207, 0.000, 0.000, 0.000
0.224, 0.000, 0.000, 0.000
0.241, 0.000, 0.000, 0.000
0.257, 0.000, 0.000, 0.000
0.274, 0.000, 0.000, 0.000
0.290, 0.000, 0.000, 0.000
0.307, 0.000, 0.000, 0.000
0.324, 0.000, 0.000, 0.000
0.341, 0.000, 0.000, 0.000
0.357, 0.000, 0.000, 0.000
0.374, 0.000, 0.000, 0.000
0.391, 0.000, 0.000, 0.000
0.408, 0.001, 0.002, -0.000
0.424, 0.002, 0.003, 0.002
0.442, 0.001, 0.001, -0.001
0.458, -0.001, -0.001, 0.002
0.475, -0.001, 0.000, 0.000
0.491, 0.000, -0.001, 0.002
0.507, 0.000, 0.002, -0.000
0.524, -0.001, -0.001, 0.001
0.541, -0.001, 0.002, 0.001
0.557, 0.000, 0.002, -0.000
0.575, 0.001, 0.001, -0.002
0.592, 0.001, 0.001, 0.000
0.607, -0.000, -0.001, -0.001
0.624, -0.000, 0.000, -0.000
0.641, -0.000, -0.001, -0.001
0.658, 0.000, 0.000, -0.000
0.675, 0.000, 0.000, -0.000
0.691, -0.000, 0.001, -0.001
0.707, -0.001, -0.002, 0.001
0.724, -0.001, -0.001, -0.001
0.741, -0.000, -0.001, 0.002
0.758, -0.000, -0.001, -0.003
0.774, -0.001, -0.002, -0.001
0.791, -0.001, 0.001, -0.002
0.807, 0.000, 0.002, 0.001
0.824, 0.000, 0.003, 0.000
0.841, 0.000, -0.001, 0.000
0.858, 0.001, -0.002, -0.001
0.874, 0.001, -0.001, -0.001
0.891, 0.000, -0.001, -0.001
0.907, 0.000, -0.000, -0.000
0.924, -0.000, -0.001, -0.001
0.941, -0.000, 0.000, -0.001
0.957, -0.000, -0.001, 0.001
0.974, -0.000, -0.001, 0.000
0.991, 0.000, -0.002, 0.000
1.007, 0.001, 0.000, 0.001
1.024, -0.000, -0.001, 0.001
1.041, 0.001, -0.001, 0.001
1.057, 0.001, 0.000, 0.000
1.074, 0.001, 0.000, -0.000
1.091, -0.001, 0.001, 0.002
1.107, 0.001, 0.000, -0.001
1.124, 0.001, -0.001, -0.001
1.141, 0.001, 0.001, -0.002
1.157, -0.000, -0.000, 0.001
1.174, -0.000, -0.000, 0.000
1.191, 0.001, -0.000, 0.001
1.207, 0.001, -0.000, 0.001
1.224, 0.001, -0.001, -0.000
1.241, -0.000, -0.002, -0.002
1.257, -0.001, 0.001, -0.000
1.274, -0.001, 0.001, 0.000
1.290, -0.000, 0.001, 0.002
1.308, -0.000, 0.000, -0.001
1.324, 0.000, 0.001, 0.001
1.340, 0.000, 0.000, -0.001
1.357, 0.000, 0.000, 0.001
1.374, 0.000, 0.001, 0.001
1.391, 0.001, -0.000, 0.000
1.407, -0.001, 0.002, 0.001
1.424, -0.000, 0.001, 0.001
1.441, -0.001, 0.001, -0.000
1.457, 0.000, 0.002, 0.003
1.474, -0.000, 0.002, 0.002
1.491, -0.000, 0.004, 0.003
1.507, -0.000, 0.001, 0.000
1.524, -0.000, 0.002, 0.001
1.541, -0.000, -0.000, -0.001
1.557, 0.000, 0.002, 0.004
1.574, 0.000, 0.003, 0.003
1.591, 0.000, 0.002, 0.003
1.607, 0.000, -0.001, -0.002
1.624, 0.000, -0.001, -0.000
1.641, 0.000, -0.000, -0.000
1.657, -0.000, -0.000, 0.005
1.674, -0.000, 0.001, 0.004
1.691, 0.000, 0.001, 0.004
1.707, 0.000, 0.000, -0.001
1.724, 0.000, 0.001, 0.002
1.741, -0.000, 0.001, 0.000
1.758, -0.001, 0.001, -0.000
1.774, -0.000, 0.000, -0.000
1.791, -0.000, 0.001, 0.000
1.807, 0.000, -0.002, -0.001
1.824, -0.000, 0.000, -0.001
1.841, 0.000, -0.001, 0.001
1.858, -0.000, -0.002, -0.002
1.874, 0.000, -0.001, -0.000
1.891, -0.001, -0.001, -0.002
1.908, 0.001, -0.001, -0.001
1.924, -0.000, -0.001, -0.000
1.941, 0.001, -0.001, -0.000
1.958, 0.000, -0.001, -0.001
1.974, 0.000, -0.002, -0.001
1.991, 0.001, -0.001, -0.001
2.007, -0.001, 0.000, -0.001
2.024, 0.001, -0.000, -0.002
2.041, -0.001, -0.001, -0.000
2.057, 0.001, -0.000, -0.001
2.074, 0.001, -0.001, -0.003
2.091, 0.000, 0.002, -0.002
2.108, -0.000, -0.003, -0.000
2.124, -0.001, -0.001, -0.001
2.141, 0.000, -0.001, 0.002
2.158, 0.000, 0.001, 0.000
2.174, 0.000, -0.001, 0.003
2.191, 0.000, -0.000, -0.000
2.208, -0.000, -0.001, -0.001
2.224, -0.000, -0.001, -0.004
2.241, 0.000, -0.001, -0.002
2.258, -0.000, -0.001, -0.002
2.274, -0.000, -0.002, -0.002
2.291, 0.000, -0.001, -0.001
2.308, 0.000, 0.001, 0.002
2.324, 0.000, 0.002, 0.002
2.341, -0.000, 0.001, 0.000
2.358, -0.001, -0.002, -0.002
2.374, -0.000, -0.001, -0.002
2.391, 0.000, -0.001, -0.000
2.408, 0.000, 0.002, 0.002
2.424, -0.001, 0.002, 0.001
2.441, -0.001, 0.000, -0.001
2.458, -0.000, 0.001, 0.001
2.474, 0.001, -0.001, -0.000
2.491, -0.000, -0.003, 0.001
2.508, 0.000, -0.001, 0.001
2.524, 0.000, -0.000, 0.001
2.541, -0.000, 0.000, 0.000
2.558, 0.000, 0.002, -0.000
2.574, -0.000, 0.002, -0.000
2.591, 0.001, 0.002, -0.001
2.608, -0.000, 0.002, 0.001
2.624, -0.000, 0.001, 0.001
2.641, -0.000, 0.002, 0.002
2.658, 0.000, 0.001, 0.001
2.674, -0.001, 0.001, 0.001
2.691, -0.001, 0.003, 0.001
2.707, 0.001, -0.001, -0.000
2.724, 0.001, 0.000, -0.000
2.741, 0.000, -0.002, -0.000
2.757, 0.000, 0.001, 0.001
2.774, 0.000, 0.002, 0.000
2.791, 0.001, 0.000, -0.001
2.807, 0.000, -0.001, -0.000
2.824, 0.001, -0.001, 0.001
2.841, -0.000, 0.001, 0.000
2.858, -0.000, -0.002, 0.003
2.874, 0.000, -0.000, 0.002
2.891, 0.000, -0.001, 0.003
2.907, -0.000, 0.001, -0.002
2.924, -0.000, 0.001, 0.001
2.941, -0.000, 0.000, -0.000
2.957, 0.000, 0.000, 0.003
2.974, 0.000, 0.001, 0.002
2.991, 0.000, -0.000, 0.003
3.007, -0.001, -0.000, -0.001
0.058, 0.000, 0.000, 0.000
0.075, 0.000, 0.000, 0.000
0.091, 0.000, 0.000, 0.000
0.108, 0.000, 0.000, 0.000
0.126, 0.000, 0.000, 0.000
0.141, 0.000, 0.000, 0.000
0.158, 0.000, 0.000, 0.000
0.175, 0.000, 0.000, 0.000
0.192, 0.000, 0.000, 0.000
0.208, 0.000, 0.000, 0.000
0.225, 0.000, 0.000, 0.000
0.243, 0.000, 0.000, 0.000
0.258, 0.000, 0.000, 0.000
0.275, 0.000, 0.000, 0.000
0.291, 0.000, 0.000, 0.000
0.308, 0.000, 0.000, 0.000
0.324, 0.000, 0.000, 0.000
0.341, 0.000, 0.000, 0.000
0.358, 0.000, 0.000, 0.000
0.375, 0.000, 0.000, 0.000
0.391, 0.000, 0.000, 0.000
0.408, 0.000, 0.000, 0.000
0.426, -0.000, 0.000, 0.001
0.442, -0.000, 0.002, 0.001
0.458, -0.000, 0.000, 0.000
0.477, -0.000, 0.001, -0.001
0.492, -0.001, -0.000, -0.000
0.509, 0.000, -0.000, -0.000
0.525, 0.000, -0.000, 0.001
0.541, 0.000, 0.000, -0.000
0.559, -0.000, 0.000, 0.000
0.576, 0.001, -0.001, -0.000
0.592, 0.000, 0.000, 0.001
0.608, 0.001, -0.000, 0.001
0.625, -0.000, -0.000, -0.001
0.641, 0.001, -0.001, 0.001
0.658, 0.001, -0.001, -0.000
0.675, -0.001, 0.003, -0.001
0.692, -0.001, 0.001, -0.001
0.708, -0.001, 0.002, -0.001
0.725, 0.000, -0.001, 0.000
0.742, 0.000, -0.000, -0.000
0.758, 0.000, 0.000, 0.001
0.775, -0.001, -0.001, -0.002
0.791, -0.001, 0.000, -0.001
0.808, -0.001, -0.000, -0.002
0.825, -0.000, 0.001, 0.000
0.841, -0.000, 0.000, -0.000
0.858, -0.001, 0.001, 0.000
0.875, 0.001, 0.000, 0.001
0.892, 0.000, -0.001, -0.001
0.908, 0.001, -0.000, 0.000
0.925, -0.001, -0.001, -0.000
0.942, 0.000, -0.001, -0.000
0.958, 0.001, -0.000, -0.000
0.975, 0.001, 0.000, -0.001
0.992, -0.000, -0.000, -0.000
1.008, -0.000, 0.001, 0.000
1.025, -0.000, -0.002, -0.000
1.042, 0.000, -0.002, -0.001
1.058, -0.000, -0.002, -0.000
1.075, 0.001, -0.001, -0.001
1.092, 0.000, -0.000, -0.000
1.108, 0.000, -0.001, -0.002
1.125, -0.001, -0.001, 0.002
1.141, -0.000, -0.001, 0.001
1.158, -0.000, -0.000, 0.001
1.175, 0.001, 0.000, -0.000
1.191, -0.000, -0.001, 0.001
1.208, 0.001, -0.001, 0.001
1.225, -0.000, -0.000, -0.001
1.242, 0.000, 0.000, -0.001
1.258, -0.001, -0.000, -0.002
1.275, 0.001, 0.000, 0.001
1.291, 0.001, -0.000, 0.000
1.308, 0.000, -0.001, 0.001
1.325, 0.000, 0.003, 0.001
1.341, 0.000, 0.002, 0.001
1.358, 0.001, 0.001, 0.001
1.375, 0.001, 0.000, 0.001
1.391, -0.000, 0.002, 0.000
1.408, 0.001, 0.002, 0.000
1.425, 0.000, -0.001, -0.000
1.442, -0.000, -0.000, 0.001
1.458, -0.000, -0.000, 0.000
1.475, -0.002, 0.002, 0.000
1.492, -0.000, 0.001, 0.001
1.508, -0.000, 0.001, -0.001
1.525, 0.001, 0.001, 0.001
1.542, -0.000, 0.001, 0.000
1.558, -0.000, 0.001, 0.002
1.575, 0.000, 0.000, 0.001
1.592, 0.001, 0.000, 0.001
1.608, 0.000, 0.001, 0.000
1.625, -0.001, -0.002, 0.001
1.641, -0.001, 0.000, 0.001
1.658, -0.001, -0.001, 0.001
1.675, 0.000, 0.002, -0.001
1.691, 0.001, -0.000, 0.001
1.708, 0.000, -0.001, 0.000
1.725, -0.000, 0.002, 0.002
1.741, -0.001, 0.002, 0.001
1.758, -0.001, 0.002, 0.001
1.775, 0.001, -0.000, 0.001
1.792, 0.001, -0.000, 0.001
1.808, 0.000, 0.000, 0.001
1.825, 0.000, -0.000, 0.000
1.842, 0.000, 0.000, 0.001
1.858, 0.001, -0.000, 0.001
1.875, -0.000, 0.002, 0.001
1.891, 0.000, -0.000, -0.000
1.908, -0.000, 0.000, 0.000
1.925, 0.001, -0.001, 0.001
1.941, 0.001, -0.000, 0.001
1.958, 0.001, 0.000, 0.002
1.975, 0.000, 0.000, 0.000
1.991, 0.000, -0.000, -0.000
2.008, -0.000, 0.001, -0.000
2.025, -0.001, 0.000, -0.001
2.042, 0.001, -0.000, 0.001
2.058, 0.001, -0.001, 0.001
2.075, 0.002, -0.002, 0.001
2.092, 0.001, -0.001, 0.000
2.108, 0.001, -0.001, 0.001
2.125, 0.000, -0.001, -0.001
2.142, -0.000, -0.000, -0.000
2.158, 0.000, -0.001, -0.001
2.175, -0.000, -0.001, -0.000
2.192, 0.000, -0.001, -0.001
2.208, 0.000, -0.001, 0.000
2.225, 0.000, -0.001, 0.000
2.242, -0.000, -0.000, -0.001
2.258, -0.000, -0.000, -0.000
2.275, -0.000, 0.001, -0.002
2.292, 0.000, -0.000, -0.001
2.308, 0.001, -0.001, -0.001
2.325, -0.000, -0.000, -0.001
2.341, -0.000, 0.000, -0.001
2.358, -0.001, 0.001, -0.001
2.375, 0.001, -0.001, 0.000
2.392, -0.000, -0.002, -0.000
2.408, 0.001, -0.000, 0.001
2.425, -0.000, 0.000, -0.001
2.442, 0.001, -0.000, -0.000
2.458, 0.000, -0.000, 0.001
2.475, -0.000, 0.001, 0.001
2.492, -0.000, -0.000, -0.001
2.508, -0.001, 0.001, -0.000
2.525, -0.000, -0.001, -0.001
2.542, -0.000, -0.000, -0.002
2.558, 0.001, -0.001, -0.001
2.575, 0.000, -0.002, -0.002
2.592, 0.000, -0.001, -0.001
2.608, -0.001, -0.001, -0.002
2.625, 0.001, -0.002, -0.001
2.642, 0.000, -0.001, -0.001
2.658, 0.001, -0.002, -0.001
2.675, -0.001, 0.001, 0.001
2.692, -0.000, -0.000, -0.000
2.708, 0.000, -0.001, 0.001
2.725, 0.001, -0.001, -0.000
2.742, -0.000, -0.000, 0.001
2.759, -0.001, -0.002, -0.001
2.775, -0.001, 0.001, -0.002
2.792, -0.001, 0.002, -0.001
2.808, 0.000, 0.002, -0.001
2.825, 0.000, 0.000, 0.001
2.842, 0.001, -0.001, 0.001
2.858, -0.000, 0.001, 0.001
2.875, -0.001, 0.001, -0.001
2.892, -0.001, 0.001, -0.000
2.908, -0.000, 0.001, -0.001
2.925, 0.001, 0.000, 0.001
2.941, 0.001, -0.000, 0.001
2.958, 0.000, 0.000, 0.000
2.975, -0.001, 0.002, -0.000
2.991, -0.001, 0.001, -0.000
3.008, -0.001, 0.001, -0.000
3.025, -0.000, -0.001, -0.000
3.042, 0.001, -0.001, 0.000
3.058, 0.001, -0.001, -0.001
3.075, 0.002, -0.000, 0.001
3.092, 0.000, 0.001, 0.001
3.108, -0.000, 0.001, 0.001
3.125, -0.000, 0.000, -0.001
3.142, -0.000, -0.000, 0.001
3.158, 0.000, -0.000, 0.001
3.175, -0.001, 0.000, 0.000
3.193, -0.000, 0.001, -0.001
3.208, -0.001, -0.000, -0.000
3.225, -0.000, 0.000, -0.001
3.242, -0.000, 0.001, 0.000
3.258, 0.000, 0.001, -0.001
3.275, -0.001, -0.001, 0.003
3.292, -0.001, 0.000, 0.002
3.308, -0.001, -0.001, 0.002
3.325, -0.001, 0.002, -0.002
3.342, -0.001, 0.000, 0.000
3.358, -0.001, 0.002, 0.001
3.375, 0.001, -0.001, -0.000
3.391, 0.000, -0.001, -0.002
3.408, 0.000, -0.000, -0.000
3.425, -0.000, -0.000, 0.000
3.442, -0.000, 0.000, -0.000
3.458, -0.001, -0.001, -0.001
3.475, -0.000, 0.000, 0.001
3.491, 0.001, -0.001, 0.001
3.508, 0.000, 0.001, 0.001
3.525, 0.001, -0.000, -0.000
3.542, 0.000, -0.001, -0.001
3.558, 0.001, 0.000, 0.000
3.575, -0.001, -0.000, -0.001
3.591, -0.001, -0.001, 0.001
3.608, -0.000, -0.001, 0.002
3.625, -0.001, -0.001, 0.001
3.641, -0.000, 0.000, -0.002
3.658, -0.001, -0.000, -0.001
3.675, 0.001, -0.002, -0.000
3.692, 0.001, -0.001, -0.000
3.708, 0.000, -0.002, 0.000
3.725, 0.001, -0.001, -0.001
3.742, 0.001, -0.001, -0.001
3.758, 0.001, -0.001, -0.002
3.775, -0.000, -0.000, -0.001
3.791, 0.000, -0.001, -0.001
3.808, 0.000, -0.000, -0.000
3.825, 0.001, -0.001, -0.000
3.842, 0.000, -0.001, -0.001
3.858, 0.001, -0.001, -0.000
3.875, 0.001, -0.000, 0.000
3.892, 0.001, -0.001, 0.000
3.908, 0.001, -0.001, 0.000
3.925, 0.000, -0.000, -0.000
3.942, 0.000, 0.000, -0.000
3.958, -0.000, 0.000, -0.001
3.975, -0.000, 0.000, -0.001
3.992, 0.000, -0.001, 0.001
4.008, 0.001, -0.000, 0.001
4.025, 0.000, -0.001, 0.002
4.042, -0.000, -0.001, -0.001
4.058, -0.001, 0.000, 0.000
4.075, -0.001, 0.001, -0.000
4.092, -0.000, -0.000, 0.000
4.108, -0.000, -0.000, -0.000
4.125, 0.001, -0.002, -0.000
4.142, 0.000, 0.000, 0.000
4.158, -0.000, -0.002, 0.000
4.175, -0.000, 0.001, -0.001
4.192, 0.000, 0.001, -0.000
4.208, 0.001, 0.001, -0.001
4.225, 0.000, -0.002, 0.003
4.242, 0.000, -0.001, 0.002
4.258, 0.001, -0.002, 0.002
4.275, 0.001, 0.001, 0.001
4.292, 0.001, 0.000, 0.001
4.308, -0.000, 0.001, 0.001
4.325, 0.001, 0.001, 0.001
4.342, 0.000, 0.001, 0.001
4.358, 0.001, 0.001, 0.002
4.375, 0.001, -0.001, 0.000
4.392, 0.001, -0.001, 0.000
4.408, 0.001, -0.000, 0.001
4.425, 0.001, 0.001, 0.001
4.442, 0.000, 0.001, 0.002
4.458, 0.001, 0.000, -0.000
4.475, -0.000, -0.001, 0.002
4.491, -0.000, -0.000, 0.001
4.508, -0.000, -0.000, 0.001
4.525, 0.001, 0.000, -0.000
4.542, 0.000, -0.000, 0.001
4.558, 0.001, -0.000, 0.002
4.575, 0.000, 0.000, 0.001
4.592, 0.000, 0.001, 0.000
4.609, -0.000, 0.000, -0.000
4.628, 0.000, -0.001, 0.000
4.642, 0.000, 0.000, 0.002
4.660, 0.001, -0.001, 0.001
4.675, -0.000, -0.000, 0.000
4.692, 0.000, 0.001, 0.001
4.708, 0.000, -0.000, 0.001
4.725, 0.000, -0.000, -0.000
4.742, 0.000, -0.001, 0.000
4.759, -0.000, 0.001, 0.000
4.775, 0.000, -0.001, 0.001
4.792, 0.000, -0.000, 0.000
4.809, 0.001, -0.001, 0.001
4.825, -0.000, 0.001, 0.001
4.842, 0.000, 0.000, 0.000
4.859, -0.000, 0.001, -0.000
4.875, 0.000, 0.000, 0.001
4.892, -0.000, 0.000, 0.000
4.908, 0.000, 0.000, 0.001
4.925, -0.000, 0.001, -0.000
4.942, 0.000, -0.001, 0.001
4.958, 0.000, 0.000, 0.001
4.975, -0.001, 0.000, -0.001
4.993, -0.001, -0.000, -0.001
5.009, -0.001, 0.001, -0.000
5.026, -0.001, 0.000, -0.001
5.042, -0.001, -0.001, -0.001
5.059, -0.000, 0.000, -0.001
5.076, -0.000, -0.001, -0.001
5.092, 0.000, -0.000, -0.001
5.109, -0.001, -0.000, -0.001
5.125, 0.000, -0.001, -0.001
5.142, 0.000, -0.000, -0.001
5.158, 0.001, -0.001, -0.001
5.175, 0.000, -0.002, -0.001
5.192, -0.001, 0.001, 0.000
5.209, -0.001, 0.002, 0.000
5.225, -0.000, 0.001, -0.000
5.242, -0.000, -0.002, -0.001
5.259, 0.000, -0.001, -0.002
5.275, 0.000, -0.000, 0.000
5.292, -0.000, 0.000, 0.001
5.309, -0.001, 0.000, 0.000
5.325, -0.001, 0.001, 0.003
5.342, 0.000, 0.000, 0.000
5.358, 0.000, 0.000, 0.001
5.375, -0.000, 0.000, -0.001
5.392, 0.001, -0.002, -0.000
5.408, 0.000, -0.001, 0.000
5.425, 0.001, -0.002, 0.000
5.442, 0.000, -0.000, -0.001
5.458, 0.000, -0.001, -0.001
5.475, 0.000, -0.001, -0.000
5.492, 0.000, -0.001, 0.001
5.508, 0.001, -0.001, 0.001
5.525, 0.000, 0.000, 0.000
5.542, 0.000, -0.000, -0.001
5.558, -0.000, -0.000, -0.001
5.575, 0.000, 0.001, 0.001
5.591, 0.000, 0.000, -0.000
5.608, 0.000, 0.000, 0.000
5.625, -0.001, -0.000, 0.000
5.641, -0.000, 0.000, 0.001
5.658, -0.000, -0.000, 0.000
5.675, -0.000, -0.001, 0.001
5.691, -0.001, 0.000, 0.001
5.708, -0.000, -0.000, 0.000
5.725, -0.000, 0.002, 0.000
5.741, -0.000, 0.001, 0.001
5.758, -0.000, 0.001, 0.001
5.775, 0.000, 0.002, 0.001
5.791, 0.000, 0.001, 0.001
5.808, 0.000, 0.002, 0.000
5.825, -0.001, 0.001, 0.001
5.841, -0.000, 0.001, 0.001
5.858, -0.001, 0.000, 0.002
5.875, -0.000, 0.001, 0.001
5.891, -0.000, -0.000, -0.002
5.908, 0.000, 0.000, -0.001
5.925, 0.000, -0.002, -0.000
5.941, 0.000, -0.000, 0.001
5.958, -0.000, 0.001, 0.001
5.975, 0.000, 0.001, 0.000
5.992, 0.000, 0.001, 0.001
6.008, 0.000, 0.000, 0.000
6.025, 0.000, 0.001, 0.000
6.042, 0.000, 0.000, 0.000
6.058, -0.000, 0.001, 0.000
6.075, -0.000, 0.000, 0.000
6.092, -0.001, 0.001, 0.001
6.108, -0.001, 0.000, 0.001
6.125, 0.001, -0.001, 0.000
6.141, 0.001, -0.002, -0.001
6.158, 0.001, -0.000, -0.001
6.175, 0.000, -0.001, 0.000
6.192, 0.001, -0.000, 0.002
6.208, 0.001, -0.002, 0.001
6.225, -0.001, 0.001, -0.001
6.241, -0.001, 0.001, -0.000
6.258, -0.001, 0.001, -0.000
6.275, 0.001, 0.000, 0.001
6.292, 0.000, -0.000, -0.000
6.308, 0.000, 0.000, 0.000
6.325, 0.000, -0.000, 0.001
6.341, 0.000, 0.000, 0.001
6.358, -0.000, -0.001, 0.001
6.375, 0.000, -0.002, -0.001
6.392, 0.001, -0.000, 0.001
6.408, 0.001, -0.001, -0.000
6.425, 0.001, 0.001, 0.001
6.441, -0.000, -0.002, 0.001
6.458, -0.000, 0.001, 0.001
6.475, -0.001, 0.002, 0.001
6.491, -0.000, -0.001, -0.001
6.509, 0.000, 0.000, 0.000
6.525, 0.000, 0.000, 0.000
6.542, 0.000, 0.001, -0.001
6.558, 0.000, 0.001, 0.000
6.575, -0.000, -0.002, -0.001
6.592, -0.000, -0.000, 0.000
6.609, -0.000, -0.001, -0.001
6.625, -0.000, 0.001, 0.000
6.642, 0.001, -0.000, 0.002
6.659, 0.000, 0.001, 0.001
6.675, 0.000, -0.001, 0.001
6.691, -0.000, -0.001, -0.001
6.708, 0.000, -0.001, 0.000
6.725, 0.001, -0.001, 0.001
6.742, 0.001, -0.001, 0.000
6.758, 0.000, -0.001, 0.000
6.775, -0.000, 0.000, 0.000
6.791, -0.001, 0.000, -0.000
6.808, -0.001, -0.000, 0.001
6.825, 0.001, -0.002, -0.001
6.841, 0.001, -0.001, 0.000
6.858, 0.001, -0.001, -0.001
6.875, 0.001, -0.001, 0.000
6.891, 0.001, -0.001, -0.001
6.908, 0.001, -0.001, -0.000
6.925, 0.001, 0.001, 0.002
6.941, 0.001, -0.001, 0.000
6.958, 0.001, 0.001, 0.001
6.975, 0.000, 0.000, 0.001
6.992, 0.001, -0.000, 0.000
7.008, 0.001, -0.000, 0.001
7.025, -0.000, -0.001, -0.002
7.041, -0.000, 0.000, 0.000
7.058, -0.001, -0.001, -0.000
7.075, -0.000, -0.000, -0.001
7.091, 0.001, 0.000, -0.000
7.108, 0.001, 0.000, -0.002
7.125, 0.002, -0.001, 0.002
7.141, 0.001, -0.001, 0.000
7.158, 0.001, -0.001, 0.000
7.175, -0.001, 0.000, -0.001
7.192, -0.000, -0.001, 0.001
7.208, 0.000, -0.000, 0.000
7.225, -0.000, -0.001, 0.000
7.242, 0.000, 0.001, -0.001
7.258, -0.001, -0.001, 0.000
7.275, -0.001, 0.002, -0.000
7.291, 0.000, 0.002, 0.000
7.308, -0.000, 0.000, 0.000
7.325, 0.001, 0.001, 0.000
7.342, 0.001, 0.002, -0.000
7.358, 0.001, 0.003, -0.001
7.375, -0.001, 0.002, 0.000
7.392, -0.000, 0.001, 0.001
7.408, -0.000, 0.002, 0.001
7.425, 0.001, -0.001, 0.001
7.442, -0.000, -0.001, 0.002
7.458, 0.001, -0.001, 0.001
7.475, -0.000, 0.000, 0.000
7.491, -0.000, 0.001, -0.001
7.508, -0.001, 0.001, 0.001
7.525, 0.000, 0.000, 0.000
7.542, 0.001, -0.001, -0.000
7.558, 0.001, -0.001, 0.001
7.575, -0.001, -0.002, -0.000
7.592, 0.000, 0.000, 0.001
7.608, 0.001, 0.002, -0.001
7.625, 0.001, 0.002, 0.002
7.641, -0.001, 0.000, 0.002
7.658, -0.002, -0.001, 0.002
7.675, -0.000, -0.001, -0.002
7.691, 0.000, 0.000, -0.000
7.708, 0.001, 0.000, -0.000
7.725, 0.000, -0.001, -0.001
7.741, -0.001, -0.001, -0.002
7.758, -0.000, 0.000, -0.000
7.775, -0.001, -0.001, 0.000
7.792, 0.000, -0.000, -0.001
7.808, -0.000, -0.002, -0.001
7.825, 0.000, 0.001, 0.001
7.842, 0.000, 0.001, 0.001
7.859, -0.000, 0.002, 0.002
7.875, -0.001, 0.000, 0.000
7.892, -0.002, -0.000, 0.000
7.908, -0.003, 0.002, -0.001
7.925, -0.003, 0.004, -0.003
7.942, -0.002, 0.004, -0.002
7.958, 0.001, 0.004, -0.002
7.975, 0.004, 0.002, 0.001
7.992, 0.006, 0.001, 0.001
8.008, 0.008, -0.002, 0.002
8.025, 0.008, -0.001, 0.000
8.041, 0.009, -0.002, -0.000
8.058, 0.010, 0.002, 0.002
8.075, 0.012, 0.001, 0.005
8.091, 0.014, 0.002, 0.004
8.108, 0.016, 0.006, 0.004
8.125, 0.020, 0.005, 0.004
8.141, 0.022, 0.008, 0.010
8.158, 0.028, 0.006, 0.013
8.175, 0.030, 0.012, 0.016
8.192, 0.033, 0.012, 0.020
8.208, 0.035, 0.012, 0.027
8.225, 0.037, 0.013, 0.039
8.242, 0.039, 0.015, 0.039
8.258, 0.044, 0.023, 0.049
8.275, 0.046, 0.021, 0.043
8.292, 0.049, 0.023, 0.047
8.308, 0.049, 0.021, 0.052
8.325, 0.054, 0.028, 0.062
8.342, 0.055, 0.031, 0.063
8.358, 0.057, 0.032, 0.068
8.375, 0.064, 0.028, 0.082
8.391, 0.065, 0.031, 0.089
8.408, 0.069, 0.035, 0.096
8.425, 0.063, 0.041, 0.090
8.441, 0.060, 0.037, 0.097
8.458, 0.063, 0.036, 0.103
8.475, 0.070, 0.039, 0.111
8.492, 0.074, 0.041, 0.117
8.508, 0.079, 0.048, 0.133
8.525, 0.072, 0.045, 0.140
8.541, 0.077, 0.050, 0.151
8.558, 0.078, 0.046, 0.159
8.575, 0.086, 0.051, 0.172
8.592, 0.090, 0.046, 0.180
8.608, 0.096, 0.052, 0.192
8.625, 0.092, 0.050, 0.197
8.642, 0.091, 0.051, 0.204
8.658, 0.094, 0.046, 0.219
8.675, 0.102, 0.040, 0.219
8.691, 0.101, 0.050, 0.235
8.708, 0.097, 0.054, 0.239
8.725, 0.094, 0.072, 0.263
8.742, 0.094, 0.072, 0.256
8.758, 0.094, 0.081, 0.269
8.775, 0.086, 0.084, 0.267
8.792, 0.085, 0.092, 0.275
8.808, 0.076, 0.107, 0.274
8.825, 0.073, 0.118, 0.274
8.842, 0.061, 0.134, 0.271
8.858, 0.050, 0.153, 0.262
8.875, 0.041, 0.177, 0.262
8.892, 0.035, 0.190, 0.265
8.908, 0.021, 0.214, 0.263
8.925, 0.011, 0.223, 0.252
8.942, 0.006, 0.232, 0.239
8.958, -0.015, 0.261, 0.235
8.975, -0.021, 0.285, 0.236
8.992, -0.036, 0.310, 0.240
9.008, -0.050, 0.335, 0.235
9.025, -0.068, 0.345, 0.236
9.042, -0.081, 0.368, 0.231
9.058, -0.101, 0.391, 0.233
9.075, -0.121, 0.427, 0.235
9.091, -0.134, 0.442, 0.233
9.109, -0.158, 0.486, 0.236
9.125, -0.162, 0.482, 0.222
9.142, -0.180, 0.506, 0.227
9.158, -0.198, 0.522, 0.220
9.175, -0.216, 0.546, 0.221
9.192, -0.231, 0.562, 0.220
9.208, -0.260, 0.601, 0.222
9.225, -0.271, 0.614, 0.216
9.242, -0.289, 0.633, 0.216
9.258, -0.305, 0.638, 0.210
9.275, -0.322, 0.663, 0.214
9.292, -0.330, 0.670, 0.210
9.308, -0.348, 0.691, 0.205
9.325, -0.367, 0.706, 0.202
9.342, -0.377, 0.717, 0.196
9.358, -0.403, 0.746, 0.203
9.375, -0.401, 0.733, 0.196
9.392, -0.413, 0.744, 0.193
9.408, -0.423, 0.750, 0.189
9.426, -0.430, 0.760, 0.182
9.442, -0.435, 0.759, 0.180
9.458, -0.445, 0.765, 0.173
9.475, -0.451, 0.764, 0.172
9.492, -0.458, 0.774, 0.170
9.508, -0.453, 0.762, 0.160
9.525, -0.462, 0.771, 0.162
9.542, -0.452, 0.756, 0.153
9.558, -0.453, 0.751, 0.147
9.575, -0.458, 0.749, 0.153
9.592, -0.464, 0.745, 0.151
9.608, -0.454, 0.726, 0.149
9.625, -0.451, 0.737, 0.128
9.642, -0.447, 0.721, 0.128
9.658, -0.450, 0.721, 0.127
9.675, -0.429, 0.674, 0.135
9.691, -0.428, 0.675, 0.129
9.708, -0.408, 0.635, 0.125
9.725, -0.407, 0.634, 0.121
9.742, -0.390, 0.612, 0.121
9.758, -0.384, 0.601, 0.122
9.775, -0.375, 0.578, 0.116
9.791, -0.371, 0.563, 0.115
9.808, -0.351, 0.533, 0.106
9.825, -0.333, 0.509, 0.114
9.842, -0.324, 0.494, 0.110
9.858, -0.306, 0.462, 0.112
9.875, -0.297, 0.452, 0.105
9.891, -0.283, 0.423, 0.110
9.908, -0.262, 0.387, 0.113
9.925, -0.260, 0.392, 0.105
9.942, -0.245, 0.370, 0.105
9.958, -0.235, 0.361, 0.101
9.975, -0.214, 0.314, 0.106
9.992, -0.202, 0.298, 0.109
10.008, -0.183, 0.261, 0.108
10.025, -0.165, 0.256, 0.106
10.042, -0.157, 0.239, 0.104
10.058, -0.142, 0.220, 0.100
10.075, -0.138, 0.194, 0.104
10.092, -0.121, 0.168, 0.100
10.108, -0.106, 0.146, 0.104
10.125, -0.098, 0.129, 0.108
10.141, -0.094, 0.131, 0.102
10.158, -0.080, 0.110, 0.097
10.175, -0.070, 0.103, 0.097
10.191, -0.064, 0.090, 0.099
10.208, -0.053, 0.079, 0.089
10.225, -0.047, 0.062, 0.085
10.242, -0.041, 0.055, 0.086
10.258, -0.032, 0.034, 0.083
10.275, -0.022, 0.036, 0.073
10.292, -0.018, 0.031, 0.068
10.308, -0.011, 0.030, 0.062
10.325, -0.011, 0.027, 0.058
10.342, -0.005, 0.017, 0.060
10.358, 0.000, 0.006, 0.054
10.375, 0.004, -0.004, 0.059
10.392, 0.003, -0.000, 0.049
10.408, 0.007, -0.006, 0.048
10.425, 0.013, -0.005, 0.045
10.442, 0.015, -0.004, 0.040
10.459, 0.015, -0.006, 0.038
10.475, 0.014, -0.002, 0.021
10.492, 0.016, -0.010, 0.024
10.508, 0.020, -0.009, 0.019
10.525, 0.019, -0.018, 0.026
10.542, 0.017, -0.011, 0.020
10.558, 0.016, -0.008, 0.018
10.575, 0.017, -0.007, 0.016
10.592, 0.017, -0.012, 0.019
10.608, 0.017, -0.009, 0.017
10.625, 0.015, -0.010, 0.012
10.642, 0.013, -0.004, 0.009
10.658, 0.011, -0.003, 0.007
10.675, 0.010, -0.000, 0.010
10.692, 0.009, 0.002, 0.010
10.708, 0.007, 0.004, 0.010
10.725, 0.005, 0.004, 0.008
10.742, 0.004, 0.002, 0.010
10.759, -0.000, 0.008, 0.011
10.775, -0.002, 0.009, 0.010
10.792, -0.003, 0.014, 0.005
10.808, -0.003, 0.018, 0.003
10.825, -0.004, 0.021, 0.003
10.842, -0.008, 0.027, 0.004
10.858, -0.008, 0.024, 0.006
10.875, -0.015, 0.030, 0.014
10.891, -0.015, 0.027, 0.013
10.908, -0.019, 0.038, 0.010
10.925, -0.015, 0.034, 0.010
10.942, -0.015, 0.039, 0.008
10.958, -0.018, 0.036, 0.018
10.975, -0.018, 0.049, 0.003
10.992, -0.020, 0.045, 0.008
11.008, -0.021, 0.051, 0.007
11.025, -0.023, 0.039, 0.025
11.042, -0.023, 0.052, 0.014
11.058, -0.025, 0.054, 0.016
11.075, -0.026, 0.061, 0.008
11.092, -0.026, 0.058, 0.016
11.108, -0.027, 0.062, 0.016
11.125, -0.026, 0.063, 0.014
11.142, -0.026, 0.062, 0.015
11.158, -0.025, 0.066, 0.014
11.175, -0.023, 0.061, 0.019
11.192, -0.026, 0.060, 0.021
11.208, -0.025, 0.058, 0.020
11.225, -0.026, 0.062, 0.025
11.242, -0.025, 0.062, 0.022
11.258, -0.021, 0.062, 0.018
11.275, -0.026, 0.068, 0.024
11.292, -0.024, 0.065, 0.024
11.308, -0.029, 0.061, 0.033
11.325, -0.020, 0.052, 0.021
11.342, -0.019, 0.053, 0.021
11.358, -0.014, 0.052, 0.010
11.375, -0.017, 0.059, 0.010
11.392, -0.015, 0.057, 0.006
11.408, -0.016, 0.048, 0.008
11.425, -0.016, 0.052, -0.001
11.441, -0.015, 0.049, 0.004
11.458, -0.012, 0.043, 0.001
11.475, -0.011, 0.052, -0.002
11.492, -0.006, 0.045, -0.011
11.508, -0.006, 0.054, -0.016
11.525, -0.003, 0.045, -0.007
11.542, -0.004, 0.048, -0.006
11.558, -0.004, 0.043, 0.001
11.575, -0.003, 0.037, -0.001
11.592, -0.005, 0.041, -0.001
11.608, -0.000, 0.034, -0.000
11.625, -0.002, 0.041, -0.003
11.641, 0.005, 0.032, -0.003
11.658, 0.002, 0.040, -0.011
11.675, 0.006, 0.034, -0.008
11.691, 0.002, 0.042, -0.003
11.708, 0.004, 0.043, -0.003
11.725, 0.004, 0.035, 0.001
11.742, 0.003, 0.032, 0.003
11.758, 0.002, 0.030, 0.001
11.775, 0.003, 0.029, 0.000
11.791, 0.004, 0.032, -0.007
11.808, 0.006, 0.028, -0.004
11.825, 0.005, 0.025, -0.003
11.841, 0.006, 0.018, 0.004
11.858, 0.004, 0.013, 0.004
11.875, 0.005, 0.015, 0.001
11.891, 0.004, 0.019, 0.005
11.908, 0.004, 0.028, -0.002
11.925, 0.003, 0.029, -0.002
11.942, 0.005, 0.020, -0.008
11.958, 0.005, 0.013, -0.003
11.975, 0.004, 0.008, -0.002
11.991, 0.002, 0.010, 0.001
12.008, 0.001, 0.010, -0.003
12.025, -0.002, 0.004, -0.003
12.042, -0.002, 0.003, -0.006
12.058, -0.003, 0.003, -0.003
12.075, 0.000, 0.004, -0.006
12.091, -0.000, 0.004, -0.007
12.108, 0.001, 0.006, -0.010
12.125, -0.005, 0.003, -0.005
12.141, -0.006, -0.001, -0.000
12.158, -0.007, -0.005, 0.002
12.175, -0.001, 0.003, -0.006
12.191, -0.002, 0.012, -0.019
12.208, -0.002, 0.011, -0.019
12.225, -0.003, 0.006, -0.021
12.242, -0.004, -0.002, -0.011
12.258, -0.004, -0.002, -0.015
12.275, -0.005, 0.009, -0.020
12.291, -0.005, 0.010, -0.021
12.308, -0.005, 0.006, -0.019
12.325, -0.004, -0.000, -0.012
12.342, -0.003, 0.001, -0.017
12.358, -0.005, 0.005, -0.017
12.375, -0.009, 0.008, -0.020
12.392, -0.008, 0.010, -0.026
12.408, -0.006, 0.012, -0.028
12.425, -0.002, 0.008, -0.028
12.442, -0.005, 0.001, -0.020
12.458, -0.005, -0.001, -0.020
12.475, -0.006, 0.000, -0.016
12.492, -0.005, 0.004, -0.016
12.508, -0.003, 0.008, -0.018
12.525, -0.001, 0.014, -0.022
12.542, -0.001, 0.016, -0.025
12.558, -0.000, 0.016, -0.022
12.575, -0.000, 0.011, -0.019
12.591, 0.001, 0.006, -0.015
12.608, 0.002, 0.008, -0.013
12.625, 0.001, 0.008, -0.011
12.642, 0.001, 0.016, -0.015
12.658, -0.001, 0.014, -0.011
12.675, 0.001, 0.021, -0.016
12.692, 0.000, 0.017, -0.009
12.708, 0.004, 0.010, -0.008
12.725, 0.002, 0.026, -0.017
12.742, 0.002, 0.026, -0.018
12.758, 0.003, 0.040, -0.025
12.775, 0.004, 0.005, 0.001
12.792, 0.003, 0.014, -0.004
12.808, 0.002, 0.005, 0.002
12.825, 0.005, 0.034, -0.018
12.842, 0.006, 0.031, -0.017
12.858, 0.008, 0.032, -0.015
12.875, 0.006, 0.026, -0.014
12.892, 0.005, 0.024, -0.012
12.909, 0.003, 0.023, -0.015
12.925, 0.003, 0.020, -0.006
12.942, 0.006, 0.011, -0.003
12.958, 0.006, 0.018, -0.008
12.975, 0.003, 0.019, -0.008
12.992, 0.002, 0.024, -0.011
13.009, 0.002, 0.014, -0.004
13.025, 0.002, 0.005, -0.004
13.042, -0.001, 0.018, -0.015
13.059, -0.002, 0.021, -0.017
13.075, -0.002, 0.031, -0.021
13.092, -0.001, 0.017, -0.012
13.109, 0.001, 0.016, -0.018
13.125, -0.002, 0.014, -0.011
13.142, -0.001, 0.016, -0.016
13.158, -0.005, 0.021, -0.019
13.175, -0.005, 0.012, -0.023
13.192, -0.007, 0.011, -0.020
13.209, -0.006, 0.006, -0.023
13.225, -0.004, 0.001, -0.030
13.242, -0.004, 0.005, -0.034
13.258, -0.008, -0.001, -0.027
13.275, -0.012, 0.013, -0.028
13.292, -0.011, 0.009, -0.027
13.308, -0.008, 0.015, -0.038
13.325, -0.014, 0.012, -0.036
13.342, -0.015, 0.012, -0.035
13.358, -0.017, 0.009, -0.033
13.375, -0.012, 0.007, -0.032
13.392, -0.014, 0.005, -0.030
13.408, -0.016, 0.015, -0.034
13.425, -0.017, 0.011, -0.034
13.442, -0.016, 0.015, -0.038
13.458, -0.017, 0.008, -0.033
13.475, -0.017, 0.009, -0.032
13.492, -0.018, 0.007, -0.033
13.508, -0.018, 0.003, -0.023
13.525, -0.021, 0.006, -0.028
13.541, -0.022, 0.010, -0.028
13.558, -0.021, 0.018, -0.036
13.575, -0.020, 0.007, -0.026
13.592, -0.019, 0.010, -0.025
13.608, -0.022, 0.015, -0.025
13.625, -0.022, 0.025, -0.033
13.642, -0.024, 0.018, -0.029
13.658, -0.023, 0.012, -0.023
13.675, -0.022, 0.009, -0.022
13.691, -0.025, 0.011, -0.023
13.708, -0.028, 0.013, -0.020
13.725, -0.028, 0.016, -0.019
13.742, -0.027, 0.015, -0.016
13.758, -0.026, 0.006, -0.010
13.775, -0.029, 0.005, -0.008
13.792, -0.031, 0.006, -0.005
13.808, -0.031, 0.015, -0.010
13.825, -0.032, 0.007, -0.007
13.842, -0.031, 0.009, -0.008
13.858, -0.031, 0.004, -0.007
13.875, -0.030, 0.014, -0.007
13.892, -0.029, 0.008, -0.008
13.908, -0.029, 0.007, -0.006
13.925, -0.029, 0.002, -0.005
13.942, -0.027, -0.001, -0.010
13.958, -0.030, -0.001, -0.007
13.975, -0.031, 0.003, -0.012
13.992, -0.030, 0.003, -0.011
14.008, -0.028, -0.001, -0.013
14.025, -0.026, -0.012, -0.002
14.042, -0.026, -0.011, -0.000
14.058, -0.022, -0.010, -0.003
14.075, -0.020, -0.008, -0.006
14.092, -0.022, -0.021, 0.005
14.109, -0.019, -0.016, 0.005
14.125, -0.018, -0.019, 0.005
14.142, -0.012, -0.005, -0.002
14.158, -0.011, -0.012, 0.002
14.175, -0.010, -0.020, 0.010
14.192, -0.008, -0.012, -0.001
14.208, -0.009, -0.016, 0.004
14.225, -0.008, -0.000, -0.005
14.242, -0.008, -0.010, 0.004
14.258, -0.008, -0.010, 0.004
14.275, -0.005, -0.018, 0.005
14.291, -0.005, -0.022, 0.009
14.308, -0.005, -0.035, 0.005
14.325, -0.010, -0.037, 0.015
14.342, -0.012, -0.032, 0.013
14.358, -0.009, -0.028, 0.016
14.375, -0.006, -0.024, 0.008
14.391, -0.008, -0.027, 0.007
14.408, -0.011, -0.023, 0.001
14.425, -0.013, -0.016, -0.005
14.441, -0.011, -0.031, 0.000
14.458, -0.011, -0.025, -0.003
14.475, -0.011, -0.028, -0.003
14.491, -0.013, -0.022, -0.006
14.508, -0.013, -0.030, -0.006
14.525, -0.012, -0.036, -0.002
14.542, -0.013, -0.035, -0.004
14.558, -0.015, -0.031, -0.004
14.575, -0.018, -0.028, -0.004
14.592, -0.017, -0.031, -0.003
14.608, -0.017, -0.031, -0.001
14.625, -0.019, -0.038, 0.002
14.642, -0.019, -0.028, -0.000
14.659, -0.018, -0.027, 0.000
14.675, -0.014, -0.034, -0.004
14.692, -0.016, -0.038, 0.001
14.708, -0.014, -0.037, -0.004
14.725, -0.013, -0.018, -0.011
14.742, -0.011, -0.014, -0.012
14.758, -0.012, -0.017, -0.010
14.775, -0.013, -0.029, -0.003
14.792, -0.012, -0.032, 0.001
14.808, -0.011, -0.028, -0.002
14.825, -0.010, -0.018, -0.005
14.842, -0.007, -0.009, -0.017
14.858, -0.003, -0.011, -0.017
14.875, -0.003, -0.013, -0.016
14.891, -0.004, -0.012, -0.013
14.908, -0.002, -0.013, -0.009
14.925, 0.001, -0.013, -0.014
14.942, 0.001, -0.026, -0.010
14.958, 0.003, -0.016, -0.022
14.975, 0.005, -0.017, -0.021
14.991, 0.008, -0.001, -0.039
15.008, 0.011, -0.003, -0.044
15.025, 0.010, 0.009, -0.050
15.041, 0.013, 0.005, -0.050
15.058, 0.012, 0.013, -0.053
15.075, 0.018, 0.008, -0.057
15.092, 0.019, 0.018, -0.052
15.108, 0.025, 0.020, -0.051
15.125, 0.025, 0.021, -0.054
15.142, 0.026, 0.018, -0.053
15.159, 0.030, 0.023, -0.061
15.175, 0.032, 0.028, -0.058
15.192, 0.040, 0.038, -0.069
15.208, 0.038, 0.034, -0.054
15.225, 0.040, 0.037, -0.055
15.242, 0.038, 0.032, -0.052
15.258, 0.045, 0.040, -0.059
15.275, 0.045, 0.044, -0.059
15.291, 0.045, 0.038, -0.050
15.308, 0.046, 0.048, -0.060
15.325, 0.044, 0.036, -0.048
15.342, 0.045, 0.049, -0.051
15.358, 0.046, 0.038, -0.040
15.375, 0.048, 0.049, -0.046
15.392, 0.051, 0.048, -0.047
15.408, 0.046, 0.049, -0.043
15.425, 0.046, 0.051, -0.042
15.442, 0.040, 0.053, -0.039
15.458, 0.041, 0.056, -0.038
15.475, 0.039, 0.050, -0.028
15.492, 0.038, 0.043, -0.025
15.508, 0.037, 0.043, -0.020
15.525, 0.032, 0.059, -0.033
15.542, 0.032, 0.056, -0.028
15.558, 0.026, 0.057, -0.027
15.575, 0.027, 0.034, -0.009
15.592, 0.026, 0.036, -0.010
15.608, 0.024, 0.037, -0.010
15.625, 0.026, 0.037, -0.016
15.642, 0.022, 0.034, -0.009
15.658, 0.021, 0.022, 0.003
15.675, 0.017, 0.025, 0.004
15.692, 0.016, 0.025, 0.007
15.709, 0.012, 0.024, 0.007
15.725, 0.009, 0.016, 0.012
15.741, 0.007, 0.013, 0.015
15.758, 0.001, 0.009, 0.011
15.776, -0.000, 0.012, 0.008
15.792, -0.002, 0.008, 0.003
15.808, -0.002, -0.001, -0.006
15.825, -0.004, -0.005, -0.007
15.842, -0.001, -0.020, -0.004
15.859, -0.006, -0.031, -0.002
15.875, -0.006, -0.021, -0.019
15.891, -0.011, -0.011, -0.027
15.908, -0.011, -0.009, -0.039
15.925, -0.009, -0.026, -0.039
15.942, -0.008, -0.030, -0.043
15.958, -0.005, -0.034, -0.053
15.975, -0.006, -0.036, -0.057
15.991, -0.007, -0.045, -0.057
16.008, -0.006, -0.046, -0.065
16.025, -0.007, -0.040, -0.067
16.041, -0.002, -0.039, -0.078
16.058, -0.000, -0.032, -0.087
16.075, 0.003, -0.046, -0.089
16.092, 0.001, -0.039, -0.095
16.108, 0.004, -0.046, -0.099
16.125, 0.005, -0.035, -0.115
16.142, 0.007, -0.042, -0.117
16.158, 0.010, -0.036, -0.130
16.175, 0.008, -0.040, -0.126
16.191, 0.009, -0.028, -0.132
16.208, 0.007, -0.035, -0.132
16.225, 0.013, -0.024, -0.142
16.241, 0.011, -0.028, -0.149
16.258, 0.014, -0.028, -0.153
16.275, 0.013, -0.034, -0.154
16.292, 0.012, -0.038, -0.151
16.308, 0.009, -0.038, -0.150
16.325, 0.004, -0.034, -0.145
16.342, 0.009, -0.029, -0.155
16.358, 0.009, -0.027, -0.163
16.375, 0.012, -0.052, -0.149
16.392, 0.010, -0.047, -0.149
16.409, 0.008, -0.045, -0.147
16.425, 0.001, -0.035, -0.153
16.442, -0.000, -0.041, -0.148
16.458, -0.002, -0.036, -0.141
16.475, 0.003, -0.031, -0.158
16.492, 0.002, -0.032, -0.156
16.508, -0.000, -0.031, -0.155
16.525, -0.000, -0.031, -0.151
16.541, -0.001, -0.035, -0.148
16.558, 0.001, -0.032, -0.139
16.575, -0.003, -0.017, -0.156
16.591, -0.004, -0.012, -0.152
16.608, -0.007, -0.008, -0.156
16.625, -0.007, -0.023, -0.132
16.642, -0.008, -0.016, -0.130
16.658, -0.008, -0.021, -0.121
16.675, -0.010, -0.020, -0.116
16.691, -0.009, -0.026, -0.112
16.708, -0.009, -0.015, -0.118
16.725, -0.010, -0.023, -0.100
16.742, -0.010, -0.022, -0.096
16.758, -0.014, -0.031, -0.087
16.775, -0.011, -0.028, -0.096
16.792, -0.010, -0.025, -0.104
16.808, -0.012, -0.030, -0.100
16.825, -0.016, -0.023, -0.096
16.841, -0.018, -0.024, -0.096
16.858, -0.016, -0.026, -0.095
16.875, -0.015, -0.034, -0.092
16.892, -0.019, -0.034, -0.082
16.908, -0.021, -0.032, -0.086
16.925, -0.018, -0.013, -0.103
16.941, -0.014, -0.022, -0.101
16.958, -0.015, -0.026, -0.097
16.975, -0.011, -0.041, -0.078
16.992, -0.014, -0.039, -0.082
17.008, -0.012, -0.035, -0.083
17.025, -0.020, -0.041, -0.093
17.042, -0.019, -0.034, -0.099
17.058, -0.017, -0.041, -0.094
17.075, -0.013, -0.041, -0.090
17.092, -0.012, -0.044, -0.085
17.108, -0.011, -0.049, -0.087
17.125, -0.009, -0.045, -0.089
17.142, -0.007, -0.046, -0.095
17.158, -0.003, -0.047, -0.095
17.175, -0.008, -0.039, -0.098
17.192, -0.004, -0.038, -0.098
17.208, -0.004, -0.035, -0.095
17.225, 0.001, -0.047, -0.084
17.242, 0.002, -0.056, -0.082
17.258, 0.005, -0.046, -0.092
17.275, 0.006, -0.041, -0.095
17.291, 0.003, -0.032, -0.088
17.308, 0.003, -0.053, -0.076
17.325, 0.006, -0.026, -0.091
17.342, 0.007, -0.026, -0.090
17.358, 0.005, -0.005, -0.097
17.375, 0.004, -0.026, -0.081
17.391, 0.004, -0.027, -0.082
17.409, 0.006, -0.028, -0.077
17.425, -0.001, -0.019, -0.079
17.442, -0.001, -0.021, -0.073
17.458, -0.002, -0.004, -0.081
17.475, -0.000, -0.012, -0.070
17.492, -0.003, -0.002, -0.074
17.508, -0.005, -0.011, -0.064
17.525, -0.002, -0.003, -0.073
17.541, -0.001, -0.002, -0.072
17.558, -0.004, 0.008, -0.075
17.575, -0.003, 0.008, -0.075
17.591, -0.005, 0.007, -0.074
17.608, -0.001, 0.013, -0.078
17.625, -0.002, 0.005, -0.075
17.642, -0.001, 0.035, -0.096
17.658, -0.000, 0.031, -0.098
17.675, -0.001, 0.044, -0.098
17.692, 0.000, 0.022, -0.084
17.708, 0.003, 0.023, -0.084
17.725, 0.003, 0.035, -0.099
17.742, 0.004, 0.044, -0.099
17.758, 0.004, 0.048, -0.092
17.775, 0.004, 0.031, -0.073
17.792, 0.007, 0.027, -0.070
17.808, 0.008, 0.025, -0.064
17.825, 0.012, 0.030, -0.063
17.842, 0.016, 0.029, -0.068
17.858, 0.017, 0.025, -0.062
17.875, 0.014, 0.008, -0.064
17.892, 0.015, 0.005, -0.081
17.908, 0.019, 0.006, -0.145
17.925, 0.027, 0.004, -0.221
17.942, 0.024, -0.009, -0.270
17.958, 0.024, -0.019, -0.389
17.975, 0.025, -0.015, -0.454
17.992, 0.026, -0.019, -0.545
18.008, 0.025, -0.031, -0.686
18.025, 0.029, -0.044, -0.786
18.042, 0.022, -0.036, -0.882
18.058, -0.006, 0.089, -0.568
18.075, -0.018, 0.125, -0.267
18.092, -0.016, 0.133, 0.038
18.108, 0.024, 0.048, 0.066
18.125, 0.040, 0.037, -0.020
18.142, 0.052, 0.063, -0.099
18.158, 0.041, 0.048, -0.114
18.175, 0.021, 0.035, -0.073
18.192, 0.006, -0.004, -0.031
18.208, 0.002, -0.008, -0.008
18.225, 0.005, -0.006, -0.009
18.242, 0.005, 0.002, -0.000
18.259, -0.001, -0.003, -0.003
18.275, 0.000, 0.001, 0.001
18.292, 0.001, 0.000, 0.001
18.308, -0.001, -0.001, -0.001
18.325, 0.000, -0.000, 0.000
18.342, 0.000, -0.003, -0.003
18.358, 0.000, -0.001, -0.002
18.375, 0.000, -0.002, -0.001
18.392, -0.000, 0.000, 0.000
18.409, -0.000, -0.001, -0.001
18.425, -0.001, 0.001, -0.001
18.442, -0.000, 0.001, 0.000
18.458, -0.000, 0.001, 0.001
18.475, -0.000, 0.002, 0.001
18.491, -0.000, 0.001, 0.001
18.508, -0.000, 0.001, 0.001
18.525, 0.000, 0.001, -0.001
18.541, 0.000, -0.000, -0.002
18.558, 0.000, 0.001, -0.001
18.575, -0.000, 0.001, 0.002
18.592, 0.000, 0.002, 0.003
18.609, 0.000, 0.002, 0.001
18.625, 0.000, 0.000, -0.002
18.642, 0.000, 0.002, 0.001
18.659, 0.000, -0.001, -0.000
18.675, -0.000, -0.001, 0.001
18.691, -0.000, 0.000, -0.000
18.709, -0.000, 0.000, 0.000
18.725, 0.000, 0.001, -0.001
18.742, -0.000, 0.000, -0.000
18.758, -0.000, 0.001, -0.001
18.775, -0.000, 0.000, -0.000
18.792, -0.000, 0.002, 0.001
18.809, -0.000, 0.000, -0.000
18.825, 0.000, 0.001, 0.001
18.842, 0.000, 0.004, 0.000
18.859, 0.000, 0.001, -0.001
18.875, 0.000, 0.002, -0.002
18.891, -0.000, -0.001, -0.000
18.908, 0.000, 0.001, 0.000
18.925, 0.000, 0.001, 0.002
18.942, 0.000, 0.000, -0.001
18.958, 0.000, 0.001, 0.001
18.975, 0.000, -0.000, -0.001
18.991, -0.000, 0.001, 0.000
19.008, 0.000, -0.000, 0.000
19.025, -0.000, -0.001, -0.000
19.041, 0.001, -0.000, 0.000
19.058, -0.000, 0.001, -0.000
19.075, 0.000, 0.001, 0.001
19.091, -0.000, 0.000, 0.001
19.108, 0.000, 0.001, 0.001
19.125, 0.000, 0.000, 0.001
19.142, -0.000, -0.001, -0.001
19.158, -0.000, -0.000, -0.000
19.175, -0.000, -0.000, -0.001
19.191, 0.000, 0.000, -0.001
19.208, 0.000, -0.000, -0.001
19.225, -0.001, -0.003, -0.003
19.242, -0.001, -0.001, -0.001
19.258, -0.001, -0.002, -0.001
19.275, 0.000, 0.000, 0.000
19.291, 0.001, 0.001, 0.001
19.308, 0.001, 0.002, 0.002
19.325, 0.001, 0.000, -0.000
19.341, -0.000, -0.001, -0.002
19.358, -0.000, -0.001, -0.002
19.375, -0.001, -0.000, -0.000
19.392, -0.001, -0.001, -0.000
19.408, -0.000, -0.001, -0.001
19.425, 0.000, 0.000, 0.000
19.441, 0.000, -0.001, -0.000
19.458, 0.000, 0.000, 0.001
19.475, 0.000, 0.000, 0.000
19.492, 0.000, -0.001, -0.001
19.508, 0.000, 0.001, 0.001
19.525, -0.000, -0.001, -0.001
19.542, -0.001, -0.001, -0.001
19.558, -0.000, 0.001, -0.001
19.575, -0.000, -0.001, -0.001
19.592, -0.000, -0.001, -0.001
19.608, -0.000, -0.003, -0.001
19.625, -0.000, -0.001, -0.001
19.641, -0.000, -0.001, -0.002
19.658, 0.000, -0.001, -0.002
19.675, -0.001, -0.001, 0.001
19.691, -0.001, -0.001, 0.001
19.708, -0.001, -0.001, -0.000
19.725, 0.001, 0.002, -0.001
19.742, 0.000, 0.001, -0.001
19.758, 0.000, 0.001, -0.000
19.775, -0.000, 0.001, 0.002
19.791, -0.000, 0.002, 0.001
19.808, -0.000, 0.002, 0.001
19.825, -0.000, 0.001, 0.000
19.842, 0.000, 0.000, 0.002
19.858, -0.000, -0.000, 0.000
19.875, 0.001, -0.001, 0.000
19.892, 0.000, 0.000, 0.000
19.908, 0.000, 0.000, 0.001
19.925, -0.000, 0.001, 0.001
19.942, 0.000, -0.000, -0.001
19.958, -0.000, 0.001, -0.000
19.975, 0.000, -0.000, -0.000
19.991, -0.001, -0.001, -0.003
20.008, -0.000, -0.001, -0.002
20.025, -0.001, -0.000, -0.001
20.042, -0.000, 0.001, 0.002
20.058, -0.000, 0.000, 0.000
20.075, -0.000, 0.001, -0.000
20.091, 0.000, -0.000, 0.001
20.108, -0.000, -0.000, 0.000
20.125, 0.000, 0.001, -0.000
20.141, 0.000, 0.001, 0.000
20.158, 0.000, 0.001, -0.000
20.175, -0.000, -0.000, 0.001
20.191, -0.000, 0.001, 0.001
20.208, -0.000, 0.001, 0.000
20.225, 0.000, -0.001, 0.000
20.241, 0.000, 0.001, 0.002
20.258, 0.000, -0.001, -0.000
20.275, 0.000, 0.001, 0.002
20.291, 0.000, 0.001, 0.003
20.308, 0.001, 0.000, 0.002
20.325, 0.000, 0.000, 0.001
20.342, -0.000, 0.001, -0.001
20.358, -0.000, 0.001, 0.000
20.375, -0.000, 0.002, 0.002
20.392, 0.000, 0.001, 0.001
20.408, 0.000, 0.002, 0.003
20.425, -0.000, 0.001, 0.001
20.442, 0.000, 0.001, 0.002
20.458, -0.000, 0.001, 0.001
20.475, 0.001, -0.000, 0.001
20.492, 0.001, -0.000, 0.002
20.508, 0.000, -0.000, 0.001
20.525, 0.000, 0.001, 0.001
20.542, 0.000, 0.000, 0.000
20.558, 0.000, 0.002, 0.002
20.575, -0.000, 0.001, 0.000
20.592, -0.000, 0.000, -0.000
20.608, 0.000, 0.001, 0.001
20.625, -0.000, -0.002, 0.001
20.642, -0.000, -0.001, 0.000
20.658, 0.000, -0.001, 0.001
20.675, 0.000, -0.001, -0.001
20.691, -0.000, 0.001, 0.002
20.708, -0.000, 0.000, 0.001
20.725, -0.000, 0.000, 0.001
20.742, 0.000, -0.000, -0.001
20.758, 0.000, -0.001, -0.001
20.775, 0.000, -0.001, -0.003
20.792, 0.000, -0.002, -0.002
20.809, 0.000, -0.001, -0.002
20.825, -0.000, -0.001, 0.000
20.842, 0.000, -0.000, -0.001
20.859, 0.000, -0.001, -0.000
20.875, 0.000, 0.000, -0.000
20.892, -0.000, 0.000, 0.001
20.908, -0.000, 0.002, 0.001
20.925, 0.000, 0.000, 0.002
20.941, 0.000, -0.002, -0.001
20.958, 0.000, -0.001, -0.000
20.975, -0.000, -0.001, -0.001
20.992, 0.000, -0.001, -0.002
21.008, 0.000, -0.001, -0.001
21.025, -0.000, -0.001, 0.000
21.042, -0.000, -0.001, 0.001
21.058, -0.001, -0.001, 0.001
21.075, -0.000, 0.000, 0.000
21.091, 0.000, -0.001, -0.001
21.109, 0.000, 0.001, -0.001
21.125, 0.001, -0.001, -0.001
21.141, 0.000, -0.001, -0.001
21.158, -0.000, -0.002, 0.001
21.175, -0.001, -0.000, 0.000
21.191, -0.000, -0.001, -0.002
21.208, -0.000, -0.000, -0.001
21.225, 0.000, 0.001, -0.001
21.242, 0.000, 0.001, 0.000
21.258, -0.000, 0.000, -0.001
21.275, 0.000, -0.002, 0.000
21.292, -0.001, -0.001, 0.000
21.308, -0.000, -0.002, -0.000
21.325, 0.000, 0.001, -0.001
21.341, -0.001, 0.000, 0.000
21.358, -0.001, -0.000, 0.000
21.375, -0.001, -0.001, 0.002
21.392, 0.001, -0.001, 0.000
21.408, 0.001, -0.001, 0.001
21.425, 0.000, 0.000, 0.000
21.441, 0.000, -0.001, 0.000
21.458, -0.000, 0.001, -0.001
21.475, 0.000, -0.000, 0.001
21.491, 0.000, 0.001, 0.002
21.508, 0.000, -0.000, 0.001
21.525, 0.000, -0.000, 0.000
21.542, 0.000, -0.000, 0.001
21.558, 0.000, -0.000, 0.000
21.575, -0.000, 0.001, 0.000
21.592, 0.000, -0.000, -0.001
21.608, -0.000, 0.001, 0.001
21.625, 0.001, -0.001, -0.001
21.641, 0.000, -0.002, -0.001
21.658, 0.001, -0.001, -0.001
21.675, -0.001, 0.000, 0.000
21.692, -0.000, 0.002, 0.001
21.708, 0.000, -0.001, -0.001
21.725, -0.001, -0.001, -0.002
21.742, -0.000, -0.000, 0.001
21.758, -0.001, -0.002, -0.001
21.775, 0.000, 0.000, 0.001
21.791, -0.000, 0.001, 0.000
21.808, -0.000, 0.001, 0.000
21.825, 0.000, -0.000, 0.002
21.841, 0.000, 0.000, 0.002
21.858, 0.000, 0.000, 0.003
21.875, -0.000, -0.000, -0.002
21.891, 0.002, -0.006, 0.003
21.908, 0.000, 0.000, -0.000
21.925, 0.001, 0.001, -0.001
21.942, -0.002, 0.007, -0.003
21.958, 0.000, 0.001, -0.001
21.975, -0.001, 0.000, 0.001
21.992, 0.000, 0.000, 0.000
22.008, -0.001, -0.000, 0.000
22.025, 0.001, 0.001, 0.001
22.042, -0.000, 0.001, -0.000
22.058, 0.000, 0.002, 0.001
22.075, -0.001, -0.001, -0.002
22.092, -0.000, -0.001, -0.001
22.108, 0.000, 0.000, 0.000
22.125, -0.000, 0.000, -0.002
22.142, -0.000, -0.000, -0.001
22.158, -0.001, -0.000, -0.001
22.175, -0.000, -0.000, -0.001
22.192, -0.000, 0.002, 0.003
22.208, -0.000, 0.002, 0.002
22.225, 0.000, -0.001, 0.003
22.242, 0.001, -0.002, -0.001
22.258, 0.000, -0.003, -0.001
22.275, 0.000, 0.002, -0.001
22.292, -0.000, -0.001, -0.002
22.308, -0.000, 0.001, -0.001
22.325, -0.000, -0.000, 0.001
22.342, -0.000, 0.001, -0.000
22.358, 0.000, -0.000, 0.001
22.375, 0.000, -0.001, -0.001
22.392, -0.000, -0.000, -0.001
22.408, -0.000, -0.001, -0.001
22.425, -0.000, -0.000, 0.000
22.442, 0.000, -0.000, -0.000
22.458, 0.000, -0.000, -0.000
22.475, -0.000, 0.000, -0.001
22.492, 0.000, -0.001, -0.001
22.508, 0.000, -0.000, -0.001
22.525, 0.000, -0.000, -0.000
22.541, -0.000, -0.001, -0.001
22.558, 0.000, 0.001, 0.000
22.575, -0.000, -0.002, -0.002
22.592, -0.000, -0.000, -0.000
22.608, -0.001, -0.000, 0.000
22.625, -0.000, 0.001, 0.001
22.641, 0.000, 0.001, -0.000
22.658, 0.000, -0.001, -0.001
22.675, -0.000, 0.001, 0.000
22.691, -0.000, -0.001, -0.000
22.708, 0.000, -0.000, -0.001
22.725, -0.000, -0.000, 0.001
22.741, -0.000, 0.001, 0.002
22.758, -0.001, -0.000, 0.001
22.775, -0.000, -0.001, -0.001
22.792, 0.000, 0.000, 0.001
22.809, -0.000, -0.000, -0.000
22.825, 0.000, 0.000, -0.001
22.842, -0.000, 0.001, 0.000
22.859, -0.000, 0.001, -0.000
22.875, 0.000, 0.003, 0.002
22.891, 0.000, 0.000, -0.000
22.908, 0.000, 0.001, 0.001
22.925, 0.000, 0.000, 0.002
22.942, -0.000, 0.001, 0.001
22.958, -0.000, 0.001, 0.001
22.975, -0.000, 0.002, -0.001
22.992, 0.000, 0.001, 0.001
23.009, 0.000, 0.001, 0.001
23.025, 0.001, -0.000, -0.001
23.043, 0.000, 0.001, -0.000
23.058, -0.000, 0.002, -0.000
23.075, 0.001, 0.000, -0.000
23.092, 0.001, -0.001, -0.000
23.108, 0.001, -0.000, -0.000
23.125, 0.001, 0.000, -0.000
23.142, 0.001, 0.001, -0.000
23.158, 0.001, -0.001, -0.001
23.175, -0.001, -0.001, -0.002
23.192, -0.001, -0.000, -0.001
23.208, -0.001, -0.001, -0.002
23.225, 0.001, 0.000, 0.001
23.241, 0.001, 0.002, 0.002
23.258, 0.001, 0.001, -0.001
23.275, -0.000, -0.001, 0.002
23.291, 0.000, -0.001, 0.001
23.308, -0.000, -0.001, 0.003
23.325, 0.000, 0.000, 0.001
23.342, -0.000, -0.000, 0.001
23.358, 0.000, 0.001, 0.002
23.375, -0.000, -0.000, -0.001
23.392, -0.000, -0.000, -0.001
23.408, 0.000, -0.001, -0.002
23.425, -0.000, -0.001, -0.001
23.442, -0.000, -0.001, -0.002
23.459, -0.000, -0.000, -0.001
23.475, 0.000, 0.001, 0.001
23.492, -0.000, -0.001, -0.000
23.509, -0.000, 0.001, 0.001
23.525, 0.000, -0.002, -0.001
23.541, 0.001, -0.001, -0.002
23.558, 0.000, -0.002, 0.001
23.575, -0.000, 0.000, -0.001
23.591, -0.001, 0.000, -0.000
23.608, -0.000, 0.001, -0.000
23.625, -0.000, -0.001, -0.001
23.642, -0.000, -0.001, -0.000
23.658, -0.000, -0.002, -0.001
23.675, 0.000, -0.001, 0.000
23.691, 0.000, -0.001, -0.001
23.708, 0.000, -0.001, -0.001
23.725, -0.000, -0.000, -0.001
23.741, 0.000, -0.000, -0.002
23.759, -0.000, -0.000, -0.001
23.775, 0.001, -0.001, -0.003
23.792, -0.000, -0.000, -0.001
23.808, 0.000, -0.001, -0.003
23.825, -0.000, -0.002, -0.000
23.841, 0.000, -0.001, -0.001
23.858, 0.000, -0.002, -0.000
23.875, 0.000, 0.001, 0.000
23.891, 0.000, -0.002, -0.001
23.908, 0.001, -0.000, -0.001
23.925, -0.000, -0.000, 0.001
23.942, -0.001, -0.000, 0.001
23.958, -0.001, 0.000, 0.001
23.975, -0.000, -0.001, -0.000
23.991, -0.000, 0.000, -0.002
24.008, 0.000, -0.001, -0.001
24.025, -0.000, 0.000, 0.000
24.042, -0.001, -0.000, 0.001
24.058, -0.001, 0.000, 0.000
24.075, -0.000, -0.001, -0.001
24.092, -0.000, -0.001, -0.001
24.108, 0.000, -0.001, -0.002
24.125, 0.000, 0.002, 0.002
24.142, 0.000, 0.003, 0.002
24.158, 0.000, 0.002, 0.002
24.175, 0.000, 0.001, -0.002
24.192, -0.000, -0.000, -0.000
24.208, -0.000, 0.001, -0.001
24.225, -0.000, -0.001, 0.000
24.242, -0.000, 0.001, 0.000
24.258, 0.000, -0.001, -0.001
24.275, -0.000, -0.000, 0.001
24.291, 0.000, -0.000, 0.001
24.308, -0.000, 0.000, -0.001
24.325, -0.000, 0.001, 0.002
24.342, -0.000, 0.001, 0.001
24.358, 0.000, 0.000, 0.002
24.375, 0.000, 0.001, 0.001
24.392, 0.001, 0.001, -0.001
24.408, 0.000, 0.001, -0.002
24.425, 0.000, 0.001, -0.001
24.442, -0.000, 0.001, 0.002
24.459, 0.000, 0.001, 0.001
24.475, 0.000, -0.000, 0.002
24.492, 0.001, -0.000, 0.001
24.508, 0.000, 0.001, 0.003
24.525, 0.000, 0.001, 0.001
24.542, -0.000, 0.001, 0.001
24.558, 0.000, 0.000, 0.001
24.576, 0.000, -0.000, 0.001
24.591, 0.001, 0.000, 0.002
24.608, 0.001, 0.002, 0.003
24.625, 0.001, 0.001, 0.004
24.642, 0.001, -0.003, 0.008
24.659, 0.001, -0.002, 0.025
24.675, 0.003, -0.001, 0.039
24.692, 0.004, -0.001, 0.067
24.708, 0.005, -0.004, 0.107
24.725, 0.007, 0.001, 0.137
24.742, 0.006, 0.009, 0.165
24.758, 0.005, 0.008, 0.210
24.775, 0.009, 0.015, 0.232
24.792, 0.012, 0.011, 0.250
24.808, 0.013, 0.019, 0.270
24.825, 0.015, 0.007, 0.289
24.842, 0.016, 0.017, 0.347
24.858, 0.018, 0.012, 0.325
24.875, 0.011, 0.026, 0.329
24.891, 0.010, 0.025, 0.288
24.908, 0.007, 0.024, 0.343
24.925, 0.015, 0.045, 0.344
24.941, 0.015, 0.043, 0.404
24.958, 0.016, 0.054, 0.346
24.975, 0.008, 0.023, 0.353
24.992, 0.006, 0.024, 0.298
25.008, 0.007, 0.028, 0.344
25.025, 0.008, 0.032, 0.336
25.042, 0.007, 0.030, 0.333
25.058, 0.005, 0.033, 0.319
25.075, 0.005, 0.030, 0.321
25.092, 0.005, 0.033, 0.308
25.108, 0.004, 0.023, 0.300
25.125, 0.003, 0.030, 0.281
25.142, -0.003, 0.036, 0.273
25.158, -0.002, 0.038, 0.263
25.175, -0.003, 0.050, 0.251
25.192, 0.001, 0.042, 0.239
25.208, -0.002, 0.046, 0.235
25.225, -0.002, 0.030, 0.230
25.242, -0.004, 0.031, 0.231
25.258, -0.004, 0.031, 0.214
25.275, -0.006, 0.043, 0.210
25.291, -0.000, 0.036, 0.201
25.308, -0.002, 0.037, 0.197
25.325, -0.001, 0.041, 0.193
25.342, -0.006, 0.048, 0.187
25.358, -0.006, 0.050, 0.190
25.375, -0.012, 0.055, 0.185
25.392, -0.011, 0.055, 0.186
25.408, -0.012, 0.059, 0.181
25.425, -0.007, 0.046, 0.183
25.442, -0.007, 0.046, 0.185
25.459, -0.008, 0.058, 0.174
25.475, -0.007, 0.061, 0.176
25.492, -0.012, 0.065, 0.183
25.508, -0.010, 0.056, 0.186
25.525, -0.018, 0.071, 0.183
25.542, -0.013, 0.077, 0.166
25.559, -0.015, 0.087, 0.160
25.575, -0.012, 0.070, 0.163
25.592, -0.011, 0.074, 0.163
25.608, -0.014, 0.070, 0.162
25.625, -0.005, 0.078, 0.154
25.642, -0.010, 0.077, 0.156
25.659, -0.008, 0.074, 0.148
25.675, -0.014, 0.075, 0.147
25.692, -0.013, 0.091, 0.129
25.708, -0.013, 0.089, 0.125
25.725, -0.015, 0.092, 0.127
25.742, -0.017, 0.089, 0.170
25.758, -0.014, 0.086, 0.144
25.775, -0.014, 0.089, 0.139
25.792, -0.013, 0.079, 0.107
25.808, -0.019, 0.086, 0.125
25.825, -0.017, 0.081, 0.124
25.842, -0.016, 0.084, 0.135
25.858, -0.012, 0.065, 0.122
25.875, -0.010, 0.071, 0.115
25.891, -0.012, 0.045, 0.108
25.908, -0.010, 0.070, 0.106
25.925, -0.015, 0.057, 0.114
25.941, -0.009, 0.082, 0.109
25.958, -0.011, 0.069, 0.099
25.975, -0.008, 0.071, 0.091
25.992, -0.006, 0.056, 0.078
26.008, -0.005, 0.054, 0.093
26.025, -0.001, 0.041, 0.085
26.042, -0.003, 0.049, 0.083
26.058, -0.001, 0.045, 0.073
26.075, -0.000, 0.057, 0.072
26.091, 0.000, 0.050, 0.065
26.108, 0.002, 0.046, 0.056
26.125, 0.000, 0.042, 0.064
26.142, 0.002, 0.038, 0.074
26.158, -0.000, 0.037, 0.063
26.175, 0.002, 0.030, 0.047
26.191, -0.000, 0.022, 0.042
26.208, 0.002, 0.019, 0.049
26.225, 0.005, 0.018, 0.047
26.241, 0.010, 0.030, 0.047
26.258, 0.008, 0.029, 0.036
26.275, 0.004, 0.025, 0.037
26.292, 0.006, 0.014, 0.029
26.308, 0.010, 0.009, 0.034
26.325, 0.014, 0.012, 0.034
26.342, 0.013, 0.010, 0.035
26.358, 0.013, 0.005, 0.028
26.375, 0.010, -0.006, 0.029
26.392, 0.008, -0.006, 0.024
26.408, 0.012, -0.009, 0.021
26.425, 0.014, -0.002, 0.012
26.442, 0.015, -0.011, 0.017
26.458, 0.014, -0.013, 0.021
26.475, 0.016, -0.012, 0.025
26.492, 0.019, -0.010, 0.018
26.508, 0.017, -0.012, 0.024
26.525, 0.020, -0.011, 0.020
26.541, 0.021, -0.025, 0.029
26.558, 0.022, -0.025, 0.022
26.575, 0.021, -0.038, 0.029
26.592, 0.019, -0.027, 0.022
26.608, 0.024, -0.036, 0.031
26.625, 0.025, -0.039, 0.034
26.642, 0.026, -0.048, 0.035
26.658, 0.024, -0.047, 0.040
26.675, 0.024, -0.047, 0.036
26.691, 0.024, -0.065, 0.055
26.708, 0.023, -0.071, 0.056
26.725, 0.024, -0.077, 0.061
26.741, 0.024, -0.052, 0.039
26.758, 0.024, -0.057, 0.032
26.775, 0.022, -0.051, 0.025
26.792, 0.024, -0.069, 0.031
26.808, 0.025, -0.070, 0.030
26.825, 0.026, -0.079, 0.033
26.842, 0.025, -0.082, 0.026
26.859, 0.024, -0.074, 0.021
26.875, 0.023, -0.078, 0.017
26.891, 0.019, -0.067, 0.018
26.908, 0.023, -0.076, 0.016
26.925, 0.021, -0.077, 0.021
26.942, 0.019, -0.077, 0.017
26.958, 0.018, -0.077, 0.017
26.975, 0.018, -0.068, 0.016
26.991, 0.020, -0.071, 0.016
27.008, 0.019, -0.069, 0.019
27.025, 0.018, -0.061, 0.014
27.041, 0.018, -0.056, 0.010
27.058, 0.014, -0.058, 0.009
27.075, 0.016, -0.056, 0.007
27.091, 0.014, -0.059, 0.019
27.108, 0.017, -0.052, 0.016
27.125, 0.014, -0.045, 0.015
27.142, 0.015, -0.046, 0.013
27.158, 0.012, -0.036, 0.012
27.175, 0.013, -0.031, 0.015
27.192, 0.009, -0.014, 0.012
27.208, 0.005, -0.011, 0.023
27.225, 0.003, -0.010, 0.020
27.242, 0.003, -0.015, 0.029
27.258, 0.001, 0.004, 0.016
27.275, -0.005, 0.001, 0.023
27.291, -0.009, 0.012, 0.019
27.308, -0.011, 0.006, 0.024
27.325, -0.014, 0.023, 0.019
27.342, -0.017, 0.027, 0.021
27.358, -0.020, 0.041, 0.017
27.375, -0.023, 0.035, 0.024
27.392, -0.028, 0.037, 0.024
27.408, -0.032, 0.035, 0.032
27.425, -0.033, 0.042, 0.028
27.441, -0.035, 0.053, 0.023
27.459, -0.037, 0.053, 0.022
27.475, -0.038, 0.053, 0.022
27.491, -0.039, 0.053, 0.022
27.508, -0.045, 0.055, 0.020
27.525, -0.048, 0.063, 0.017
27.541, -0.044, 0.059, 0.016
27.558, -0.044, 0.061, 0.014
27.575, -0.040, 0.054, 0.018
27.592, -0.043, 0.053, 0.022
27.608, -0.043, 0.052, 0.022
27.625, -0.044, 0.043, 0.026
27.642, -0.046, 0.040, 0.030
27.658, -0.040, 0.032, 0.029
27.675, -0.037, 0.026, 0.026
27.692, -0.027, 0.016, 0.022
27.708, -0.027, 0.015, 0.024
27.725, -0.031, 0.018, 0.026
27.741, -0.035, 0.024, 0.030
27.758, -0.029, 0.013, 0.029
27.775, -0.024, 0.011, 0.019
27.792, -0.018, 0.006, 0.012
27.808, -0.019, 0.007, 0.014
27.825, -0.018, 0.001, 0.022
27.842, -0.021, 0.002, 0.023
27.858, -0.022, 0.006, 0.015
27.875, -0.019, 0.011, 0.005
27.891, -0.013, 0.008, 0.003
27.909, -0.009, 0.008, 0.003
27.925, -0.010, 0.005, 0.001
27.942, -0.013, 0.016, -0.004
27.958, -0.011, 0.013, -0.007
27.975, -0.009, 0.015, -0.004
27.992, -0.002, 0.008, -0.005
28.008, -0.001, 0.011, -0.000
28.025, 0.005, 0.018, -0.009
28.042, 0.008, 0.015, -0.009
28.059, 0.013, 0.015, -0.013
28.075, 0.013, 0.013, -0.013
28.092, 0.015, 0.010, -0.013
28.108, 0.021, 0.016, -0.020
28.125, 0.024, 0.011, -0.013
28.142, 0.033, 0.031, -0.023
28.158, 0.032, 0.024, -0.015
28.175, 0.034, 0.033, -0.024
28.192, 0.030, 0.013, -0.015
28.208, 0.038, 0.028, -0.015
28.225, 0.041, 0.023, -0.007
28.242, 0.045, 0.029, -0.005
28.258, 0.047, 0.021, -0.003
28.275, 0.050, 0.023, 0.003
28.291, 0.052, 0.018, 0.003
28.308, 0.056, 0.025, 0.001
28.326, 0.057, 0.012, 0.005
28.342, 0.056, 0.018, 0.004
28.358, 0.061, 0.009, 0.003
28.375, 0.061, 0.022, -0.002
28.391, 0.063, 0.016, -0.004
28.408, 0.063, 0.015, -0.010
28.425, 0.066, -0.000, -0.007
28.441, 0.069, -0.005, -0.012
28.458, 0.067, -0.016, -0.012
28.475, 0.066, -0.007, -0.019
28.491, 0.063, -0.009, -0.024
28.508, 0.064, -0.015, -0.036
28.525, 0.066, -0.034, -0.041
28.541, 0.065, -0.041, -0.044
28.558, 0.064, -0.054, -0.048
28.575, 0.057, -0.051, -0.055
28.592, 0.053, -0.068, -0.049
28.608, 0.048, -0.070, -0.053
28.625, 0.048, -0.083, -0.048
28.642, 0.054, -0.090, -0.064
28.658, 0.046, -0.104, -0.048
28.675, 0.042, -0.086, -0.056
28.692, 0.034, -0.073, -0.053
28.708, 0.035, -0.087, -0.058
28.725, 0.030, -0.121, -0.052
28.742, 0.028, -0.136, -0.054
28.758, 0.020, -0.116, -0.051
28.775, 0.023, -0.105, -0.046
28.792, 0.018, -0.097, -0.036
28.808, 0.016, -0.111, -0.040
28.825, 0.010, -0.107, -0.047
28.842, 0.005, -0.114, -0.043
28.858, 0.004, -0.107, -0.050
28.875, 0.003, -0.115, -0.044
28.892, 0.003, -0.106, -0.037
28.908, -0.001, -0.108, -0.027
28.925, -0.005, -0.088, -0.025
28.942, -0.010, -0.093, -0.029
28.958, -0.012, -0.080, -0.020
28.975, -0.014, -0.069, -0.023
28.991, -0.015, -0.059, -0.012
29.008, -0.019, -0.053, -0.016
29.025, -0.021, -0.060, -0.005
29.042, -0.028, -0.053, -0.002
29.058, -0.029, -0.041, 0.013
29.075, -0.033, -0.036, 0.014
29.092, -0.032, -0.031, 0.022
29.108, -0.041, -0.028, 0.033
29.125, -0.040, -0.019, 0.041
29.142, -0.041, -0.010, 0.043
29.158, -0.042, -0.006, 0.053
29.175, -0.051, -0.009, 0.069
29.192, -0.053, -0.000, 0.070
29.208, -0.059, 0.001, 0.083
29.225, -0.053, 0.009, 0.074
29.241, -0.056, 0.006, 0.086
29.258, -0.057, 0.020, 0.080
29.275, -0.062, 0.020, 0.087
29.291, -0.063, 0.019, 0.095
29.308, -0.063, 0.022, 0.093
29.325, -0.059, 0.013, 0.103
29.341, -0.061, 0.027, 0.087
29.358, -0.057, 0.022, 0.090
29.375, -0.066, 0.055, 0.073
29.391, -0.061, 0.044, 0.076
29.408, -0.065, 0.050, 0.070
29.425, -0.057, 0.033, 0.066
29.441, -0.053, 0.041, 0.056
29.458, -0.049, 0.033, 0.053
29.475, -0.045, 0.036, 0.050
29.492, -0.045, 0.036, 0.042
29.508, -0.040, 0.042, 0.031
29.525, -0.041, 0.032, 0.033
29.541, -0.037, 0.026, 0.028
29.558, -0.031, 0.027, 0.021
29.575, -0.027, 0.024, 0.022
29.592, -0.025, 0.024, 0.025
29.608, -0.022, 0.025, 0.028
29.625, -0.016, 0.028, 0.020
29.642, -0.014, 0.031, 0.018
29.658, -0.007, 0.028, 0.016
29.675, -0.008, 0.029, 0.017
29.691, -0.003, 0.028, 0.013
29.708, 0.002, 0.027, 0.012
29.725, 0.010, 0.036, -0.000
29.742, 0.015, 0.037, 0.001
29.758, 0.016, 0.035, -0.009
29.775, 0.017, 0.019, -0.002
29.791, 0.016, 0.010, -0.006
29.808, 0.024, 0.003, -0.009
29.825, 0.027, 0.021, -0.020
29.842, 0.029, 0.022, -0.026
29.858, 0.029, 0.012, -0.032
29.875, 0.023, -0.011, -0.020
29.891, 0.025, -0.005, -0.027
29.908, 0.026, -0.005, -0.038
29.925, 0.031, -0.017, -0.044
29.941, 0.032, -0.031, -0.054
29.958, 0.028, -0.029, -0.051
29.975, 0.029, -0.027, -0.055
29.992, 0.026, -0.028, -0.052
30.008, 0.026, -0.044, -0.058
30.025, 0.023, -0.051, -0.064
30.042, 0.027, -0.070, -0.093
30.058, 0.021, -0.070, -0.081
30.075, 0.020, -0.064, -0.083
30.092, 0.012, -0.055, -0.055
30.108, 0.010, -0.062, -0.069
30.125, 0.008, -0.067, -0.069
30.142, 0.002, -0.082, -0.069
30.159, 0.001, -0.076, -0.054
30.175, -0.001, -0.071, -0.057
30.192, -0.001, -0.055, -0.046
30.208, -0.002, -0.060, -0.056
30.225, -0.008, -0.066, -0.042
30.242, -0.009, -0.067, -0.031
30.258, -0.010, -0.071, -0.019
30.275, -0.009, -0.077, -0.012
30.292, -0.011, -0.060, -0.018
30.308, -0.011, -0.048, -0.017
30.325, -0.007, -0.036, -0.021
30.342, -0.004, -0.057, -0.006
30.358, -0.001, -0.055, 0.002
30.375, 0.002, -0.056, 0.008
30.392, 0.004, -0.042, 0.004
30.408, 0.006, -0.042, -0.001
30.425, 0.003, -0.037, -0.007
30.442, 0.005, -0.038, -0.004
30.458, 0.009, -0.037, -0.005
30.475, 0.010, -0.038, 0.000
30.492, 0.012, -0.034, -0.006
30.508, 0.016, -0.029, -0.014
30.525, 0.021, -0.026, -0.023
30.542, 0.022, -0.029, -0.024
30.558, 0.023, -0.025, -0.023
30.575, 0.026, -0.018, -0.024
30.592, 0.028, -0.014, -0.033
30.608, 0.031, -0.006, -0.041
30.625, 0.030, -0.012, -0.035
30.642, 0.036, -0.013, -0.039
30.658, 0.031, -0.012, -0.033
30.675, 0.038, -0.008, -0.048
30.691, 0.035, 0.002, -0.045
30.708, 0.039, -0.008, -0.044
30.725, 0.036, 0.016, -0.052
30.742, 0.043, 0.018, -0.059
30.758, 0.039, 0.032, -0.056
30.775, 0.041, 0.021, -0.052
30.792, 0.033, 0.017, -0.041
30.808, 0.038, 0.030, -0.047
30.825, 0.040, 0.021, -0.037
30.842, 0.047, 0.036, -0.039
30.858, 0.042, 0.032, -0.032
30.875, 0.038, 0.040, -0.018
30.892, 0.030, 0.030, -0.007
30.908, 0.032, 0.040, -0.006
30.925, 0.033, 0.042, -0.009
30.942, 0.032, 0.052, -0.008
30.958, 0.030, 0.051, -0.003
30.975, 0.025, 0.066, -0.009
30.992, 0.022, 0.060, -0.010
31.008, 0.019, 0.067, -0.003
31.025, 0.018, 0.059, -0.001
31.042, 0.014, 0.074, 0.005
31.058, 0.009, 0.061, 0.007
31.075, 0.002, 0.064, 0.009
31.092, -0.002, 0.055, 0.007
31.108, -0.008, 0.067, 0.004
31.125, -0.012, 0.067, 0.005
31.142, -0.023, 0.095, 0.003
31.158, -0.024, 0.075, 0.006
31.175, -0.032, 0.084, 0.006
31.192, -0.030, 0.058, 0.004
31.208, -0.040, 0.071, 0.005
31.225, -0.038, 0.059, 0.004
31.242, -0.041, 0.056, 0.006
31.258, -0.045, 0.056, 0.001
31.275, -0.047, 0.055, 0.003
31.291, -0.051, 0.045, 0.011
31.308, -0.054, 0.050, 0.003
31.325, -0.061, 0.042, 0.008
31.342, -0.063, 0.042, 0.006
31.358, -0.069, 0.036, 0.005
31.375, -0.068, 0.020, 0.014
31.392, -0.070, 0.021, 0.004
31.408, -0.073, 0.017, 0.001
31.425, -0.081, 0.026, -0.011
31.442, -0.084, 0.027, -0.015
31.458, -0.088, 0.014, -0.014
31.475, -0.087, 0.014, -0.020
31.492, -0.091, 0.009, -0.022
31.508, -0.091, 0.014, -0.033
31.525, -0.093, 0.015, -0.044
31.542, -0.092, 0.010, -0.047
31.558, -0.093, 0.007, -0.056
31.575, -0.093, 0.007, -0.056
31.592, -0.091, 0.009, -0.066
31.608, -0.090, 0.005, -0.071
31.625, -0.086, 0.002, -0.089
31.642, -0.101, 0.003, -0.099
31.658, -0.088, 0.005, -0.097
31.675, -0.086, 0.009, -0.092
31.691, -0.071, 0.009, -0.084
31.708, -0.082, 0.005, -0.098
31.725, -0.078, 0.013, -0.102
31.742, -0.090, 0.016, -0.116
31.758, -0.079, 0.023, -0.106
31.775, -0.080, 0.007, -0.096
31.792, -0.065, 0.009, -0.083
31.808, -0.073, 0.009, -0.093
31.825, -0.071, 0.021, -0.104
31.841, -0.079, 0.021, -0.116
31.858, -0.066, 0.016, -0.100
31.875, -0.066, 0.017, -0.096
31.891, -0.057, 0.015, -0.075
31.908, -0.063, 0.014, -0.082
31.925, -0.055, 0.011, -0.074
31.942, -0.060, 0.013, -0.087
31.958, -0.049, 0.008, -0.068
31.975, -0.056, 0.011, -0.072
31.992, -0.043, 0.010, -0.056
32.008, -0.045, 0.015, -0.065
32.025, -0.038, 0.002, -0.051
32.041, -0.042, 0.005, -0.062
32.058, -0.036, 0.003, -0.049
32.075, -0.035, 0.011, -0.048
32.091, -0.028, 0.001, -0.035
32.108, -0.032, 0.005, -0.040
32.125, -0.032, -0.002, -0.039
32.141, -0.032, 0.003, -0.042
32.158, -0.023, 0.004, -0.038
32.175, -0.018, 0.006, -0.039
32.192, -0.015, 0.003, -0.033
32.208, -0.015, 0.001, -0.035
32.225, -0.012, -0.005, -0.033
32.242, -0.010, 0.013, -0.040
32.258, -0.004, 0.012, -0.037
32.275, -0.004, 0.023, -0.046
32.291, 0.001, 0.006, -0.039
32.308, 0.002, 0.008, -0.038
32.325, 0.008, 0.000, -0.025
32.342, 0.011, 0.002, -0.026
32.358, 0.019, 0.003, -0.025
32.375, 0.021, 0.004, -0.028
32.392, 0.024, 0.008, -0.029
32.408, 0.028, 0.008, -0.025
32.425, 0.030, 0.005, -0.019
32.442, 0.030, 0.003, -0.012
32.458, 0.036, -0.003, -0.014
32.475, 0.039, 0.011, -0.020
32.492, 0.046, 0.004, -0.025
32.508, 0.045, 0.007, -0.025
32.525, 0.049, -0.006, -0.014
32.541, 0.054, 0.002, -0.020
32.558, 0.052, 0.009, -0.019
32.575, 0.051, 0.013, -0.019
32.591, 0.049, 0.007, -0.014
32.608, 0.056, -0.002, -0.009
32.625, 0.059, -0.002, -0.014
32.642, 0.067, 0.003, -0.015
32.658, 0.061, 0.013, -0.014
32.675, 0.064, 0.019, -0.016
32.691, 0.058, 0.016, -0.013
32.708, 0.066, 0.010, -0.004
32.725, 0.066, 0.011, -0.002
32.742, 0.075, 0.014, 0.004
32.758, 0.068, 0.010, 0.002
32.775, 0.065, 0.007, 0.006
32.792, 0.063, 0.006, 0.004
32.808, 0.061, 0.004, 0.001
32.825, 0.063, 0.005, -0.005
32.841, 0.066, -0.004, -0.003
32.858, 0.066, -0.005, -0.011
32.875, 0.065, -0.012, -0.004
32.891, 0.055, -0.009, -0.004
32.908, 0.066, -0.019, -0.003
32.925, 0.065, -0.019, -0.003
32.942, 0.071, -0.032, -0.001
32.960, 0.059, -0.025, -0.000
32.975, 0.060, -0.032, -0.000
32.992, 0.058, -0.035, 0.001
33.008, 0.058, -0.043, 0.010
33.025, 0.055, -0.051, 0.022
33.042, 0.052, -0.063, 0.027
33.058, 0.049, -0.061, 0.029
33.075, 0.048, -0.074, 0.036
33.091, 0.039, -0.055, 0.028
33.108, 0.044, -0.079, 0.038
33.125, 0.043, -0.079, 0.031
33.142, 0.042, -0.086, 0.035
33.158, 0.040, -0.091, 0.034
33.175, 0.035, -0.084, 0.025
33.192, 0.035, -0.089, 0.030
33.208, 0.037, -0.096, 0.028
33.225, 0.041, -0.118, 0.042
33.242, 0.047, -0.142, 0.039
33.258, 0.043, -0.128, 0.034
33.275, 0.041, -0.123, 0.029
33.292, 0.039, -0.113, 0.035
33.308, 0.046, -0.137, 0.035
33.325, 0.049, -0.142, 0.031
33.341, 0.050, -0.161, 0.035
33.358, 0.044, -0.147, 0.035
33.375, 0.043, -0.149, 0.041
33.392, 0.041, -0.135, 0.032
33.408, 0.047, -0.151, 0.034
33.425, 0.049, -0.149, 0.029
33.442, 0.049, -0.147, 0.025
33.458, 0.049, -0.158, 0.029
33.475, 0.044, -0.154, 0.034
33.492, 0.044, -0.157, 0.035
33.508, 0.045, -0.148, 0.028
33.525, 0.049, -0.152, 0.023
33.541, 0.056, -0.183, 0.028
33.558, 0.047, -0.164, 0.025
33.575, 0.045, -0.176, 0.036
33.592, 0.039, -0.141, 0.022
33.608, 0.048, -0.168, 0.023
33.625, 0.045, -0.152, 0.008
33.641, 0.049, -0.183, 0.019
33.658, 0.042, -0.165, 0.021
33.675, 0.043, -0.149, 0.010
33.692, 0.040, -0.126, 0.004
33.708, 0.048, -0.139, 0.006
33.725, 0.052, -0.146, 0.004
33.742, 0.058, -0.163, 0.009
33.758, 0.049, -0.138, -0.002
33.775, 0.051, -0.141, 0.006
33.792, 0.046, -0.116, -0.006
33.808, 0.057, -0.131, -0.005
33.825, 0.055, -0.140, -0.001
33.842, 0.064, -0.150, -0.001
33.858, 0.056, -0.131, 0.000
33.875, 0.059, -0.130, 0.006
33.892, 0.053, -0.116, 0.005
33.908, 0.065, -0.123, 0.003
33.925, 0.066, -0.116, -0.001
33.942, 0.077, -0.131, 0.008
33.958, 0.073, -0.122, 0.013
33.975, 0.075, -0.120, 0.015
33.991, 0.073, -0.097, 0.003
34.008, 0.085, -0.105, 0.001
34.025, 0.082, -0.112, 0.014
34.042, 0.094, -0.122, 0.020
34.058, 0.085, -0.113, 0.018
34.075, 0.095, -0.102, 0.008
34.091, 0.083, -0.100, 0.010
34.108, 0.096, -0.106, 0.011
34.125, 0.093, -0.110, 0.004
34.142, 0.105, -0.117, 0.000
34.159, 0.094, -0.107, 0.001
34.175, 0.092, -0.103, -0.004
34.192, 0.081, -0.093, 0.002
34.208, 0.089, -0.104, -0.005
34.225, 0.090, -0.105, 0.004
34.242, 0.109, -0.134, 0.007
34.258, 0.094, -0.122, 0.013
34.275, 0.093, -0.116, 0.006
34.291, 0.084, -0.108, 0.004
34.308, 0.082, -0.112, 0.003
34.325, 0.077, -0.117, 0.007
34.341, 0.071, -0.104, -0.006
34.358, 0.073, -0.111, -0.008
34.375, 0.068, -0.119, 0.002
34.392, 0.062, -0.130, 0.003
34.409, 0.057, -0.127, 0.001
34.425, 0.055, -0.119, -0.013
34.442, 0.046, -0.110, -0.009
34.458, 0.046, -0.139, -0.010
34.475, 0.046, -0.138, -0.014
34.492, 0.037, -0.140, -0.018
34.508, 0.035, -0.149, -0.015
34.528, 0.034, -0.156, -0.017
34.542, 0.040, -0.180, -0.013
34.558, 0.034, -0.155, -0.012
34.575, 0.026, -0.162, -0.004
34.592, 0.023, -0.145, -0.006
34.608, 0.025, -0.179, -0.004
34.625, 0.027, -0.172, -0.009
34.642, 0.027, -0.200, -0.006
34.658, 0.025, -0.179, -0.004
34.675, 0.028, -0.193, 0.007
34.691, 0.024, -0.173, 0.005
34.708, 0.026, -0.201, 0.007
34.725, 0.027, -0.199, -0.008
34.741, 0.032, -0.231, 0.002
34.758, 0.030, -0.202, -0.003
34.775, 0.034, -0.213, 0.004
34.792, 0.031, -0.187, -0.001
34.808, 0.034, -0.221, 0.002
34.825, 0.030, -0.212, -0.001
34.841, 0.034, -0.246, 0.000
34.858, 0.033, -0.211, -0.003
34.875, 0.035, -0.220, 0.007
34.891, 0.035, -0.188, 0.003
34.908, 0.040, -0.223, 0.010
34.925, 0.043, -0.217, -0.004
34.942, 0.045, -0.241, 0.004
34.958, 0.042, -0.207, -0.002
34.975, 0.041, -0.205, 0.011
34.992, 0.040, -0.181, 0.013
35.008, 0.050, -0.203, 0.019
35.025, 0.055, -0.210, 0.025
35.042, 0.066, -0.228, 0.019
35.058, 0.062, -0.196, 0.018
35.075, 0.067, -0.197, 0.022
35.091, 0.070, -0.188, 0.030
35.108, 0.078, -0.186, 0.034
35.125, 0.078, -0.172, 0.030
35.142, 0.084, -0.174, 0.036
35.158, 0.082, -0.166, 0.038
35.175, 0.090, -0.175, 0.044
35.192, 0.083, -0.147, 0.038
35.208, 0.098, -0.171, 0.046
35.225, 0.098, -0.161, 0.040
35.241, 0.125, -0.210, 0.056
35.258, 0.114, -0.186, 0.049
35.275, 0.112, -0.182, 0.050
35.292, 0.100, -0.149, 0.039
35.308, 0.099, -0.151, 0.040
35.325, 0.098, -0.156, 0.046
35.342, 0.098, -0.156, 0.046
35.359, 0.097, -0.150, 0.039
35.375, 0.098, -0.140, 0.039
35.392, 0.081, -0.113, 0.023
35.408, 0.093, -0.136, 0.035
35.425, 0.089, -0.136, 0.032
35.442, 0.099, -0.155, 0.044
35.458, 0.085, -0.130, 0.035
35.475, 0.084, -0.130, 0.034
35.491, 0.072, -0.109, 0.028
35.508, 0.075, -0.127, 0.037
35.525, 0.076, -0.124, 0.034
35.542, 0.078, -0.143, 0.042
35.558, 0.068, -0.125, 0.036
35.575, 0.061, -0.122, 0.035
35.592, 0.055, -0.122, 0.031
35.609, 0.051, -0.125, 0.027
35.626, 0.047, -0.121, 0.026
35.642, 0.039, -0.108, 0.021
35.659, 0.042, -0.116, 0.019
35.675, 0.044, -0.125, 0.015
35.692, 0.044, -0.128, 0.013
35.708, 0.047, -0.141, 0.009
35.725, 0.045, -0.135, 0.007
35.742, 0.053, -0.150, 0.005
35.758, 0.045, -0.131, -0.001
35.775, 0.048, -0.133, -0.003
35.792, 0.043, -0.114, -0.007
35.809, 0.054, -0.137, -0.011
35.825, 0.056, -0.155, -0.018
35.842, 0.065, -0.180, -0.026
35.858, 0.061, -0.166, -0.026
35.875, 0.066, -0.158, -0.025
35.892, 0.060, -0.144, -0.023
35.908, 0.069, -0.168, -0.032
35.925, 0.069, -0.173, -0.031
35.942, 0.078, -0.197, -0.036
35.958, 0.068, -0.177, -0.031
35.975, 0.071, -0.177, -0.028
35.992, 0.064, -0.154, -0.017
36.009, 0.073, -0.177, -0.017
36.025, 0.076, -0.179, -0.032
36.042, 0.080, -0.206, -0.034
36.059, 0.069, -0.184, -0.032
36.075, 0.061, -0.187, -0.022
36.091, 0.051, -0.162, -0.021
36.108, 0.056, -0.188, -0.022
36.125, 0.053, -0.188, -0.015
36.142, 0.055, -0.217, -0.008
36.158, 0.043, -0.189, 0.002
36.175, 0.037, -0.193, 0.000
36.192, 0.029, -0.167, 0.002
36.208, 0.030, -0.195, 0.007
36.225, 0.027, -0.198, 0.018
36.242, 0.024, -0.217, 0.028
36.258, 0.018, -0.193, 0.027
36.275, 0.015, -0.192, 0.025
36.292, 0.010, -0.168, 0.020
36.308, 0.006, -0.188, 0.034
36.325, 0.007, -0.180, 0.038
36.342, 0.001, -0.222, 0.057
36.358, -0.002, -0.198, 0.053
36.375, -0.005, -0.196, 0.058
36.392, -0.005, -0.148, 0.045
36.409, -0.007, -0.175, 0.054
36.425, -0.013, -0.164, 0.047
36.442, -0.011, -0.168, 0.048
36.458, -0.016, -0.160, 0.039
36.475, -0.015, -0.165, 0.042
36.491, -0.024, -0.157, 0.037
36.508, -0.022, -0.153, 0.035
36.525, -0.024, -0.157, 0.034
36.542, -0.023, -0.181, 0.032
36.558, -0.025, -0.157, 0.027
36.575, -0.022, -0.159, 0.021
36.591, -0.024, -0.159, 0.019
36.608, -0.025, -0.161, 0.015
36.625, -0.030, -0.153, 0.008
36.641, -0.028, -0.157, 0.007
36.658, -0.029, -0.156, 0.005
36.675, -0.030, -0.171, 0.012
36.691, -0.031, -0.167, -0.002
36.708, -0.036, -0.175, 0.003
36.725, -0.028, -0.160, -0.008
36.741, -0.036, -0.162, -0.007
36.758, -0.031, -0.160, -0.015
36.775, -0.031, -0.176, -0.018
36.791, -0.027, -0.179, -0.010
36.808, -0.027, -0.182, -0.011
36.825, -0.029, -0.169, -0.009
36.841, -0.024, -0.174, -0.010
36.858, -0.024, -0.173, -0.005
36.875, -0.015, -0.177, -0.007
36.891, -0.010, -0.177, -0.001
36.908, -0.002, -0.172, -0.004
36.925, -0.005, -0.171, 0.003
36.941, 0.002, -0.173, 0.001
36.958, 0.007, -0.180, 0.005
36.975, 0.012, -0.184, 0.017
36.992, 0.015, -0.184, 0.021
37.008, 0.024, -0.171, 0.014
37.025, 0.033, -0.180, 0.015
37.041, 0.042, -0.181, 0.012
37.058, 0.036, -0.192, 0.021
37.075, 0.037, -0.173, 0.011
37.091, 0.037, -0.152, 0.012
37.108, 0.041, -0.175, 0.009
37.125, 0.039, -0.184, -0.000
37.141, 0.044, -0.205, -0.006
37.158, 0.044, -0.183, -0.007
37.176, 0.043, -0.185, 0.005
37.192, 0.040, -0.188, 0.006
37.209, 0.043, -0.188, -0.003
37.225, 0.046, -0.185, -0.009
37.242, 0.049, -0.210, -0.023
37.258, 0.048, -0.212, -0.016
37.275, 0.049, -0.212, -0.026
37.292, 0.053, -0.193, -0.026
37.308, 0.050, -0.195, -0.032
37.325, 0.049, -0.200, -0.029
37.342, 0.053, -0.220, -0.030
37.358, 0.055, -0.220, -0.029
37.375, 0.058, -0.222, -0.026
37.392, 0.044, -0.175, -0.017
37.408, 0.052, -0.204, -0.022
37.425, 0.053, -0.205, -0.016
37.442, 0.058, -0.237, -0.022
37.458, 0.053, -0.215, -0.018
37.475, 0.049, -0.207, -0.024
37.491, 0.052, -0.207, -0.016
37.508, 0.053, -0.205, -0.014
37.525, 0.064, -0.214, -0.021
37.542, 0.062, -0.218, -0.020
37.558, 0.062, -0.213, -0.015
37.575, 0.061, -0.219, -0.011
37.592, 0.056, -0.187, -0.010
37.609, 0.064, -0.221, -0.010
37.625, 0.061, -0.217, -0.002
37.642, 0.080, -0.275, -0.003
37.658, 0.075, -0.246, -0.002
37.675, 0.077, -0.250, 0.004
37.692, 0.071, -0.216, 0.005
37.708, 0.075, -0.220, 0.009
37.725, 0.072, -0.211, 0.000
37.741, 0.073, -0.216, -0.002
37.758, 0.069, -0.207, -0.003
37.775, 0.070, -0.210, 0.004
37.791, 0.079, -0.231, 0.001
37.808, 0.079, -0.233, -0.001
37.825, 0.077, -0.226, -0.007
37.841, 0.064, -0.197, -0.004
37.858, 0.062, -0.199, -0.010
37.875, 0.058, -0.210, -0.006
37.891, 0.053, -0.200, -0.008
37.908, 0.049, -0.197, -0.005
37.925, 0.053, -0.187, -0.024
37.941, 0.041, -0.166, -0.024
37.958, 0.042, -0.187, -0.022
37.975, 0.033, -0.186, -0.005
37.991, 0.025, -0.184, -0.011
38.008, 0.021, -0.186, -0.012
38.025, 0.014, -0.186, -0.012
38.042, 0.012, -0.212, -0.007
38.058, 0.001, -0.182, -0.005
38.075, -0.001, -0.173, 0.003
38.091, -0.006, -0.147, 0.006
38.108, -0.014, -0.177, 0.009
38.125, -0.020, -0.175, 0.014
38.141, -0.029, -0.199, 0.020
38.158, -0.030, -0.168, 0.018
38.175, -0.037, -0.174, 0.013
38.192, -0.050, -0.189, 0.009
38.208, -0.055, -0.188, 0.015
38.225, -0.055, -0.184, 0.011
38.241, -0.054, -0.161, 0.019
38.258, -0.057, -0.157, 0.019
38.275, -0.064, -0.153, 0.020
38.291, -0.071, -0.171, 0.020
38.308, -0.074, -0.167, 0.015
38.325, -0.073, -0.179, 0.016
38.341, -0.071, -0.148, 0.011
38.358, -0.071, -0.150, 0.014
38.375, -0.073, -0.136, 0.008
38.392, -0.067, -0.111, 0.010
38.408, -0.074, -0.134, 0.007
38.425, -0.072, -0.134, 0.009
38.441, -0.073, -0.162, 0.007
38.458, -0.062, -0.133, 0.005
38.475, -0.058, -0.136, 0.003
38.491, -0.049, -0.141, -0.004
38.508, -0.044, -0.146, -0.007
38.525, -0.038, -0.144, -0.016
38.542, -0.035, -0.147, -0.019
38.558, -0.031, -0.151, -0.025
38.575, -0.030, -0.155, -0.029
38.591, -0.021, -0.131, -0.028
38.608, -0.017, -0.156, -0.034
38.625, -0.013, -0.154, -0.025
38.642, -0.008, -0.186, -0.028
38.658, -0.006, -0.164, -0.023
38.675, -0.003, -0.167, -0.024
38.691, -0.004, -0.141, -0.019
38.708, -0.001, -0.165, -0.019
38.725, 0.002, -0.173, -0.024
38.741, 0.002, -0.195, -0.025
38.758, 0.000, -0.178, -0.019
38.775, -0.005, -0.182, -0.015
38.791, -0.002, -0.186, -0.017
38.808, -0.002, -0.184, -0.017
38.825, 0.006, -0.193, -0.012
38.842, 0.004, -0.195, -0.011
38.858, 0.005, -0.204, -0.012
38.875, 0.002, -0.187, -0.017
38.891, 0.003, -0.198, -0.013
38.908, 0.004, -0.194, -0.015
38.925, 0.001, -0.211, -0.011
38.941, 0.000, -0.211, -0.015
38.958, 0.001, -0.217, -0.017
38.975, 0.002, -0.210, -0.025
38.991, 0.003, -0.189, -0.025
39.008, 0.004, -0.219, -0.028
39.025, 0.006, -0.237, -0.027
39.041, 0.005, -0.270, -0.025
39.058, 0.002, -0.241, -0.020
39.075, -0.000, -0.235, -0.022
39.092, 0.001, -0.236, -0.022
39.108, 0.001, -0.239, -0.020
39.125, 0.004, -0.236, -0.010
39.142, 0.003, -0.240, -0.006
39.158, 0.002, -0.235, -0.007
39.175, -0.001, -0.247, -0.001
39.192, -0.005, -0.207, -0.003
39.208, -0.007, -0.247, 0.001
39.225, -0.006, -0.239, -0.013
39.242, -0.007, -0.270, -0.011
39.258, -0.010, -0.233, -0.009
39.275, -0.012, -0.228, -0.011
39.291, -0.014, -0.198, -0.012
39.308, -0.018, -0.223, -0.017
39.325, -0.021, -0.221, -0.015
39.342, -0.028, -0.276, -0.018
39.358, -0.024, -0.245, -0.019
39.377, -0.024, -0.243, -0.015
39.392, -0.024, -0.178, -0.018
39.409, -0.029, -0.204, -0.018
39.425, -0.027, -0.202, -0.032
39.442, -0.029, -0.232, -0.028
39.458, -0.029, -0.205, -0.028
39.475, -0.033, -0.198, -0.024
39.492, -0.029, -0.171, -0.023
39.508, -0.033, -0.194, -0.023
39.525, -0.035, -0.200, -0.015
39.541, -0.046, -0.250, -0.019
39.558, -0.041, -0.226, -0.016
39.575, -0.047, -0.216, -0.017
39.591, -0.042, -0.190, -0.015
39.608, -0.042, -0.187, -0.016
39.625, -0.036, -0.191, -0.011
39.642, -0.036, -0.192, -0.010
39.658, -0.037, -0.191, -0.010
39.675, -0.035, -0.190, -0.013
39.691, -0.032, -0.186, -0.015
39.708, -0.030, -0.187, -0.013
39.725, -0.032, -0.182, -0.020
39.741, -0.029, -0.182, -0.020
39.758, -0.024, -0.184, -0.019
39.775, -0.026, -0.174, -0.019
39.791, -0.025, -0.170, -0.017
39.808, -0.026, -0.169, -0.022
39.825, -0.017, -0.177, -0.008
39.842, -0.017, -0.178, -0.013
39.858, -0.017, -0.173, -0.010
39.875, -0.019, -0.178, -0.021
39.891, -0.028, -0.190, -0.026
39.908, -0.030, -0.188, -0.021
39.925, -0.036, -0.183, -0.015
39.942, -0.030, -0.163, -0.006
39.958, -0.030, -0.165, -0.007
39.975, -0.026, -0.166, -0.010
39.992, -0.030, -0.159, -0.006
40.008, -0.034, -0.156, -0.004
40.025, -0.037, -0.145, 0.008
40.042, -0.035, -0.154, 0.010
40.058, -0.033, -0.151, 0.016
40.075, -0.036, -0.159, 0.009
40.091, -0.024, -0.178, 0.024
40.108, -0.029, -0.173, 0.017
40.125, -0.025, -0.178, 0.012
40.141, -0.029, -0.154, -0.008
40.158, -0.020, -0.159, -0.013
40.175, -0.018, -0.152, -0.011
40.192, -0.016, -0.132, -0.016
40.208, -0.016, -0.158, -0.028
40.225, -0.010, -0.167, -0.035
40.242, -0.004, -0.217, -0.036
40.258, 0.002, -0.200, -0.031
40.275, 0.004, -0.194, -0.024
40.292, 0.003, -0.176, -0.031
40.308, 0.007, -0.179, -0.030
40.325, 0.008, -0.192, -0.036
40.342, 0.013, -0.198, -0.040
40.358, 0.009, -0.200, -0.043
40.375, 0.013, -0.202, -0.041
40.392, 0.007, -0.201, -0.041
40.408, 0.012, -0.206, -0.045
40.425, 0.004, -0.206, -0.051
40.442, 0.005, -0.217, -0.048
40.458, 0.004, -0.214, -0.047
40.475, 0.005, -0.225, -0.039
40.491, 0.005, -0.218, -0.043
40.508, 0.002, -0.223, -0.040
40.525, -0.002, -0.216, -0.040
40.542, 0.002, -0.223, -0.036
40.558, 0.002, -0.223, -0.034
40.575, 0.005, -0.224, -0.032
40.592, 0.001, -0.200, -0.015
40.608, 0.005, -0.231, -0.011
40.625, 0.001, -0.234, -0.010
40.642, 0.000, -0.259, -0.005
40.658, -0.002, -0.233, 0.005
40.675, 0.006, -0.234, 0.014
40.691, 0.005, -0.237, 0.015
40.708, 0.006, -0.234, 0.020
40.725, 0.002, -0.233, 0.020
40.742, 0.005, -0.237, 0.028
40.758, 0.004, -0.235, 0.029
40.775, 0.002, -0.237, 0.031
40.792, 0.006, -0.263, 0.028
40.808, 0.004, -0.259, 0.031
40.825, 0.009, -0.269, 0.034
40.841, 0.003, -0.230, 0.040
40.858, 0.007, -0.235, 0.035
40.875, 0.005, -0.211, 0.040
40.892, 0.004, -0.202, 0.041
40.908, 0.001, -0.199, 0.046
40.925, -0.001, -0.183, 0.044
40.942, -0.000, -0.184, 0.041
40.958, 0.001, -0.171, 0.042
40.975, -0.001, -0.173, 0.049
40.992, -0.001, -0.138, 0.046
41.008, -0.004, -0.152, 0.047
41.025, -0.003, -0.151, 0.028
41.042, -0.008, -0.186, 0.031
41.058, -0.008, -0.157, 0.018
41.075, -0.010, -0.151, 0.015
41.092, -0.010, -0.118, 0.004
41.108, -0.012, -0.114, -0.002
41.125, -0.013, -0.106, 0.012
41.142, -0.016, -0.097, 0.007
41.158, -0.017, -0.091, 0.003
41.175, -0.020, -0.091, -0.011
41.192, -0.024, -0.080, -0.008
41.208, -0.025, -0.075, -0.002
41.225, -0.027, -0.061, -0.000
41.242, -0.035, -0.053, -0.006
41.258, -0.038, -0.048, -0.004
41.275, -0.042, -0.047, -0.010
41.291, -0.034, -0.036, -0.009
41.308, -0.044, -0.042, -0.016
41.325, -0.045, -0.039, -0.010
41.341, -0.060, -0.051, -0.009
41.358, -0.055, -0.040, 0.001
41.375, -0.058, -0.042, -0.004
41.391, -0.054, -0.033, 0.004
41.408, -0.053, -0.035, 0.000
41.425, -0.054, -0.038, 0.002
41.442, -0.054, -0.040, 0.008
41.458, -0.052, -0.040, 0.012
41.475, -0.048, -0.040, 0.019
41.492, -0.045, -0.048, 0.015
41.508, -0.045, -0.050, 0.021
41.525, -0.042, -0.053, 0.023
41.542, -0.036, -0.057, 0.022
41.558, -0.034, -0.062, 0.018
41.575, -0.034, -0.063, 0.024
41.592, -0.030, -0.070, 0.030
41.608, -0.024, -0.076, 0.029
41.625, -0.016, -0.087, 0.028
41.641, -0.013, -0.086, 0.031
41.658, -0.010, -0.093, 0.033
41.675, -0.009, -0.095, 0.027
41.691, -0.001, -0.090, 0.030
41.708, 0.002, -0.106, 0.034
41.725, 0.010, -0.113, 0.041
41.742, 0.016, -0.137, 0.041
41.758, 0.020, -0.128, 0.045
41.775, 0.020, -0.129, 0.038
41.792, 0.020, -0.114, 0.035
41.808, 0.027, -0.140, 0.028
41.825, 0.029, -0.146, 0.030
41.841, 0.041, -0.202, 0.022
41.858, 0.038, -0.185, 0.021
41.875, 0.039, -0.190, 0.017
41.891, 0.035, -0.171, 0.013
41.908, 0.035, -0.175, 0.003
41.925, 0.034, -0.175, 0.001
41.941, 0.032, -0.182, -0.013
41.958, 0.033, -0.181, -0.009
41.975, 0.033, -0.182, -0.022
41.992, 0.033, -0.182, -0.026
42.008, 0.031, -0.183, -0.031
42.025, 0.031, -0.198, -0.039
42.042, 0.029, -0.190, -0.039
42.058, 0.031, -0.197, -0.055
42.075, 0.028, -0.184, -0.032
42.091, 0.029, -0.183, -0.033
42.108, 0.024, -0.182, -0.030
42.125, 0.022, -0.174, -0.049
42.142, 0.022, -0.175, -0.046
42.158, 0.023, -0.164, -0.039
42.175, 0.021, -0.175, -0.037
42.191, 0.020, -0.163, -0.036
42.208, 0.019, -0.163, -0.034
42.225, 0.020, -0.149, -0.030
42.241, 0.016, -0.154, -0.027
42.258, 0.017, -0.144, -0.025
42.275, 0.017, -0.147, -0.029
42.291, 0.015, -0.140, -0.022
42.308, 0.013, -0.149, -0.025
42.325, 0.009, -0.139, -0.012
42.342, 0.008, -0.134, -0.012
42.358, 0.006, -0.133, -0.008
42.375, 0.006, -0.142, -0.009
42.391, 0.003, -0.150, -0.007
42.408, 0.002, -0.147, -0.003
42.425, 0.004, -0.156, -0.003
42.441, 0.003, -0.155, -0.008
42.458, 0.000, -0.157, -0.005
42.475, -0.004, -0.156, -0.003
42.491, -0.006, -0.153, 0.002
42.508, -0.007, -0.161, -0.000
42.525, -0.007, -0.154, -0.004
42.541, -0.013, -0.164, -0.002
42.558, -0.015, -0.162, -0.006
42.575, -0.013, -0.159, -0.005
42.591, -0.018, -0.155, -0.009
42.608, -0.021, -0.149, -0.010
42.625, -0.029, -0.153, -0.018
42.641, -0.027, -0.150, -0.022
42.658, -0.028, -0.157, -0.031
42.675, -0.032, -0.163, -0.044
42.691, -0.030, -0.168, -0.048
42.708, -0.033, -0.164, -0.048
42.725, -0.033, -0.165, -0.050
42.741, -0.037, -0.166, -0.061
42.758, -0.035, -0.169, -0.066
42.775, -0.035, -0.165, -0.067
42.791, -0.037, -0.166, -0.065
42.808, -0.038, -0.169, -0.065
42.825, -0.033, -0.168, -0.063
42.841, -0.033, -0.170, -0.066
42.858, -0.031, -0.166, -0.061
42.875, -0.036, -0.172, -0.052
42.891, -0.031, -0.170, -0.044
42.908, -0.030, -0.172, -0.040
42.925, -0.026, -0.165, -0.028
42.941, -0.030, -0.167, -0.027
42.958, -0.029, -0.165, -0.021
42.975, -0.027, -0.163, -0.011
42.992, -0.021, -0.136, 0.001
43.008, -0.027, -0.160, -0.003
43.025, -0.037, -0.167, -0.004
43.041, -0.043, -0.187, 0.005
43.058, -0.041, -0.158, 0.012
43.075, -0.030, -0.154, 0.017
43.091, -0.038, -0.147, 0.015
43.108, -0.043, -0.146, 0.016
43.125, -0.051, -0.138, 0.011
43.142, -0.052, -0.134, 0.018
43.158, -0.051, -0.134, 0.019
43.175, -0.057, -0.136, 0.021
43.192, -0.058, -0.140, 0.010
43.208, -0.063, -0.131, 0.017
43.225, -0.055, -0.139, 0.001
43.242, -0.057, -0.134, 0.007
43.258, -0.054, -0.141, -0.005
43.275, -0.055, -0.121, 0.014
43.291, -0.043, -0.111, 0.010
43.308, -0.051, -0.129, 0.017
43.325, -0.048, -0.144, 0.005
43.342, -0.060, -0.166, 0.001
43.358, -0.044, -0.151, 0.003
43.375, -0.050, -0.153, 0.007
43.392, -0.034, -0.135, 0.010
43.409, -0.042, -0.164, 0.000
43.425, -0.033, -0.169, 0.006
43.442, -0.044, -0.221, -0.004
43.459, -0.037, -0.203, -0.003
43.475, -0.033, -0.198, 0.003
43.492, -0.024, -0.183, 0.015
43.508, -0.017, -0.183, 0.016
43.525, -0.021, -0.194, -0.001
43.542, -0.022, -0.218, -0.003
43.558, -0.023, -0.224, -0.005
43.575, -0.020, -0.228, -0.004
43.592, -0.017, -0.203, -0.010
43.609, -0.023, -0.206, -0.018
43.625, -0.018, -0.201, -0.005
43.642, -0.018, -0.209, -0.005
43.658, -0.016, -0.210, -0.003
43.675, -0.021, -0.214, -0.011
43.692, -0.024, -0.216, -0.017
43.708, -0.025, -0.217, -0.016
43.725, -0.030, -0.226, -0.029
43.742, -0.034, -0.229, -0.022
43.758, -0.038, -0.228, -0.024
43.775, -0.033, -0.219, -0.004
43.791, -0.038, -0.223, -0.007
43.808, -0.040, -0.223, -0.001
43.825, -0.048, -0.223, -0.013
43.841, -0.050, -0.216, -0.010
43.858, -0.052, -0.210, -0.008
43.875, -0.055, -0.212, -0.007
43.892, -0.050, -0.199, -0.000
43.908, -0.046, -0.197, -0.004
43.925, -0.044, -0.179, 0.007
43.942, -0.044, -0.175, 0.006
43.958, -0.047, -0.162, -0.000
43.975, -0.048, -0.165, -0.010
43.992, -0.045, -0.147, 0.000
44.008, -0.042, -0.141, 0.007
44.025, -0.035, -0.133, 0.012
44.041, -0.032, -0.131, 0.007
44.058, -0.029, -0.121, 0.005
44.075, -0.029, -0.114, 0.003
44.091, -0.028, -0.095, 0.001
44.108, -0.023, -0.086, 0.005
44.125, -0.023, -0.083, -0.010
44.141, -0.023, -0.074, -0.012
44.158, -0.021, -0.069, -0.018
44.175, -0.020, -0.057, -0.013
44.191, -0.014, -0.051, -0.004
44.208, -0.016, -0.051, -0.007
44.225, -0.011, -0.045, 0.001
44.241, -0.013, -0.037, -0.016
44.258, -0.009, -0.039, -0.021
44.275, -0.008, -0.042, -0.021
44.291, -0.003, -0.038, -0.021
44.308, 0.000, -0.024, -0.013
44.325, -0.001, -0.026, -0.025
44.341, 0.003, -0.021, -0.023
44.358, 0.004, -0.023, -0.031
44.375, 0.009, -0.010, -0.023
44.391, 0.012, -0.014, -0.037
44.408, 0.017, -0.010, -0.031
44.425, 0.023, -0.008, -0.033
44.442, 0.027, -0.004, -0.039
44.458, 0.028, 0.002, -0.041
44.475, 0.028, 0.004, -0.047
44.491, 0.038, 0.010, -0.051
44.508, 0.039, 0.012, -0.056
44.525, 0.047, 0.018, -0.067
44.542, 0.051, 0.020, -0.073
44.558, 0.054, 0.024, -0.085
44.575, 0.047, 0.020, -0.099
44.592, 0.050, 0.028, -0.105
44.608, 0.053, 0.028, -0.107
44.625, 0.061, 0.036, -0.105
44.641, 0.063, 0.040, -0.115
44.658, 0.060, 0.038, -0.129
44.675, 0.059, 0.043, -0.122
44.691, 0.058, 0.038, -0.128
44.708, 0.061, 0.045, -0.120
44.725, 0.064, 0.041, -0.123
44.742, 0.070, 0.048, -0.148
44.758, 0.068, 0.048, -0.148
44.775, 0.075, 0.052, -0.147
44.792, 0.058, 0.046, -0.102
44.808, 0.063, 0.044, -0.120
44.825, 0.054, 0.052, -0.115
44.842, 0.060, 0.061, -0.123
44.858, 0.056, 0.061, -0.105
44.875, 0.056, 0.052, -0.093
44.891, 0.051, 0.053, -0.088
44.908, 0.054, 0.059, -0.077
44.925, 0.052, 0.064, -0.085
44.941, 0.051, 0.063, -0.083
44.958, 0.043, 0.062, -0.085
44.975, 0.044, 0.058, -0.088
44.992, 0.042, 0.062, -0.080
45.008, 0.046, 0.063, -0.079
45.025, 0.041, 0.063, -0.074
45.041, 0.058, 0.093, -0.085
45.058, 0.048, 0.087, -0.090
45.075, 0.049, 0.096, -0.091
45.091, 0.032, 0.073, -0.089
45.108, 0.038, 0.077, -0.093
45.125, 0.036, 0.082, -0.094
45.142, 0.037, 0.080, -0.123
45.158, 0.032, 0.086, -0.124
45.175, 0.029, 0.082, -0.134
45.192, 0.021, 0.092, -0.121
45.208, 0.022, 0.094, -0.120
45.225, 0.020, 0.090, -0.130
45.241, 0.016, 0.088, -0.127
45.258, 0.023, 0.091, -0.126
45.275, 0.017, 0.078, -0.138
45.291, 0.023, 0.085, -0.141
45.308, 0.016, 0.082, -0.142
45.325, 0.018, 0.103, -0.124
45.341, 0.015, 0.090, -0.127
45.358, 0.013, 0.087, -0.136
45.375, 0.019, 0.082, -0.128
45.392, 0.021, 0.085, -0.122
45.408, 0.022, 0.087, -0.118
45.425, 0.026, 0.084, -0.125
45.442, 0.024, 0.084, -0.122
45.458, 0.023, 0.073, -0.126
45.475, 0.016, 0.072, -0.121
45.492, 0.020, 0.073, -0.106
45.508, 0.018, 0.079, -0.102
45.525, 0.018, 0.078, -0.103
45.542, 0.011, 0.066, -0.100
45.558, 0.008, 0.064, -0.094
45.575, 0.008, 0.061, -0.078
45.591, 0.003, 0.052, -0.089
45.608, 0.005, 0.047, -0.084
45.625, 0.001, 0.044, -0.074
45.642, 0.005, 0.047, -0.042
45.658, 0.003, 0.039, -0.033
45.675, 0.003, 0.030, -0.048
45.691, 0.000, 0.024, -0.044
45.708, 0.009, 0.027, -0.028
45.725, 0.003, 0.028, -0.027
45.742, 0.007, 0.028, -0.018
45.758, 0.001, 0.024, -0.019
45.775, 0.012, 0.024, 0.002
45.792, 0.017, 0.021, 0.001
45.808, 0.019, 0.016, 0.000
45.825, 0.021, 0.016, -0.004
45.842, 0.022, 0.011, -0.019
45.859, 0.027, 0.013, -0.015
45.875, 0.039, 0.008, -0.024
45.891, 0.045, 0.008, -0.025
45.908, 0.049, 0.006, -0.032
45.925, 0.047, 0.012, -0.037
45.942, 0.053, 0.011, -0.029
45.958, 0.059, 0.008, -0.035
45.975, 0.058, 0.007, -0.032
45.992, 0.062, 0.006, -0.041
46.008, 0.061, 0.008, -0.036
46.025, 0.069, 0.001, -0.044
46.042, 0.086, -0.003, -0.035
46.058, 0.087, -0.007, -0.041
46.076, 0.084, -0.009, -0.051
46.092, 0.076, -0.012, -0.041
46.108, 0.079, -0.017, -0.048
46.125, 0.082, -0.021, -0.027
46.142, 0.084, -0.029, -0.083
46.158, 0.084, -0.036, -0.123
46.175, 0.088, -0.033, -0.199
46.191, 0.081, -0.042, -0.294
46.208, 0.084, -0.047, -0.381
46.225, 0.081, -0.061, -0.455
46.242, 0.089, -0.067, -0.589
46.259, 0.090, -0.066, -0.680
46.275, 0.088, -0.074, -0.763
46.291, 0.051, -0.025, -0.863
46.308, 0.054, 0.031, -0.562
46.325, 0.060, 0.065, -0.243
46.342, 0.102, 0.046, 0.206
46.358, 0.100, 0.014, 0.128
46.375, 0.097, 0.006, 0.014
46.392, 0.122, 0.000, -0.111
46.408, 0.144, -0.017, -0.175
46.425, 0.101, -0.033, -0.134
46.441, 0.002, -0.016, -0.027
46.458, -0.067, -0.002, 0.032
46.475, -0.063, 0.033, -0.008
46.491, -0.024, 0.025, -0.060
46.508, -0.005, 0.024, -0.044
46.525, 0.010, 0.007, -0.011
46.542, 0.003, 0.000, -0.004
46.558, 0.000, -0.005, -0.007
46.575, 0.001, 0.008, 0.003
46.592, 0.001, 0.010, 0.003
46.608, 0.002, 0.013, 0.005
46.625, -0.003, -0.013, -0.005
46.642, -0.001, -0.006, -0.002
46.658, -0.002, -0.004, -0.002
46.675, -0.002, -0.007, -0.001
46.692, -0.002, -0.010, -0.003
46.708, -0.002, -0.008, -0.003
46.725, 0.002, 0.006, 0.003
46.742, -0.002, -0.006, -0.004
46.758, 0.001, -0.000, 0.001
46.775, 0.000, -0.000, 0.000
46.792, 0.003, 0.006, 0.004
46.808, -0.002, -0.005, -0.001
46.825, 0.003, 0.006, 0.001
46.842, 0.002, 0.009, 0.003
46.858, 0.005, 0.011, 0.003
46.875, -0.001, -0.015, -0.006
46.892, -0.001, -0.008, -0.003
46.908, -0.002, -0.009, -0.002
46.925, 0.001, 0.008, 0.003
46.942, 0.001, -0.000, 0.000
46.958, 0.001, 0.003, -0.001
46.975, -0.000, 0.001, 0.000
46.991, -0.002, -0.006, -0.006
47.008, 0.001, -0.002, -0.001
47.025, -0.001, 0.002, -0.000
47.042, -0.000, 0.005, 0.004
47.058, -0.002, -0.001, -0.001
47.075, -0.003, -0.004, 0.001
47.092, 0.000, 0.005, 0.004
47.108, 0.001, 0.009, 0.007
47.125, -0.002, -0.009, -0.006
47.141, -0.004, -0.006, -0.006
47.158, -0.004, -0.006, -0.004
47.175, 0.000, 0.004, -0.000
47.192, -0.001, -0.004, -0.000
47.208, -0.002, -0.004, -0.006
47.225, -0.000, 0.001, 0.000
47.242, -0.002, -0.005, -0.006
47.258, 0.002, -0.001, 0.002
47.275, -0.002, -0.000, -0.002
47.291, -0.003, 0.002, -0.000
47.308, -0.003, -0.002, -0.004
47.325, 0.003, 0.007, 0.007
47.342, 0.004, 0.010, 0.006
47.358, 0.002, 0.009, 0.008
47.375, -0.001, -0.005, 0.003
47.392, -0.003, -0.008, 0.000
47.408, -0.002, -0.004, 0.002
47.425, 0.005, 0.000, -0.000
47.442, 0.005, 0.003, 0.001
47.458, 0.003, 0.001, 0.003
47.475, -0.004, -0.000, -0.007
47.491, -0.003, -0.007, -0.006
47.508, -0.001, -0.000, -0.005
47.525, 0.002, 0.002, 0.002
47.542, 0.002, 0.007, 0.002
47.558, -0.003, -0.008, -0.006
47.575, -0.002, -0.008, -0.006
47.591, 0.000, -0.000, 0.000
47.608, -0.000, 0.000, 0.000
47.625, 0.001, -0.002, -0.001
47.642, 0.001, -0.001, -0.001
47.658, 0.002, 0.005, 0.001
47.675, 0.001, 0.008, 0.003
47.691, -0.001, -0.005, -0.002
47.709, -0.001, -0.005, 0.000
47.725, 0.005, 0.003, 0.006
47.742, 0.004, 0.006, 0.002
47.758, 0.005, 0.007, 0.003
47.775, 0.001, 0.006, 0.002
47.791, 0.002, 0.007, 0.006
47.808, -0.000, 0.000, 0.001
47.825, 0.000, -0.002, 0.001
47.842, -0.002, 0.001, -0.002
47.858, -0.002, 0.001, -0.001
47.875, 0.001, 0.004, -0.006
47.891, 0.003, 0.004, 0.000
47.908, 0.005, 0.009, 0.001
47.925, -0.002, -0.001, 0.002
47.942, 0.002, -0.001, 0.002
47.958, -0.001, -0.001, 0.002
47.975, 0.001, 0.002, -0.002
47.992, 0.000, 0.001, -0.002
48.008, -0.001, -0.005, -0.004
48.025, 0.002, 0.005, 0.001
48.042, 0.001, 0.004, 0.002
48.058, 0.002, 0.005, -0.000
48.075, -0.002, -0.006, -0.001
48.091, 0.000, 0.001, 0.001
48.108, -0.001, -0.000, 0.000
48.125, 0.000, 0.001, 0.000
48.141, 0.001, -0.003, -0.002
48.158, 0.002, 0.006, 0.002
48.175, 0.002, 0.006, 0.002
48.192, -0.003, -0.005, -0.004
48.208, 0.000, 0.001, 0.001
48.225, -0.004, -0.011, -0.002
48.242, -0.000, 0.002, 0.004
48.258, -0.002, -0.005, -0.001
48.275, -0.002, -0.006, -0.001
48.291, -0.004, -0.007, -0.003
48.308, -0.002, -0.006, -0.001
48.325, -0.000, -0.007, -0.003
48.342, 0.000, -0.003, 0.001
48.358, -0.002, -0.008, -0.003
48.375, 0.001, 0.007, 0.003
48.392, 0.000, 0.000, 0.000
48.409, 0.000, 0.001, 0.002
48.425, -0.000, 0.000, -0.001
48.442, 0.000, -0.002, -0.001
48.458, 0.002, 0.002, 0.002
48.475, -0.000, -0.000, -0.000
48.492, 0.001, -0.001, 0.002
48.508, -0.000, -0.004, -0.000
48.525, 0.001, 0.002, 0.002
48.542, -0.000, 0.003, 0.000
48.558, -0.000, 0.002, -0.002
48.575, 0.000, 0.001, -0.001
48.592, 0.000, 0.002, 0.000
48.608, -0.001, 0.003, 0.001
48.625, -0.004, -0.005, -0.006
48.642, -0.003, -0.004, -0.007
48.658, -0.001, -0.000, -0.005
48.675, 0.001, 0.004, 0.003
48.691, -0.001, -0.004, -0.002
48.708, 0.001, 0.000, 0.004
48.725, -0.001, -0.001, -0.004
48.742, -0.000, 0.007, -0.001
48.758, -0.002, -0.004, -0.007
48.775, 0.002, 0.007, 0.005
48.792, 0.001, 0.005, 0.002
48.808, 0.002, 0.009, 0.005
48.825, -0.003, -0.010, -0.005
48.841, -0.004, -0.010, -0.003
48.858, -0.002, -0.003, -0.003
48.875, 0.001, 0.006, 0.002
48.892, 0.001, -0.000, -0.002
48.908, 0.000, 0.001, 0.000
48.925, -0.002, -0.002, -0.002
48.942, -0.001, -0.006, -0.002
48.958, -0.002, -0.008, -0.001
48.975, -0.002, -0.004, -0.005
48.992, -0.000, 0.007, -0.002
49.008, -0.002, -0.004, -0.011
49.025, 0.002, 0.001, 0.002
49.042, -0.001, -0.000, -0.001
49.059, -0.002, 0.001, -0.000
49.075, -0.001, -0.004, -0.003
49.091, 0.002, 0.001, 0.002
49.108, 0.004, 0.007, 0.004
49.125, -0.001, 0.004, 0.001
49.142, -0.002, -0.006, -0.003
49.158, -0.001, -0.000, 0.000
49.175, 0.000, -0.000, -0.001
49.192, 0.000, -0.001, -0.000
49.209, -0.002, -0.005, -0.002
49.225, 0.002, 0.003, 0.000
49.242, 0.003, 0.010, 0.002
49.259, 0.003, 0.002, -0.001
49.275, -0.001, -0.006, -0.002
49.292, 0.001, -0.001, 0.001
49.308, -0.001, 0.000, 0.003
49.325, 0.003, 0.007, 0.003
49.341, 0.002, 0.003, 0.000
49.358, 0.004, 0.008, 0.003
49.375, -0.002, -0.001, 0.001
49.391, 0.001, -0.001, 0.002
49.408, -0.001, -0.001, -0.000
49.425, 0.000, -0.000, -0.000
49.441, 0.002, 0.005, 0.004
49.458, 0.000, -0.003, 0.000
49.475, 0.004, 0.009, 0.006
49.491, 0.001, 0.006, 0.003
49.508, 0.001, 0.007, 0.004
49.525, 0.000, -0.007, -0.005
49.542, 0.002, -0.003, -0.003
49.558, 0.004, 0.004, -0.000
49.575, -0.004, -0.005, 0.000
49.591, -0.003, -0.007, -0.002
49.608, -0.003, -0.006, -0.002
49.625, 0.002, 0.005, 0.001
49.642, -0.002, -0.004, -0.002
49.658, -0.000, -0.000, -0.000
49.675, 0.001, -0.000, 0.000
49.691, 0.002, 0.004, 0.002
49.708, -0.001, -0.004, -0.003
49.725, 0.001, 0.004, 0.003
49.741, 0.001, 0.005, 0.002
49.758, 0.001, 0.002, 0.005
49.775, -0.000, -0.007, -0.003
49.792, -0.001, -0.003, -0.003
49.808, 0.004, 0.006, 0.002
49.825, -0.000, 0.005, -0.000
49.842, -0.002, -0.003, -0.002
49.858, -0.001, -0.002, -0.002
49.875, 0.001, 0.001, 0.003
49.891, 0.001, -0.002, -0.005
49.908, 0.000, -0.002, -0.000
49.925, -0.004, -0.001, -0.004
49.941, -0.002, 0.006, 0.002
49.958, -0.005, -0.005, -0.005
49.975, -0.001, -0.008, -0.005
49.992, 0.000, -0.001, -0.001
50.011, 0.003, 0.006, 0.002
50.030, -0.002, -0.005, -0.004
50.042, -0.001, -0.005, -0.001
50.058, -0.003, -0.007, -0.006
