0.046, 0.000, 0.000, 0.000
0.063, 0.000, 0.000, 0.000
0.080, 0.000, 0.000, 0.000
0.098, 0.000, 0.000, 0.000
0.113, 0.000, 0.000, 0.000
0.130, 0.000, 0.000, 0.000
0.146, 0.000, 0.000, 0.000
0.162, 0.000, 0.000, 0.000
0.180, 0.000, 0.000, 0.000
0.196, 0.000, 0.000, 0.000
0.213, 0.000, 0.000, 0.000
0.229, 0.000, 0.000, 0.000
0.246, 0.000, 0.000, 0.000
0.263, 0.000, 0.000, 0.000
0.280, 0.000, 0.000, 0.000
0.296, 0.000, 0.000, 0.000
0.313, 0.000, 0.000, 0.000
0.329, 0.000, 0.000, 0.000
0.346, 0.000, 0.000, 0.000
0.363, 0.000, 0.000, 0.000
0.379, 0.000, 0.000, 0.000
0.396, 0.000, 0.000, 0.000
0.412, 0.000, 0.000, 0.000
0.429, 0.000, 0.000, 0.000
0.446, 0.000, 0.000, 0.000
0.463, 0.000, 0.000, 0.000
0.479, 0.000, 0.000, 0.000
0.496, 0.000, 0.000, 0.000
0.513, 0.000, 0.000, 0.000
0.530, -0.014, -0.000, 0.068
0.547, -0.011, -0.001, 0.068
0.563, -0.031, 0.018, 0.080
0.579, -0.014, -0.000, 0.069
0.596, -0.013, -0.001, 0.069
0.613, -0.012, -0.001, 0.069
0.629, -0.013, 0.002, 0.069
0.647, -0.013, -0.003, 0.068
0.663, -0.032, 0.015, 0.080
0.679, -0.012, 0.000, 0.068
0.696, -0.019, 0.004, 0.072
0.713, -0.019, 0.005, 0.071
0.730, -0.011, -0.001, 0.069
0.746, -0.012, -0.002, 0.068
0.763, -0.014, 0.002, 0.068
0.779, -0.019, 0.004, 0.071
0.796, -0.012, -0.001, 0.067
0.812, -0.014, 0.002, 0.069
0.829, -0.024, 0.008, 0.074
0.846, -0.032, 0.018, 0.080
0.863, -0.013, 0.001, 0.068
0.880, -0.013, -0.003, 0.068
0.896, -0.018, 0.007, 0.072
0.913, -0.012, -0.002, 0.068
0.929, -0.011, 0.001, 0.069
0.946, -0.013, -0.001, 0.068
0.963, -0.013, -0.003, 0.068
0.979, -0.014, 0.001, 0.069
0.996, -0.012, -0.006, 0.067
1.013, -0.025, 0.009, 0.074
1.029, -0.013, 0.001, 0.068
1.046, -0.013, -0.003, 0.069
1.062, -0.013, -0.000, 0.068
1.079, -0.012, -0.001, 0.068
1.096, -0.013, 0.001, 0.068
1.113, -0.013, 0.002, 0.068
1.129, -0.012, -0.003, 0.068
1.146, -0.013, 0.002, 0.069
1.162, -0.013, -0.001, 0.068
1.179, -0.012, 0.000, 0.068
1.196, -0.013, -0.002, 0.069
1.212, -0.020, 0.004, 0.072
1.229, -0.013, 0.002, 0.068
1.246, -0.012, -0.004, 0.069
1.262, -0.011, -0.001, 0.068
1.279, -0.013, 0.000, 0.068
1.296, -0.011, -0.002, 0.068
1.312, -0.012, 0.000, 0.068
1.329, -0.019, 0.005, 0.071
1.346, -0.014, 0.001, 0.068
1.363, -0.013, -0.001, 0.068
1.379, -0.013, -0.002, 0.068
1.396, -0.015, 0.000, 0.069
1.413, -0.014, -0.000, 0.069
1.429, -0.012, -0.002, 0.068
1.446, -0.014, 0.000, 0.068
1.463, -0.012, 0.001, 0.068
1.479, -0.019, 0.005, 0.071
1.496, -0.032, 0.020, 0.080
1.513, -0.024, 0.010, 0.074
1.529, -0.031, 0.019, 0.080
1.546, -0.010, -0.002, 0.068
1.563, -0.018, 0.002, 0.071
1.579, -0.013, 0.001, 0.068
1.596, -0.020, 0.005, 0.072
1.613, -0.012, -0.003, 0.068
1.629, -0.012, -0.001, 0.067
1.646, -0.011, 0.001, 0.069
1.663, -0.019, 0.004, 0.072
1.679, -0.012, -0.002, 0.067
1.696, -0.012, -0.002, 0.068
1.712, -0.019, 0.004, 0.071
1.729, -0.012, -0.002, 0.068
1.746, -0.012, -0.001, 0.068
1.763, -0.014, 0.001, 0.068
1.779, -0.013, -0.002, 0.068
1.796, -0.014, 0.001, 0.067
1.812, -0.032, 0.019, 0.080
1.829, -0.013, -0.002, 0.068
1.846, -0.014, 0.000, 0.068
1.862, -0.013, 0.002, 0.068
1.879, -0.013, -0.002, 0.068
1.896, -0.014, -0.001, 0.068
1.913, -0.014, -0.000, 0.068
1.929, -0.014, -0.002, 0.067
1.946, -0.013, -0.000, 0.068
1.962, -0.011, -0.001, 0.068
1.981, -0.012, -0.003, 0.068
1.996, -0.014, 0.001, 0.068
2.012, -0.015, -0.002, 0.069
2.029, -0.013, 0.001, 0.069
2.046, -0.014, -0.002, 0.069
2.062, -0.013, -0.002, 0.068
2.079, -0.013, -0.001, 0.068
2.096, -0.019, 0.006, 0.072
2.112, -0.019, 0.006, 0.072
2.129, -0.014, 0.001, 0.068
2.146, -0.012, -0.003, 0.067
2.162, -0.013, 0.001, 0.069
2.179, -0.013, 0.002, 0.069
2.196, -0.011, -0.001, 0.068
2.212, -0.013, 0.001, 0.069
2.229, -0.013, 0.001, 0.069
2.246, -0.013, -0.002, 0.068
2.262, -0.014, -0.002, 0.068
2.279, -0.012, -0.001, 0.068
2.296, -0.015, 0.001, 0.069
2.312, -0.013, 0.000, 0.069
2.329, -0.031, 0.018, 0.080
2.346, -0.031, 0.017, 0.080
2.362, -0.013, 0.001, 0.069
2.379, -0.013, -0.003, 0.067
2.396, -0.012, 0.000, 0.068
2.412, -0.019, 0.006, 0.072
2.429, -0.013, -0.001, 0.068
2.446, -0.012, 0.000, 0.069
2.462, -0.011, -0.003, 0.067
2.479, -0.013, 0.000, 0.069
2.496, -0.013, -0.001, 0.068
2.512, -0.010, -0.000, 0.068
2.529, -0.015, 0.002, 0.069
2.546, -0.013, -0.002, 0.067
2.562, -0.011, -0.003, 0.068
2.579, -0.013, 0.002, 0.068
2.596, -0.020, 0.006, 0.072
2.612, -0.019, 0.004, 0.072
2.629, -0.013, 0.001, 0.069
2.646, -0.019, 0.001, 0.070
2.664, -0.012, -0.002, 0.068
2.679, -0.012, 0.001, 0.068
2.696, -0.013, -0.001, 0.068
2.712, -0.011, 0.000, 0.068
2.729, -0.021, 0.003, 0.072
2.746, -0.010, -0.001, 0.067
2.762, -0.012, -0.001, 0.068
2.779, -0.014, -0.001, 0.069
2.796, -0.019, 0.004, 0.071
2.812, -0.013, -0.002, 0.068
2.829, -0.011, 0.000, 0.068
2.846, -0.012, -0.002, 0.069
2.862, -0.012, -0.001, 0.069
2.879, -0.012, -0.003, 0.067
2.896, -0.014, -0.000, 0.069
2.912, -0.014, -0.002, 0.068
2.929, -0.011, -0.002, 0.069
2.946, -0.013, 0.002, 0.069
2.962, -0.013, 0.001, 0.068
2.979, -0.029, 0.017, 0.080
2.996, -0.031, 0.018, 0.080
3.012, -0.013, 0.001, 0.068
3.029, -0.012, -0.004, 0.068
3.046, -0.012, 0.001, 0.069
3.062, -0.012, -0.003, 0.068
3.079, -0.013, -0.003, 0.068
3.096, -0.010, -0.001, 0.068
3.112, -0.011, -0.005, 0.068
3.129, -0.014, 0.002, 0.068
3.146, -0.012, -0.002, 0.068
3.162, -0.019, 0.004, 0.071
3.179, -0.013, -0.000, 0.068
3.196, -0.013, -0.002, 0.069
3.212, -0.012, -0.002, 0.068
3.229, -0.013, -0.002, 0.068
3.246, -0.014, -0.000, 0.069
3.263, -0.012, 0.001, 0.068
3.279, -0.012, -0.002, 0.067
3.296, -0.030, 0.016, 0.079
3.313, -0.031, 0.012, 0.078
3.329, -0.012, -0.002, 0.067
3.346, -0.011, -0.003, 0.068
3.363, -0.018, 0.007, 0.072
3.379, -0.013, 0.002, 0.069
3.396, -0.031, 0.017, 0.079
3.413, -0.012, 0.001, 0.068
3.429, -0.013, 0.000, 0.068
3.446, -0.012, -0.001, 0.068
3.463, -0.012, 0.000, 0.069
3.479, -0.019, 0.005, 0.071
3.496, -0.012, 0.001, 0.069
3.513, -0.012, -0.001, 0.068
3.529, -0.031, 0.017, 0.080
3.546, -0.013, -0.000, 0.069
3.563, -0.014, -0.001, 0.069
3.579, -0.031, 0.015, 0.079
3.596, -0.031, 0.019, 0.080
3.613, -0.019, 0.005, 0.071
3.629, -0.014, -0.002, 0.068
3.646, -0.012, -0.001, 0.068
3.663, -0.020, 0.003, 0.071
3.683, -0.014, 0.000, 0.068
3.696, -0.012, -0.002, 0.068
3.713, -0.011, -0.003, 0.068
3.729, -0.019, 0.004, 0.071
3.746, -0.020, 0.005, 0.072
3.763, -0.013, -0.002, 0.067
3.779, -0.014, 0.000, 0.068
3.796, -0.031, 0.015, 0.079
3.813, -0.013, 0.001, 0.069
3.829, -0.013, -0.002, 0.068
3.846, -0.014, 0.000, 0.068
3.863, -0.016, 0.002, 0.070
3.879, -0.012, -0.002, 0.067
3.896, -0.013, -0.001, 0.066
3.913, -0.011, -0.001, 0.068
3.929, -0.031, 0.015, 0.080
3.946, -0.012, 0.000, 0.068
3.963, -0.010, -0.003, 0.067
3.979, -0.013, -0.000, 0.069
3.996, -0.013, -0.001, 0.069
4.013, -0.013, -0.002, 0.068
4.029, -0.012, -0.001, 0.068
4.046, -0.011, 0.000, 0.069
4.063, -0.011, -0.003, 0.068
4.079, -0.012, -0.000, 0.068
4.096, -0.011, -0.001, 0.068
4.113, -0.012, -0.003, 0.069
4.129, -0.019, 0.004, 0.072
4.146, -0.012, -0.001, 0.068
4.163, -0.011, -0.003, 0.068
4.179, -0.013, -0.001, 0.069
4.196, -0.018, 0.001, 0.072
4.213, -0.019, 0.002, 0.073
4.229, -0.012, -0.004, 0.068
4.246, -0.019, 0.003, 0.073
4.263, -0.018, 0.001, 0.073
4.279, -0.012, -0.001, 0.069
4.296, -0.019, 0.004, 0.073
4.313, -0.017, 0.003, 0.073
4.329, -0.017, 0.002, 0.073
4.346, -0.017, 0.001, 0.073
4.363, -0.017, 0.002, 0.073
4.379, -0.017, 0.002, 0.073
4.396, -0.016, 0.002, 0.074
4.413, -0.016, 0.000, 0.073
4.429, -0.017, 0.002, 0.073
4.446, -0.019, 0.004, 0.074
4.463, -0.016, 0.002, 0.074
4.479, -0.016, 0.001, 0.075
4.496, -0.017, -0.000, 0.075
4.513, -0.016, 0.002, 0.075
4.529, -0.017, 0.001, 0.075
4.546, -0.016, 0.002, 0.075
4.563, -0.017, 0.002, 0.075
4.579, -0.019, 0.003, 0.076
4.596, -0.018, 0.003, 0.076
4.613, -0.016, 0.004, 0.077
4.629, -0.016, 0.001, 0.077
4.646, -0.017, 0.001, 0.077
4.663, -0.017, 0.001, 0.077
4.679, -0.016, 0.000, 0.078
4.696, -0.016, -0.001, 0.078
4.713, -0.015, -0.000, 0.078
4.729, -0.015, -0.001, 0.079
4.747, -0.013, 0.002, 0.079
4.763, -0.013, 0.002, 0.079
4.780, -0.012, 0.006, 0.079
4.796, -0.006, 0.006, 0.079
4.813, -0.007, 0.005, 0.079
4.829, 0.005, 0.002, 0.076
4.846, 0.006, 0.006, 0.077
4.863, 0.005, 0.010, 0.077
4.879, 0.010, 0.010, 0.076
4.896, 0.013, 0.010, 0.075
4.913, 0.014, 0.011, 0.074
4.929, 0.018, 0.008, 0.074
4.946, 0.018, 0.012, 0.075
4.963, 0.020, 0.010, 0.074
4.979, 0.019, 0.010, 0.074
4.996, 0.020, 0.009, 0.073
5.013, 0.020, 0.008, 0.074
5.029, 0.017, 0.011, 0.076
5.046, 0.017, 0.008, 0.075
5.063, 0.015, 0.011, 0.076
5.079, 0.010, 0.013, 0.077
5.096, 0.012, 0.009, 0.077
5.113, 0.008, 0.007, 0.077
5.129, 0.007, 0.004, 0.081
5.146, 0.008, -0.002, 0.080
5.163, 0.006, -0.003, 0.082
5.180, 0.005, -0.006, 0.083
5.196, 0.003, -0.005, 0.083
5.213, 0.002, -0.005, 0.083
5.229, 0.001, -0.007, 0.084
5.246, -0.006, -0.002, 0.086
5.263, -0.000, -0.008, 0.085
5.279, 0.005, -0.005, 0.087
5.296, 0.010, -0.004, 0.088
5.312, 0.013, -0.001, 0.089
5.329, 0.022, 0.003, 0.087
5.346, 0.027, 0.009, 0.086
5.363, 0.028, 0.013, 0.086
5.379, 0.026, 0.022, 0.086
5.396, 0.027, 0.022, 0.084
5.412, 0.028, 0.022, 0.084
5.430, 0.030, 0.013, 0.082
5.446, 0.025, 0.009, 0.083
5.463, 0.025, 0.010, 0.082
5.480, 0.020, 0.003, 0.083
5.496, 0.017, -0.002, 0.084
5.513, 0.013, -0.002, 0.087
5.529, 0.008, -0.010, 0.090
5.546, 0.011, -0.014, 0.092
5.563, 0.013, -0.014, 0.093
5.584, 0.017, -0.013, 0.097
5.596, 0.022, -0.008, 0.099
5.613, 0.024, -0.006, 0.099
5.630, 0.033, 0.004, 0.095
5.646, 0.038, 0.011, 0.094
5.663, 0.038, 0.015, 0.094
5.680, 0.033, 0.025, 0.095
5.696, 0.033, 0.025, 0.093
5.712, 0.034, 0.017, 0.092
5.729, 0.038, 0.008, 0.089
5.746, 0.036, 0.003, 0.089
5.762, 0.034, 0.002, 0.091
5.779, 0.024, -0.003, 0.095
5.796, 0.024, -0.009, 0.094
5.812, 0.023, -0.008, 0.094
5.829, 0.015, -0.007, 0.097
5.846, 0.016, -0.005, 0.099
5.863, 0.014, -0.001, 0.100
5.884, 0.018, 0.000, 0.101
5.896, 0.023, -0.002, 0.103
5.913, 0.026, 0.003, 0.104
5.929, 0.024, 0.008, 0.106
5.946, 0.029, 0.008, 0.107
5.963, 0.030, 0.009, 0.107
5.980, 0.027, 0.008, 0.106
5.996, 0.029, 0.008, 0.105
6.013, 0.026, 0.009, 0.105
6.029, 0.027, 0.001, 0.101
6.046, 0.024, 0.005, 0.102
6.063, 0.023, 0.004, 0.102
6.079, 0.022, -0.000, 0.102
6.096, 0.027, -0.007, 0.105
6.112, 0.028, -0.005, 0.105
6.129, 0.027, -0.004, 0.108
6.146, 0.025, -0.005, 0.110
6.163, 0.029, -0.005, 0.111
6.179, 0.027, -0.004, 0.110
6.196, 0.028, -0.005, 0.110
6.213, 0.028, 0.001, 0.109
6.229, 0.023, 0.005, 0.108
6.246, 0.025, 0.007, 0.110
6.263, 0.023, 0.012, 0.110
6.279, 0.023, 0.011, 0.112
6.296, 0.023, 0.011, 0.114
6.312, 0.021, 0.011, 0.116
6.329, 0.022, 0.004, 0.117
6.346, 0.024, 0.008, 0.119
6.362, 0.026, 0.001, 0.120
6.379, 0.027, 0.003, 0.123
6.396, 0.026, 0.003, 0.125
6.413, 0.027, 0.008, 0.125
6.429, 0.026, 0.006, 0.126
6.447, 0.026, 0.009, 0.127
6.463, 0.023, 0.008, 0.127
6.480, 0.026, 0.013, 0.126
6.496, 0.016, 0.014, 0.127
6.513, 0.014, 0.016, 0.128
6.529, 0.007, 0.014, 0.129
6.546, 0.014, 0.016, 0.129
6.562, 0.011, 0.019, 0.129
6.579, 0.014, 0.021, 0.129
6.596, 0.008, 0.023, 0.130
6.613, 0.019, 0.002, 0.126
6.629, 0.010, 0.005, 0.127
6.646, -0.003, 0.005, 0.131
6.663, -0.004, 0.009, 0.132
6.679, 0.001, 0.014, 0.132
6.696, 0.004, 0.034, 0.132
6.712, 0.008, 0.030, 0.133
6.729, 0.002, 0.030, 0.133
6.746, 0.005, 0.000, 0.131
6.763, 0.003, 0.002, 0.129
6.779, -0.004, 0.012, 0.133
6.796, 0.007, 0.015, 0.131
6.813, 0.010, 0.019, 0.130
6.829, 0.014, 0.017, 0.133
6.846, 0.015, 0.013, 0.133
6.863, 0.004, 0.014, 0.134
6.879, 0.003, 0.018, 0.134
6.896, 0.006, 0.011, 0.133
6.912, -0.001, 0.017, 0.136
6.929, 0.011, 0.019, 0.137
6.946, 0.004, 0.020, 0.138
6.963, 0.011, 0.015, 0.136
6.979, 0.007, 0.018, 0.136
6.996, 0.002, 0.006, 0.138
7.012, 0.004, 0.010, 0.136
7.029, 0.007, 0.001, 0.135
7.046, 0.009, 0.010, 0.136
7.063, 0.009, 0.011, 0.138
7.079, 0.010, 0.014, 0.137
7.096, 0.000, 0.015, 0.137
7.113, -0.006, 0.016, 0.137
7.129, 0.003, 0.014, 0.138
7.146, 0.003, 0.006, 0.138
7.162, 0.006, 0.008, 0.140
7.179, 0.019, 0.023, 0.142
7.196, 0.044, 0.039, 0.136
7.212, 0.050, 0.049, 0.139
7.229, 0.060, 0.071, 0.137
7.246, 0.066, 0.077, 0.137
7.263, 0.061, 0.065, 0.137
7.279, 0.073, 0.067, 0.131
7.296, 0.075, 0.066, 0.130
7.312, 0.078, 0.061, 0.129
7.330, 0.098, 0.091, 0.126
7.346, 0.085, 0.074, 0.123
7.363, 0.090, 0.087, 0.122
7.379, 0.096, 0.082, 0.115
7.396, 0.100, 0.083, 0.114
7.413, 0.101, 0.109, 0.119
7.429, 0.085, 0.082, 0.110
7.446, 0.101, 0.093, 0.107
7.463, 0.101, 0.097, 0.106
7.479, 0.090, 0.084, 0.096
7.496, 0.088, 0.095, 0.097
7.513, 0.084, 0.102, 0.098
7.529, 0.086, 0.080, 0.085
7.546, 0.087, 0.093, 0.087
7.563, 0.083, 0.096, 0.085
7.580, 0.085, 0.092, 0.079
7.596, 0.081, 0.086, 0.073
7.613, 0.078, 0.077, 0.070
7.629, 0.067, 0.064, 0.062
7.646, 0.065, 0.057, 0.056
7.663, 0.058, 0.058, 0.055
7.680, 0.052, 0.054, 0.051
7.696, 0.049, 0.060, 0.046
7.713, 0.048, 0.055, 0.044
7.730, 0.038, 0.047, 0.040
7.746, 0.035, 0.043, 0.033
7.763, 0.032, 0.043, 0.033
7.779, 0.022, 0.038, 0.031
7.796, 0.021, 0.028, 0.024
7.813, 0.016, 0.027, 0.024
7.830, 0.011, 0.033, 0.025
7.846, 0.002, 0.017, 0.022
7.863, -0.001, 0.007, 0.019
7.879, -0.006, 0.002, 0.016
7.896, -0.010, 0.002, 0.013
7.912, -0.009, 0.006, 0.011
7.929, -0.011, 0.003, 0.011
7.946, -0.018, -0.003, 0.004
7.963, -0.021, -0.005, 0.005
7.979, -0.021, -0.011, -0.002
7.996, -0.027, -0.017, -0.002
8.012, -0.029, -0.020, -0.004
8.029, -0.034, -0.019, -0.005
8.046, -0.036, -0.021, -0.006
8.063, -0.038, -0.024, -0.007
8.079, -0.038, -0.029, -0.010
8.096, -0.040, -0.024, -0.013
8.112, -0.040, -0.029, -0.013
8.130, -0.042, -0.034, -0.014
8.146, -0.041, -0.030, -0.015
8.164, -0.042, -0.034, -0.016
8.179, -0.040, -0.034, -0.017
8.197, -0.045, -0.028, -0.019
8.212, -0.040, -0.027, -0.020
8.229, -0.043, -0.036, -0.020
8.246, -0.041, -0.032, -0.021
8.263, -0.042, -0.034, -0.022
8.279, -0.036, -0.030, -0.023
8.296, -0.038, -0.033, -0.021
8.312, -0.036, -0.033, -0.022
8.329, -0.036, -0.033, -0.022
8.346, -0.036, -0.033, -0.022
8.362, -0.035, -0.034, -0.021
8.379, -0.032, -0.033, -0.021
8.396, -0.029, -0.025, -0.021
8.412, -0.032, -0.028, -0.022
8.429, -0.027, -0.025, -0.023
8.446, -0.026, -0.021, -0.022
8.462, -0.025, -0.021, -0.021
8.479, -0.022, -0.020, -0.021
8.496, -0.021, -0.023, -0.021
8.512, -0.021, -0.019, -0.020
8.529, -0.019, -0.022, -0.018
8.546, -0.016, -0.019, -0.018
8.562, -0.010, -0.015, -0.018
8.579, -0.012, -0.017, -0.016
8.596, -0.007, -0.011, -0.016
8.612, -0.007, -0.013, -0.015
8.629, -0.003, -0.004, -0.013
8.646, -0.003, -0.007, -0.012
8.662, -0.001, -0.009, -0.012
8.679, -0.000, 0.000, -0.011
8.696, 0.005, 0.002, -0.011
8.712, 0.006, 0.000, -0.010
8.729, 0.009, 0.010, -0.008
8.746, 0.009, 0.007, -0.008
8.762, 0.010, 0.010, -0.007
8.779, 0.013, 0.010, -0.007
8.796, 0.017, 0.010, -0.006
8.812, 0.017, 0.016, -0.005
8.829, 0.019, 0.021, -0.005
8.846, 0.018, 0.020, -0.005
8.862, 0.017, 0.017, -0.005
8.879, 0.017, 0.023, -0.004
8.896, 0.016, 0.020, -0.003
8.912, 0.018, 0.020, -0.003
8.929, 0.018, 0.019, -0.003
8.946, 0.019, 0.026, -0.002
8.962, 0.018, 0.025, -0.002
8.979, 0.021, 0.021, -0.002
8.996, 0.019, 0.022, -0.001
9.013, 0.022, 0.022, -0.001
9.029, 0.022, 0.026, -0.002
9.046, 0.023, 0.028, -0.002
9.062, 0.020, 0.029, -0.000
9.079, 0.022, 0.024, 0.000
9.096, 0.021, 0.029, 0.001
9.112, 0.022, 0.028, 0.001
9.129, 0.020, 0.028, 0.002
9.146, 0.020, 0.032, 0.003
9.162, 0.019, 0.030, 0.003
9.179, 0.021, 0.034, 0.004
9.196, 0.020, 0.035, 0.005
9.212, 0.022, 0.033, 0.005
9.229, 0.022, 0.031, 0.004
9.246, 0.019, 0.028, 0.005
9.262, 0.017, 0.025, 0.005
9.279, 0.014, 0.030, 0.005
9.296, 0.016, 0.025, 0.006
9.312, 0.017, 0.024, 0.005
9.329, 0.013, 0.022, 0.006
9.346, 0.012, 0.023, 0.007
9.362, 0.011, 0.027, 0.007
9.379, 0.012, 0.028, 0.007
9.396, 0.011, 0.025, 0.005
9.412, 0.011, 0.027, 0.004
9.429, 0.007, 0.021, 0.005
9.446, 0.005, 0.020, 0.005
9.462, 0.004, 0.022, 0.006
9.479, 0.003, 0.026, 0.008
9.496, 0.006, 0.018, 0.007
9.513, 0.005, 0.018, 0.007
9.529, 0.004, 0.017, 0.007
9.546, 0.003, 0.014, 0.006
9.563, 0.005, 0.016, 0.006
9.579, 0.002, 0.027, 0.008
9.596, 0.004, 0.019, 0.007
9.612, 0.002, 0.018, 0.007
9.629, -0.001, 0.015, 0.008
9.646, -0.001, 0.008, 0.007
9.662, -0.001, 0.012, 0.008
9.679, 0.000, 0.016, 0.009
9.696, 0.003, 0.018, 0.008
9.712, 0.002, 0.019, 0.007
9.729, 0.000, 0.012, 0.005
9.746, -0.001, 0.012, 0.004
9.762, 0.000, 0.011, 0.003
9.779, -0.000, 0.020, 0.003
9.796, 0.001, 0.019, 0.002
9.813, 0.001, 0.019, 0.003
9.829, 0.001, 0.012, 0.002
9.846, -0.002, 0.013, 0.003
9.862, -0.001, 0.013, 0.003
9.879, 0.003, 0.014, 0.002
9.896, 0.001, 0.009, 0.002
9.912, 0.001, 0.010, 0.002
9.929, -0.001, 0.012, 0.003
9.946, 0.002, 0.011, 0.002
9.962, 0.001, 0.011, 0.001
9.979, 0.002, 0.009, 0.001
9.996, 0.002, 0.014, 0.001
10.012, 0.001, 0.017, 0.001
10.029, 0.004, 0.016, -0.001
10.046, 0.002, 0.014, 0.000
10.062, 0.000, 0.013, -0.001
10.079, 0.002, 0.013, -0.003
10.096, 0.001, 0.007, -0.004
10.112, 0.001, 0.008, -0.004
10.129, 0.002, 0.020, -0.004
10.146, 0.004, 0.017, -0.006
10.162, 0.003, 0.018, -0.006
10.179, 0.006, 0.014, -0.008
10.196, 0.004, 0.019, -0.008
10.212, 0.003, 0.014, -0.009
10.229, 0.004, 0.016, -0.010
10.246, 0.004, 0.018, -0.010
10.262, 0.005, 0.017, -0.011
10.279, 0.008, 0.015, -0.010
10.296, 0.008, 0.011, -0.012
10.313, 0.010, 0.011, -0.013
10.329, 0.008, 0.012, -0.016
10.346, 0.009, 0.015, -0.018
10.362, 0.008, 0.017, -0.018
10.379, 0.008, 0.016, -0.019
10.396, 0.007, 0.014, -0.020
10.412, 0.007, 0.014, -0.020
10.429, 0.008, 0.014, -0.020
10.446, 0.007, 0.017, -0.020
10.463, 0.007, 0.012, -0.020
10.479, 0.008, 0.013, -0.018
10.496, 0.009, 0.016, -0.018
10.513, 0.010, 0.015, -0.019
10.529, 0.007, 0.014, -0.017
10.546, 0.010, 0.008, -0.019
10.562, 0.010, 0.012, -0.020
10.579, 0.011, 0.012, -0.020
10.596, 0.010, 0.011, -0.021
10.613, 0.009, 0.012, -0.021
10.629, 0.008, 0.008, -0.020
10.646, 0.008, 0.012, -0.021
10.662, 0.008, 0.014, -0.021
10.679, 0.010, 0.009, -0.023
10.696, 0.010, 0.010, -0.023
10.712, 0.009, 0.010, -0.023
10.729, 0.008, 0.013, -0.024
10.746, 0.008, 0.017, -0.025
10.763, 0.009, 0.016, -0.025
10.779, 0.007, 0.010, -0.025
10.796, 0.007, 0.010, -0.024
10.812, 0.007, 0.010, -0.024
10.829, 0.007, 0.013, -0.026
10.846, 0.005, 0.006, -0.026
10.862, 0.006, 0.007, -0.026
10.879, 0.006, 0.014, -0.027
10.896, 0.008, 0.016, -0.027
10.912, 0.008, 0.016, -0.028
10.929, 0.007, 0.011, -0.029
10.946, 0.006, 0.016, -0.029
10.962, 0.005, 0.015, -0.029
10.979, 0.005, 0.012, -0.029
10.996, 0.005, 0.012, -0.029
11.012, 0.007, 0.012, -0.030
11.029, 0.005, 0.012, -0.030
11.046, 0.006, 0.003, -0.031
11.062, 0.005, 0.012, -0.030
11.079, 0.003, 0.012, -0.030
11.096, 0.001, 0.010, -0.031
11.112, 0.000, 0.013, -0.030
11.129, 0.002, 0.004, -0.029
11.146, 0.004, 0.008, -0.027
11.162, 0.002, 0.008, -0.027
11.179, 0.003, 0.003, -0.026
11.196, 0.001, 0.005, -0.026
11.213, 0.001, 0.006, -0.025
11.229, -0.000, 0.003, -0.025
11.246, 0.002, 0.004, -0.026
11.262, 0.002, 0.009, -0.026
11.279, 0.005, 0.008, -0.026
11.296, 0.003, 0.005, -0.024
11.313, 0.005, 0.002, -0.024
11.329, 0.004, 0.005, -0.024
11.346, 0.004, 0.006, -0.023
11.363, 0.004, 0.001, -0.023
11.379, 0.005, 0.008, -0.023
11.396, 0.004, 0.004, -0.023
11.412, 0.003, 0.006, -0.022
11.429, 0.005, 0.004, -0.022
11.446, 0.004, -0.002, -0.021
11.462, 0.004, -0.000, -0.021
11.479, 0.004, 0.002, -0.020
11.496, 0.006, -0.003, -0.020
11.512, 0.004, 0.003, -0.019
11.529, 0.007, 0.008, -0.019
11.546, 0.006, 0.010, -0.019
11.562, 0.003, 0.008, -0.018
11.579, 0.005, 0.010, -0.017
11.596, 0.004, 0.006, -0.017
11.612, 0.004, 0.006, -0.017
11.629, 0.005, 0.004, -0.016
11.646, 0.005, 0.009, -0.014
11.662, 0.005, 0.007, -0.014
11.679, 0.004, 0.007, -0.012
11.696, 0.005, 0.010, -0.012
11.712, 0.006, 0.013, -0.011
11.729, 0.007, 0.010, -0.010
11.746, 0.008, 0.010, -0.010
11.762, 0.009, 0.011, -0.010
11.779, 0.011, 0.010, -0.009
11.796, 0.009, 0.017, -0.006
11.812, 0.007, 0.016, -0.006
11.829, 0.009, 0.009, -0.006
11.846, 0.008, 0.014, -0.005
11.862, 0.009, 0.011, -0.005
11.879, 0.009, 0.014, -0.003
11.896, 0.011, 0.016, -0.002
11.912, 0.010, 0.018, -0.002
11.929, 0.011, 0.013, -0.002
11.946, 0.010, 0.010, -0.002
11.963, 0.015, 0.011, -0.004
11.979, 0.010, 0.013, -0.003
11.996, 0.010, 0.017, -0.002
12.013, 0.012, 0.018, -0.002
12.029, 0.013, 0.026, 0.000
12.046, 0.014, 0.011, -0.001
12.063, 0.012, 0.010, -0.001
12.079, 0.013, 0.016, -0.001
12.096, 0.011, 0.017, -0.000
12.113, 0.010, 0.020, 0.001
12.130, 0.009, 0.016, 0.001
12.146, 0.009, 0.017, 0.002
12.163, 0.009, 0.018, 0.002
12.179, 0.011, 0.014, 0.004
12.196, 0.011, 0.016, 0.005
12.213, 0.009, 0.013, 0.005
12.229, 0.010, 0.009, 0.005
12.246, 0.009, 0.016, 0.006
12.263, 0.009, 0.010, 0.006
12.279, 0.007, 0.013, 0.006
12.296, 0.008, 0.011, 0.005
12.313, 0.005, 0.016, 0.006
12.330, 0.006, 0.009, 0.006
12.346, 0.006, 0.012, 0.007
12.363, 0.009, 0.012, 0.006
12.380, 0.010, 0.011, 0.004
12.396, 0.011, 0.015, 0.004
12.412, 0.010, 0.017, 0.004
12.430, 0.008, 0.019, 0.003
12.446, 0.006, 0.014, 0.001
12.463, 0.007, 0.017, 0.001
12.479, 0.006, 0.015, 0.001
12.496, 0.006, 0.017, 0.001
12.513, 0.006, 0.019, 0.001
12.530, 0.006, 0.014, 0.001
12.546, 0.006, 0.014, 0.002
12.563, 0.007, 0.010, 0.002
12.579, 0.006, 0.012, 0.003
12.596, 0.005, 0.013, 0.003
12.613, 0.006, 0.010, 0.003
12.629, 0.005, 0.010, 0.003
12.646, 0.004, 0.009, 0.003
12.663, 0.003, 0.008, 0.003
12.679, 0.003, 0.005, 0.003
12.696, 0.002, 0.012, 0.003
12.713, 0.005, 0.005, 0.003
12.730, 0.006, 0.008, 0.003
12.746, 0.007, 0.013, 0.003
12.763, 0.006, 0.011, 0.003
12.780, 0.004, 0.015, 0.003
12.796, 0.008, 0.012, 0.003
12.813, 0.006, 0.010, 0.003
12.830, 0.009, 0.017, 0.002
12.846, 0.010, 0.015, 0.003
12.863, 0.010, 0.017, 0.003
12.880, 0.002, 0.006, 0.002
12.896, -0.002, 0.003, 0.006
12.913, -0.001, -0.008, 0.007
12.930, -0.013, -0.005, 0.013
12.946, -0.019, -0.011, 0.015
12.963, -0.020, -0.014, 0.016
12.980, -0.018, -0.015, 0.018
12.996, -0.011, -0.007, 0.017
13.013, -0.005, 0.002, 0.018
13.029, 0.004, 0.005, 0.015
13.046, 0.002, 0.007, 0.015
13.063, 0.004, 0.007, 0.014
13.080, -0.003, 0.000, 0.016
13.096, -0.004, -0.003, 0.017
13.113, -0.002, -0.005, 0.016
13.130, 0.003, 0.001, 0.015
13.146, 0.007, 0.009, 0.014
13.163, 0.012, 0.010, 0.012
13.179, 0.015, 0.020, 0.012
13.196, 0.014, 0.017, 0.011
13.213, 0.015, 0.016, 0.010
13.229, 0.017, 0.015, 0.008
13.246, 0.021, 0.020, 0.007
13.263, 0.022, 0.021, 0.007
13.279, 0.023, 0.023, 0.006
13.296, 0.024, 0.021, 0.005
13.313, 0.024, 0.016, 0.004
13.329, 0.027, 0.027, 0.005
13.346, 0.027, 0.026, 0.003
13.363, 0.029, 0.027, 0.003
13.379, 0.026, 0.025, 0.002
13.397, 0.028, 0.024, -0.000
13.412, 0.028, 0.027, 0.000
13.430, 0.027, 0.025, 0.001
13.446, 0.029, 0.028, -0.001
13.463, 0.028, 0.024, -0.002
13.480, 0.027, 0.033, -0.002
13.496, 0.023, 0.026, -0.003
13.513, 0.024, 0.023, -0.003
13.530, 0.026, 0.025, -0.005
13.546, 0.028, 0.023, -0.006
13.563, 0.027, 0.026, -0.006
13.579, 0.025, 0.027, -0.007
13.596, 0.020, 0.016, -0.007
13.612, 0.017, 0.014, -0.008
13.629, 0.013, 0.011, -0.005
13.646, 0.012, 0.019, -0.004
13.663, 0.011, 0.022, -0.004
13.679, 0.014, 0.017, -0.006
13.696, 0.014, 0.018, -0.006
13.713, 0.014, 0.017, -0.007
13.730, 0.011, 0.017, -0.007
13.746, 0.006, 0.009, -0.006
13.763, 0.004, 0.007, -0.006
13.779, 0.001, 0.004, -0.004
13.796, 0.000, 0.006, -0.002
13.813, -0.001, 0.005, -0.001
13.829, 0.006, 0.005, -0.004
13.846, 0.008, 0.008, -0.004
13.863, 0.007, 0.008, -0.004
13.879, 0.008, 0.015, -0.003
13.896, 0.008, 0.010, -0.005
13.913, 0.008, 0.009, -0.005
13.929, 0.010, 0.015, -0.005
13.946, 0.011, 0.017, -0.005
13.963, 0.013, 0.017, -0.005
13.979, 0.008, 0.015, -0.005
13.996, 0.007, 0.014, -0.004
14.013, 0.006, 0.009, -0.003
14.029, 0.008, 0.014, -0.004
14.046, 0.011, 0.014, -0.005
14.063, 0.009, 0.014, -0.004
14.079, 0.009, 0.018, -0.005
14.096, 0.009, 0.014, -0.006
14.113, 0.011, 0.013, -0.006
14.129, 0.007, 0.013, -0.005
14.146, 0.005, 0.013, -0.003
14.163, 0.006, 0.008, -0.004
14.180, 0.003, 0.003, -0.001
14.196, 0.004, 0.004, -0.002
14.213, 0.000, 0.008, 0.002
14.229, 0.003, 0.003, 0.001
14.246, 0.000, -0.001, 0.001
14.263, -0.002, 0.003, 0.002
14.279, -0.004, 0.002, 0.004
14.296, -0.005, -0.003, 0.006
14.313, -0.005, -0.004, 0.007
14.329, -0.011, -0.000, 0.010
14.346, -0.008, -0.004, 0.009
14.363, -0.005, 0.000, 0.008
14.379, 0.001, 0.001, 0.008
14.396, 0.004, 0.005, 0.007
14.413, 0.009, 0.007, 0.006
14.429, 0.008, 0.009, 0.005
14.446, 0.008, 0.012, 0.007
14.463, 0.010, 0.010, 0.004
14.479, 0.012, 0.010, 0.003
14.496, 0.015, 0.010, 0.002
14.513, 0.018, 0.013, 0.001
14.529, 0.012, 0.014, 0.002
14.546, 0.004, 0.010, 0.005
14.563, 0.007, 0.008, 0.003
14.579, -0.000, 0.006, 0.005
14.596, 0.004, 0.008, 0.005
14.613, 0.007, 0.010, 0.005
14.629, 0.015, 0.014, 0.003
14.646, 0.016, 0.018, 0.003
14.663, 0.015, 0.021, 0.002
14.679, 0.013, 0.013, 0.001
14.696, 0.013, 0.016, 0.001
14.712, 0.014, 0.015, 0.000
14.729, 0.016, 0.018, -0.001
14.746, 0.021, 0.023, -0.000
14.763, 0.020, 0.025, -0.001
14.780, 0.021, 0.023, -0.003
14.796, 0.020, 0.015, -0.003
14.813, 0.019, 0.017, -0.003
14.829, 0.020, 0.021, -0.003
14.846, 0.020, 0.022, -0.003
14.863, 0.020, 0.021, -0.002
14.879, 0.012, 0.008, 0.000
14.896, 0.007, 0.007, 0.002
14.913, 0.001, 0.006, 0.005
14.930, -0.007, -0.005, 0.007
14.946, -0.009, -0.000, 0.011
14.963, -0.005, 0.004, 0.010
14.980, -0.003, 0.013, 0.011
14.996, 0.005, 0.006, 0.007
15.013, 0.009, 0.009, 0.006
15.029, 0.010, 0.016, 0.005
15.046, 0.008, 0.019, 0.003
15.063, 0.010, 0.020, 0.002
15.080, 0.010, 0.025, 0.001
15.096, 0.013, 0.030, 0.000
15.113, 0.015, 0.024, -0.002
15.130, 0.016, 0.027, -0.002
15.146, 0.015, 0.025, -0.003
15.163, 0.016, 0.026, -0.004
15.179, 0.016, 0.026, -0.005
15.196, 0.018, 0.022, -0.007
15.213, 0.020, 0.025, -0.007
15.229, 0.020, 0.027, -0.008
15.246, 0.019, 0.033, -0.007
15.263, 0.021, 0.030, -0.009
15.279, 0.017, 0.027, -0.009
15.296, 0.019, 0.020, -0.007
15.313, 0.022, 0.022, -0.010
15.330, 0.021, 0.016, -0.010
15.346, 0.020, 0.022, -0.008
15.363, 0.019, 0.020, -0.008
15.380, 0.021, 0.019, -0.010
15.396, 0.021, 0.025, -0.008
15.413, 0.020, 0.024, -0.007
15.430, 0.018, 0.018, -0.007
15.446, 0.018, 0.026, -0.007
15.463, 0.018, 0.022, -0.008
15.479, 0.017, 0.020, -0.007
15.496, 0.018, 0.023, -0.008
15.513, 0.019, 0.024, -0.008
15.529, 0.016, 0.017, -0.010
15.546, 0.011, 0.017, -0.009
15.563, 0.012, 0.014, -0.008
15.580, 0.006, 0.008, -0.006
15.596, -0.000, 0.009, -0.001
15.612, -0.002, 0.004, 0.000
15.629, -0.006, 0.002, 0.001
15.646, -0.006, 0.002, 0.001
15.663, -0.007, 0.003, 0.002
15.679, -0.005, 0.005, 0.003
15.696, -0.002, 0.010, 0.002
15.713, -0.002, 0.003, 0.002
15.729, 0.003, 0.006, 0.001
15.746, 0.003, 0.007, -0.000
15.763, 0.002, 0.007, -0.001
15.780, 0.003, 0.017, -0.001
15.796, 0.004, 0.016, -0.001
15.813, 0.005, 0.013, -0.002
15.830, 0.009, 0.012, -0.003
15.846, 0.008, 0.009, -0.002
15.863, 0.007, 0.011, -0.002
15.880, 0.004, 0.008, 0.001
15.896, 0.006, 0.009, -0.001
15.916, 0.005, 0.010, -0.000
15.929, 0.006, 0.018, -0.001
15.946, 0.008, 0.009, -0.003
15.963, 0.010, 0.011, -0.002
15.980, 0.010, 0.009, -0.002
15.996, 0.009, 0.012, 0.001
16.013, 0.008, 0.009, 0.000
16.030, 0.007, 0.011, -0.003
16.046, 0.009, 0.013, -0.002
16.063, 0.009, 0.014, -0.001
16.079, 0.009, 0.015, -0.003
16.096, 0.007, 0.008, -0.006
16.113, 0.003, 0.012, -0.005
16.130, -0.003, 0.005, -0.003
16.146, -0.005, 0.001, -0.002
16.163, -0.003, -0.000, -0.003
16.180, -0.004, 0.004, -0.002
16.196, 0.001, 0.007, -0.003
16.213, 0.002, 0.009, -0.003
16.230, 0.004, 0.011, -0.003
16.246, 0.003, 0.015, -0.004
16.263, 0.003, 0.010, -0.005
16.279, 0.003, 0.010, -0.004
16.296, 0.002, 0.012, -0.004
16.313, 0.006, 0.013, -0.005
16.329, 0.007, 0.013, -0.006
16.346, 0.008, 0.016, -0.006
16.363, 0.009, 0.016, -0.006
16.380, 0.010, 0.020, -0.007
16.396, 0.011, 0.019, -0.006
16.413, 0.010, 0.015, -0.007
16.430, 0.009, 0.015, -0.002
16.446, 0.009, 0.013, -0.005
16.463, 0.007, 0.015, -0.005
16.479, 0.007, 0.013, -0.005
16.496, 0.008, 0.013, -0.004
16.513, 0.006, 0.013, -0.004
16.529, 0.006, 0.019, -0.004
16.546, 0.008, 0.013, -0.003
16.563, 0.009, 0.013, -0.003
16.579, 0.009, 0.013, -0.004
16.596, 0.007, 0.015, -0.003
16.612, 0.008, 0.011, -0.004
16.629, 0.009, 0.017, -0.004
16.646, 0.009, 0.016, -0.005
16.663, 0.008, 0.016, -0.005
16.679, 0.006, 0.014, -0.005
16.696, 0.005, 0.017, -0.005
16.713, 0.004, 0.015, -0.005
16.729, 0.008, 0.005, -0.006
16.746, 0.008, 0.013, -0.006
16.763, 0.007, 0.010, -0.006
16.779, 0.007, 0.008, -0.005
16.796, 0.006, 0.010, -0.005
16.813, 0.006, 0.011, -0.005
16.829, 0.005, 0.010, -0.004
16.846, 0.005, 0.010, -0.004
16.863, 0.005, 0.008, -0.004
16.879, 0.007, 0.006, -0.003
16.896, 0.006, 0.011, -0.003
16.913, 0.007, 0.008, -0.003
16.929, 0.007, 0.010, -0.003
16.946, 0.007, 0.011, -0.001
16.962, 0.007, 0.013, -0.003
16.979, 0.009, 0.007, -0.004
16.996, 0.009, 0.006, -0.003
17.013, 0.008, 0.007, -0.002
17.029, 0.003, 0.000, -0.001
17.046, 0.005, 0.007, -0.001
17.064, 0.005, 0.005, -0.001
17.080, 0.008, 0.008, -0.000
17.096, 0.010, 0.007, -0.000
17.113, 0.010, 0.007, -0.000
17.130, 0.008, 0.011, 0.001
17.146, 0.008, 0.013, 0.001
17.164, 0.007, 0.016, 0.002
17.180, 0.007, 0.007, 0.001
17.196, 0.006, 0.012, 0.003
17.213, 0.006, 0.006, 0.003
17.230, 0.009, 0.008, 0.003
17.247, 0.008, 0.006, 0.004
17.264, 0.008, 0.007, 0.005
17.280, 0.011, 0.003, 0.005
17.296, 0.010, 0.006, 0.006
17.313, 0.011, 0.004, 0.007
17.330, 0.009, 0.008, 0.008
17.346, 0.009, 0.002, 0.008
17.363, 0.008, 0.003, 0.009
17.380, 0.012, 0.011, 0.010
17.396, 0.015, 0.004, 0.010
17.413, 0.013, 0.009, 0.010
17.430, 0.013, 0.004, 0.009
17.446, 0.013, 0.004, 0.009
17.463, 0.013, 0.007, 0.008
17.479, 0.010, 0.011, 0.010
17.497, 0.010, 0.007, 0.009
17.513, 0.013, 0.005, 0.011
17.530, 0.015, 0.013, 0.008
17.547, 0.015, 0.009, 0.008
17.563, 0.014, 0.009, 0.007
17.580, 0.015, 0.014, 0.007
17.596, 0.017, 0.015, 0.006
17.613, 0.019, 0.015, 0.006
17.629, 0.012, 0.012, 0.005
17.646, 0.013, 0.011, 0.004
17.663, 0.018, 0.013, 0.003
17.679, 0.016, 0.020, 0.005
17.696, 0.015, 0.011, 0.002
17.713, 0.017, 0.011, 0.001
17.730, 0.013, 0.008, 0.002
17.746, 0.011, 0.014, 0.003
17.763, 0.010, 0.012, 0.003
17.779, 0.012, 0.007, 0.003
17.796, 0.013, 0.013, 0.004
17.813, 0.015, 0.013, 0.002
17.829, 0.017, 0.021, 0.001
17.846, 0.016, 0.013, 0.001
17.863, 0.013, 0.011, 0.001
17.880, 0.007, 0.013, 0.001
17.896, 0.006, 0.011, 0.000
17.913, 0.006, 0.015, 0.001
17.929, 0.010, 0.008, 0.000
17.946, 0.013, 0.010, 0.001
17.963, 0.013, 0.012, -0.000
17.979, 0.012, 0.013, -0.000
17.996, 0.011, 0.012, -0.003
18.013, 0.011, 0.011, -0.004
18.029, 0.012, 0.013, -0.004
18.046, 0.011, 0.014, -0.004
18.063, 0.011, 0.015, -0.004
18.080, 0.008, 0.017, -0.003
18.096, 0.008, 0.020, -0.004
18.113, 0.010, 0.020, -0.002
18.130, 0.013, 0.019, -0.005
18.146, 0.015, 0.020, -0.006
18.163, 0.012, 0.026, -0.005
18.180, 0.009, 0.015, -0.006
18.196, 0.008, 0.019, -0.004
18.213, 0.011, 0.018, -0.004
18.230, 0.012, 0.012, -0.004
18.246, 0.012, 0.017, -0.004
18.263, 0.008, 0.018, -0.003
18.280, 0.007, 0.017, -0.002
18.296, 0.003, 0.014, -0.001
18.313, 0.002, 0.011, 0.000
18.330, -0.006, -0.001, 0.005
18.346, -0.012, -0.001, 0.008
18.363, -0.012, -0.005, 0.008
18.380, -0.013, -0.008, 0.010
18.396, -0.007, 0.002, 0.010
18.413, -0.005, 0.002, 0.009
18.430, 0.001, 0.009, 0.008
18.446, 0.003, 0.010, 0.007
18.463, -0.001, 0.011, 0.009
18.480, 0.001, 0.014, 0.005
18.496, 0.004, 0.013, 0.004
18.516, 0.007, 0.016, 0.004
18.529, 0.009, 0.021, 0.002
18.546, 0.008, 0.025, 0.001
18.563, 0.008, 0.019, 0.000
18.579, 0.008, 0.018, -0.000
18.596, 0.008, 0.019, -0.001
18.613, 0.011, 0.018, -0.001
18.630, 0.014, 0.022, -0.001
18.646, 0.015, 0.019, -0.002
18.663, 0.017, 0.019, -0.002
18.679, 0.015, 0.022, -0.003
18.696, 0.016, 0.024, -0.003
18.713, 0.015, 0.018, -0.000
18.733, 0.020, 0.025, -0.004
18.746, 0.022, 0.028, -0.005
18.763, 0.021, 0.028, -0.004
18.780, 0.020, 0.030, -0.004
18.796, 0.020, 0.017, -0.005
18.813, 0.017, 0.016, -0.005
18.829, 0.019, 0.016, -0.004
18.846, 0.018, 0.020, -0.002
18.863, 0.018, 0.021, -0.002
18.879, 0.020, 0.025, -0.001
18.896, 0.017, 0.019, 0.000
18.913, 0.020, 0.018, 0.001
18.929, 0.018, 0.021, 0.003
18.946, 0.015, 0.018, 0.004
18.963, 0.013, 0.016, 0.004
18.979, 0.011, 0.021, 0.004
18.996, 0.010, 0.019, 0.004
19.013, 0.011, 0.019, 0.004
19.029, 0.011, 0.020, 0.005
19.046, 0.013, 0.018, 0.004
19.063, 0.011, 0.022, 0.005
19.079, 0.011, 0.013, 0.005
19.096, 0.009, 0.012, 0.006
19.113, 0.007, 0.013, 0.007
19.129, 0.003, 0.016, 0.007
19.146, 0.004, 0.008, 0.007
19.162, 0.002, 0.007, 0.008
19.179, 0.008, -0.004, 0.011
19.196, 0.013, -0.014, 0.010
19.212, 0.019, -0.014, 0.010
19.229, 0.030, -0.031, 0.007
19.246, 0.026, -0.032, 0.009
19.262, 0.027, -0.033, 0.009
19.279, 0.026, -0.034, 0.013
19.296, 0.031, -0.042, 0.011
19.312, 0.032, -0.042, 0.010
19.329, 0.035, -0.053, 0.012
19.346, 0.032, -0.053, 0.012
19.362, 0.035, -0.057, 0.011
19.379, 0.038, -0.060, 0.011
19.396, 0.034, -0.055, 0.013
19.412, 0.035, -0.053, 0.014
19.429, 0.038, -0.053, 0.013
19.446, 0.040, -0.059, 0.013
19.462, 0.040, -0.056, 0.012
19.479, 0.039, -0.049, 0.014
19.496, 0.039, -0.048, 0.014
19.512, 0.037, -0.047, 0.014
19.529, 0.040, -0.054, 0.011
19.546, 0.035, -0.045, 0.014
19.563, 0.041, -0.039, 0.012
19.579, 0.036, -0.037, 0.012
19.596, 0.036, -0.035, 0.011
19.612, 0.035, -0.033, 0.012
19.630, 0.034, -0.033, 0.010
19.646, 0.037, -0.021, 0.008
19.662, 0.031, -0.022, 0.009
19.679, 0.033, -0.033, 0.006
19.696, 0.033, -0.021, 0.006
19.713, 0.031, -0.018, 0.008
19.729, 0.029, -0.017, 0.005
19.746, 0.026, -0.012, 0.005
19.762, 0.031, -0.016, 0.002
19.779, 0.029, -0.001, 0.002
19.796, 0.026, 0.000, 0.003
19.812, 0.028, -0.008, 0.001
19.829, 0.022, -0.000, 0.003
19.846, 0.025, 0.004, 0.001
19.862, 0.022, 0.005, 0.003
19.879, 0.018, -0.002, 0.003
19.896, 0.019, 0.010, 0.003
19.912, 0.022, 0.000, 0.002
19.929, 0.018, 0.005, 0.002
19.946, 0.017, 0.006, 0.003
19.963, 0.019, 0.010, 0.002
19.979, 0.020, 0.016, 0.002
19.996, 0.017, 0.015, 0.001
20.013, 0.018, 0.018, 0.000
20.029, 0.018, 0.019, 0.001
20.046, 0.019, 0.015, -0.001
20.063, 0.017, 0.022, 0.002
20.079, 0.016, 0.015, 0.001
20.096, 0.015, 0.020, 0.001
20.113, 0.016, 0.021, 0.003
20.129, 0.015, 0.027, 0.002
20.146, 0.013, 0.022, 0.002
20.162, 0.015, 0.020, 0.003
20.179, 0.018, 0.028, 0.002
20.196, 0.016, 0.022, 0.002
20.213, 0.017, 0.020, 0.001
20.229, 0.016, 0.029, -0.000
20.246, 0.013, 0.019, -0.000
20.264, 0.014, 0.020, -0.002
20.279, 0.013, 0.024, -0.000
20.296, 0.014, 0.022, -0.001
20.313, 0.015, 0.027, 0.000
20.329, 0.015, 0.018, -0.000
20.346, 0.015, 0.023, 0.002
20.365, 0.017, 0.019, -0.001
20.379, 0.013, 0.018, -0.000
20.396, 0.011, 0.018, 0.003
20.412, 0.012, 0.017, -0.001
20.429, 0.009, 0.018, 0.001
20.446, 0.004, 0.013, 0.003
20.463, 0.009, 0.016, 0.000
20.480, 0.007, 0.014, 0.001
20.496, 0.008, 0.011, -0.000
20.513, 0.009, 0.015, 0.001
20.529, 0.011, 0.017, -0.001
20.546, 0.010, 0.013, -0.000
20.563, 0.013, 0.016, 0.000
20.580, 0.015, 0.026, -0.000
20.596, 0.013, 0.017, -0.002
20.613, 0.010, 0.012, -0.002
20.629, 0.008, 0.018, -0.005
20.646, 0.012, 0.008, -0.007
20.663, 0.009, 0.023, -0.006
20.679, 0.014, 0.015, -0.009
20.696, 0.016, 0.013, -0.011
20.713, 0.013, 0.026, -0.010
20.730, 0.014, 0.013, -0.011
20.746, 0.015, 0.017, -0.014
20.763, 0.012, 0.014, -0.011
20.779, 0.020, 0.008, -0.016
20.796, 0.018, 0.012, -0.014
20.813, 0.024, 0.012, -0.014
20.829, 0.024, 0.015, -0.014
20.846, 0.023, 0.013, -0.014
20.863, 0.028, 0.016, -0.013
20.879, 0.026, 0.023, -0.015
20.896, 0.031, 0.009, -0.014
20.913, 0.030, 0.012, -0.014
20.930, 0.032, 0.013, -0.015
20.946, 0.035, 0.016, -0.017
20.963, 0.035, 0.015, -0.015
20.979, 0.034, 0.014, -0.016
20.996, 0.036, 0.013, -0.016
21.013, 0.037, 0.011, -0.016
21.029, 0.035, 0.012, -0.015
21.046, 0.035, 0.013, -0.015
21.063, 0.035, 0.003, -0.015
21.079, 0.035, 0.004, -0.014
21.096, 0.035, 0.014, -0.016
21.113, 0.038, 0.017, -0.015
21.129, 0.034, 0.014, -0.014
21.146, 0.032, 0.006, -0.012
21.163, 0.036, 0.004, -0.014
21.180, 0.033, 0.005, -0.008
21.196, 0.032, 0.008, -0.007
21.213, 0.035, -0.002, -0.006
21.229, 0.033, 0.008, -0.003
21.246, 0.037, 0.010, 0.002
21.263, 0.034, 0.006, -0.001
21.281, 0.032, 0.013, 0.000
21.296, 0.034, 0.014, -0.001
21.313, 0.030, 0.010, 0.003
21.329, 0.024, 0.005, 0.006
21.346, 0.023, 0.008, 0.006
21.363, 0.022, 0.008, 0.005
21.382, 0.020, 0.016, 0.005
21.396, 0.018, 0.024, 0.009
21.413, 0.017, 0.021, 0.005
21.429, 0.022, 0.030, 0.008
21.446, 0.018, 0.020, 0.011
21.463, 0.018, 0.026, 0.009
21.484, 0.018, 0.037, 0.010
21.496, 0.018, 0.023, 0.010
21.513, 0.017, 0.022, 0.012
21.529, 0.005, 0.014, 0.016
21.546, 0.002, 0.024, 0.020
21.563, 0.002, 0.011, 0.023
21.579, -0.005, -0.002, 0.029
21.596, -0.005, -0.000, 0.032
21.612, -0.000, -0.002, 0.035
21.629, -0.004, 0.004, 0.035
21.646, -0.001, 0.004, 0.037
21.663, -0.006, 0.004, 0.039
21.679, -0.014, -0.005, 0.047
21.696, -0.014, -0.002, 0.046
21.713, -0.015, -0.007, 0.053
21.729, -0.020, -0.006, 0.054
21.746, -0.018, -0.015, 0.058
21.763, -0.017, -0.010, 0.059
21.779, -0.015, -0.010, 0.065
21.796, -0.017, -0.019, 0.065
21.813, -0.019, -0.015, 0.067
21.829, -0.020, -0.020, 0.070
21.846, -0.011, -0.020, 0.071
21.863, -0.011, -0.012, 0.071
21.879, 0.004, -0.005, 0.070
21.896, 0.017, -0.001, 0.070
21.913, 0.024, 0.014, 0.070
21.929, 0.030, 0.009, 0.065
21.946, 0.033, 0.015, 0.070
21.963, 0.029, 0.013, 0.067
21.979, 0.031, 0.005, 0.069
21.996, 0.028, 0.010, 0.069
22.012, 0.032, 0.008, 0.061
22.029, 0.031, 0.011, 0.070
22.046, 0.038, 0.025, 0.065
22.063, 0.041, 0.018, 0.063
22.079, 0.047, 0.029, 0.064
22.096, 0.051, 0.032, 0.058
22.113, 0.053, 0.028, 0.054
22.129, 0.054, 0.033, 0.055
22.146, 0.054, 0.032, 0.050
22.162, 0.050, 0.035, 0.050
22.179, 0.042, 0.022, 0.048
22.196, 0.037, 0.024, 0.048
22.212, 0.031, 0.017, 0.053
22.229, 0.034, 0.038, 0.049
22.246, 0.041, 0.029, 0.045
22.263, 0.043, 0.030, 0.045
22.279, 0.051, 0.041, 0.041
22.296, 0.039, 0.039, 0.046
22.313, 0.040, 0.041, 0.039
22.329, 0.044, 0.040, 0.034
22.346, 0.040, 0.027, 0.029
22.363, 0.037, 0.027, 0.027
22.379, 0.043, 0.021, 0.024
22.396, 0.036, 0.023, 0.023
22.412, 0.035, 0.024, 0.022
22.429, 0.023, 0.038, 0.017
22.446, 0.021, 0.057, 0.012
22.462, 0.008, 0.059, 0.011
22.479, 0.019, 0.083, 0.006
22.496, 0.021, 0.080, 0.002
22.512, 0.025, 0.083, -0.001
22.529, 0.020, 0.072, -0.005
22.546, 0.008, 0.082, -0.007
22.562, 0.005, 0.083, -0.009
22.579, -0.016, 0.078, -0.009
22.596, -0.020, 0.074, -0.008
22.612, -0.025, 0.080, -0.008
22.629, -0.020, 0.083, -0.012
22.646, -0.015, 0.084, -0.016
22.662, -0.008, 0.082, -0.021
22.679, 0.002, 0.104, -0.032
22.696, 0.006, 0.098, -0.036
22.712, 0.005, 0.100, -0.039
22.729, -0.002, 0.100, -0.047
22.746, -0.007, 0.100, -0.045
22.762, -0.008, 0.089, -0.050
22.779, -0.015, 0.075, -0.049
22.796, -0.016, 0.072, -0.051
22.813, -0.026, 0.071, -0.050
22.829, -0.015, 0.072, -0.059
22.846, -0.010, 0.079, -0.060
22.863, -0.008, 0.077, -0.062
22.879, -0.003, 0.065, -0.072
22.896, -0.007, 0.065, -0.076
22.913, -0.007, 0.062, -0.078
22.929, -0.010, 0.048, -0.076
22.946, -0.010, 0.048, -0.080
22.963, -0.002, 0.045, -0.082
22.979, 0.005, 0.043, -0.085
22.996, 0.011, 0.040, -0.089
23.013, 0.011, 0.038, -0.092
23.029, 0.011, 0.040, -0.096
23.046, 0.014, 0.023, -0.097
23.063, 0.013, 0.021, -0.103
23.079, 0.016, 0.016, -0.104
23.096, 0.031, 0.002, -0.109
23.113, 0.038, 0.001, -0.112
23.129, 0.048, -0.001, -0.119
23.146, 0.046, -0.005, -0.120
23.163, 0.047, -0.003, -0.121
23.179, 0.050, -0.006, -0.123
23.196, 0.050, -0.007, -0.122
23.213, 0.045, -0.004, -0.123
23.229, 0.046, -0.010, -0.123
23.246, 0.036, -0.003, -0.113
23.263, 0.035, -0.008, -0.114
23.279, 0.019, 0.003, -0.103
23.296, 0.013, -0.007, -0.099
23.313, 0.007, -0.006, -0.097
23.329, 0.006, -0.008, -0.087
23.346, -0.002, -0.004, -0.083
23.363, -0.007, -0.003, -0.080
23.379, -0.023, -0.011, -0.067
23.396, -0.027, -0.002, -0.060
23.413, -0.027, -0.002, -0.056
23.429, -0.024, 0.002, -0.051
23.446, -0.029, 0.003, -0.044
23.463, -0.026, 0.004, -0.042
23.479, -0.028, 0.009, -0.035
23.496, -0.039, 0.006, -0.031
23.513, -0.046, 0.009, -0.028
23.529, -0.041, 0.006, -0.023
23.546, -0.051, 0.002, -0.017
23.563, -0.055, -0.002, -0.013
23.579, -0.065, -0.002, -0.004
23.596, -0.064, 0.002, -0.001
23.613, -0.065, 0.008, 0.002
23.629, -0.038, 0.019, 0.009
23.646, -0.018, 0.035, 0.007
23.663, -0.019, 0.046, 0.014
23.679, -0.015, 0.042, 0.013
23.696, -0.019, 0.032, 0.013
23.713, -0.017, 0.028, 0.015
23.729, -0.026, 0.020, 0.018
23.746, -0.027, 0.015, 0.020
23.763, -0.026, 0.017, 0.021
23.779, -0.012, 0.033, 0.026
23.796, 0.001, 0.017, 0.022
23.813, 0.005, 0.020, 0.022
23.829, 0.008, 0.017, 0.024
23.846, 0.013, 0.021, 0.021
23.863, 0.009, 0.020, 0.023
23.879, -0.003, 0.009, 0.031
23.896, -0.006, 0.007, 0.032
23.913, -0.004, -0.002, 0.036
23.929, -0.005, -0.005, 0.040
23.946, 0.003, 0.006, 0.036
23.963, 0.002, 0.012, 0.037
23.979, 0.014, 0.004, 0.036
23.996, 0.012, 0.010, 0.030
24.013, 0.011, 0.010, 0.029
24.029, 0.016, 0.010, 0.027
24.046, 0.024, 0.007, 0.024
24.063, 0.024, 0.005, 0.025
24.079, 0.013, 0.011, 0.020
24.096, 0.003, 0.002, 0.022
24.113, 0.001, 0.010, 0.022
24.129, 0.003, 0.018, 0.016
24.146, 0.004, 0.013, 0.015
24.163, 0.019, 0.010, 0.009
24.179, 0.017, 0.009, 0.009
24.196, 0.015, 0.007, 0.003
24.213, 0.018, 0.003, 0.002
24.229, 0.019, 0.018, -0.001
24.246, 0.024, 0.027, -0.005
24.263, 0.028, 0.035, -0.009
24.279, 0.041, 0.019, -0.013
24.296, 0.039, 0.014, -0.014
24.313, 0.043, 0.014, -0.019
24.329, 0.060, 0.004, -0.023
24.346, 0.077, -0.014, -0.030
24.363, 0.087, -0.040, -0.035
24.379, 0.106, -0.091, -0.043
24.396, 0.132, -0.122, -0.057
24.413, 0.142, -0.144, -0.058
24.429, 0.181, -0.216, -0.083
24.446, 0.213, -0.263, -0.102
24.463, 0.224, -0.294, -0.107
24.479, -0.048, -0.110, -0.073
24.496, -0.148, 0.033, -0.081
24.513, -0.052, 0.058, -0.087
24.529, 0.139, 0.063, -0.124
24.546, 0.136, -0.019, -0.200
24.563, 0.133, -0.060, -0.234
24.579, 0.004, -0.063, -0.330
24.596, -0.048, -0.033, -0.360
24.613, 0.067, -0.009, -0.388
24.629, 0.060, -0.053, -0.437
24.646, 0.032, -0.052, -0.472
24.663, 0.003, -0.043, -0.485
24.680, 0.025, -0.004, -0.529
24.699, 0.027, -0.022, -0.542
24.713, 0.030, -0.029, -0.550
24.729, -0.002, -0.016, -0.558
24.746, -0.014, -0.016, -0.560
24.763, -0.013, -0.021, -0.558
24.779, -0.010, -0.020, -0.552
24.796, -0.012, -0.025, -0.545
24.813, -0.011, -0.027, -0.546
24.829, -0.003, -0.027, -0.553
24.846, 0.001, -0.031, -0.553
24.863, 0.001, -0.035, -0.553
24.879, 0.002, -0.035, -0.554
24.896, 0.000, -0.034, -0.553
24.913, -0.001, -0.031, -0.553
24.929, -0.003, -0.025, -0.553
24.946, -0.007, -0.024, -0.551
24.963, -0.007, -0.025, -0.549
24.979, -0.005, -0.026, -0.552
24.996, -0.003, -0.029, -0.552
25.013, -0.004, -0.031, -0.553
25.029, -0.002, -0.028, -0.553
25.046, -0.002, -0.029, -0.553
25.063, -0.004, -0.030, -0.550
25.079, 0.004, -0.034, -0.554
25.096, 0.003, -0.034, -0.553
25.113, 0.003, -0.034, -0.554
25.129, 0.004, -0.035, -0.553
25.146, 0.004, -0.035, -0.553
25.163, 0.001, -0.031, -0.552
25.179, 0.004, -0.034, -0.553
25.196, 0.001, -0.032, -0.553
25.213, 0.005, -0.035, -0.553
25.229, 0.003, -0.033, -0.554
25.246, 0.005, -0.032, -0.554
25.263, 0.006, -0.037, -0.554
25.279, 0.006, -0.035, -0.554
25.296, 0.005, -0.034, -0.553
25.313, 0.003, -0.030, -0.554
25.329, -0.006, -0.026, -0.549
25.346, -0.008, -0.023, -0.552
25.363, -0.006, -0.024, -0.552
25.379, -0.008, -0.022, -0.553
25.396, 0.002, -0.032, -0.551
25.413, -0.001, -0.029, -0.552
25.429, -0.003, -0.029, -0.549
25.446, 0.006, -0.036, -0.554
25.463, 0.006, -0.036, -0.554
25.479, -0.001, -0.030, -0.552
25.496, -0.004, -0.026, -0.551
25.513, -0.003, -0.026, -0.552
25.529, 0.002, -0.033, -0.553
25.546, -0.002, -0.030, -0.552
25.563, -0.002, -0.028, -0.553
25.579, 0.006, -0.031, -0.554
25.596, 0.003, -0.023, -0.554
25.613, 0.000, -0.035, -0.552
25.629, -0.002, -0.030, -0.553
25.646, 0.001, -0.031, -0.553
25.663, 0.001, -0.032, -0.554
25.679, 0.000, -0.030, -0.554
25.696, 0.003, -0.033, -0.553
25.713, 0.004, -0.033, -0.553
25.729, 0.006, -0.034, -0.554
25.746, 0.006, -0.038, -0.554
25.763, 0.006, -0.040, -0.554
25.779, 0.007, -0.039, -0.554
25.796, 0.006, -0.036, -0.554
25.813, 0.005, -0.035, -0.554
25.829, -0.003, -0.028, -0.551
25.846, -0.005, -0.024, -0.552
25.863, -0.001, -0.031, -0.552
25.879, -0.005, -0.027, -0.551
25.896, -0.000, -0.028, -0.554
25.913, 0.001, -0.030, -0.553
25.929, 0.007, -0.040, -0.554
25.946, -0.003, -0.031, -0.552
25.963, -0.000, -0.030, -0.553
25.979, -0.000, -0.030, -0.552
25.996, 0.001, -0.032, -0.553
26.013, 0.003, -0.033, -0.552
26.029, 0.006, -0.037, -0.552
26.046, 0.007, -0.037, -0.554
26.063, 0.008, -0.039, -0.554
26.079, 0.008, -0.035, -0.555
26.096, 0.004, -0.036, -0.554
26.113, 0.003, -0.033, -0.554
26.129, 0.000, -0.031, -0.553
26.146, -0.001, -0.029, -0.553
26.163, -0.001, -0.029, -0.553
26.179, -0.001, -0.029, -0.553
26.196, -0.001, -0.028, -0.552
26.213, 0.001, -0.030, -0.553
26.229, 0.000, -0.030, -0.553
26.246, -0.000, -0.034, -0.553
26.263, 0.006, -0.038, -0.552
26.279, 0.005, -0.037, -0.554
26.296, 0.006, -0.036, -0.554
26.313, 0.004, -0.035, -0.550
26.329, 0.006, -0.036, -0.554
26.346, 0.006, -0.037, -0.551
26.363, 0.005, -0.037, -0.553
26.379, 0.006, -0.036, -0.551
26.396, 0.001, -0.034, -0.552
26.413, 0.006, -0.036, -0.553
26.429, 0.006, -0.038, -0.554
26.446, 0.006, -0.033, -0.554
26.463, 0.004, -0.036, -0.554
26.479, 0.001, -0.030, -0.552
26.496, -0.001, -0.027, -0.553
26.513, -0.002, -0.028, -0.553
26.529, -0.001, -0.030, -0.551
26.546, -0.000, -0.028, -0.553
26.563, 0.002, -0.032, -0.553
26.579, -0.000, -0.034, -0.552
26.596, -0.001, -0.032, -0.553
26.613, -0.001, -0.027, -0.553
26.629, -0.003, -0.027, -0.552
26.646, -0.004, -0.025, -0.553
26.663, -0.003, -0.026, -0.553
26.679, -0.002, -0.028, -0.553
26.696, -0.001, -0.029, -0.553
26.713, 0.001, -0.031, -0.553
26.729, 0.000, -0.034, -0.553
26.746, 0.001, -0.031, -0.553
26.763, 0.001, -0.034, -0.553
26.779, 0.000, -0.031, -0.553
26.796, 0.000, -0.028, -0.552
26.813, -0.001, -0.030, -0.552
26.829, -0.001, -0.025, -0.553
26.846, -0.001, -0.030, -0.550
26.863, -0.002, -0.030, -0.553
26.879, 0.001, -0.029, -0.553
26.896, 0.001, -0.033, -0.553
26.913, 0.001, -0.031, -0.553
26.929, 0.001, -0.031, -0.553
26.946, 0.001, -0.031, -0.552
26.963, -0.000, -0.029, -0.552
26.979, -0.001, -0.029, -0.553
26.996, -0.001, -0.029, -0.553
27.013, -0.001, -0.027, -0.552
27.029, 0.000, -0.033, -0.553
27.046, 0.000, -0.034, -0.553
27.063, 0.001, -0.034, -0.553
27.079, 0.001, -0.034, -0.553
27.096, 0.000, -0.029, -0.552
27.113, -0.001, -0.031, -0.551
27.129, -0.002, -0.027, -0.553
27.146, -0.004, -0.026, -0.551
27.163, -0.003, -0.029, -0.553
27.179, -0.001, -0.028, -0.552
27.196, -0.000, -0.031, -0.550
27.213, 0.001, -0.030, -0.553
27.229, 0.001, -0.034, -0.553
27.246, 0.001, -0.033, -0.553
27.264, 0.001, -0.034, -0.553
27.279, 0.000, -0.030, -0.553
27.296, -0.001, -0.028, -0.553
27.313, -0.000, -0.030, -0.553
27.330, -0.001, -0.027, -0.553
27.346, -0.000, -0.029, -0.552
27.363, -0.001, -0.029, -0.553
27.379, -0.002, -0.029, -0.553
27.396, -0.001, -0.027, -0.553
27.413, -0.002, -0.028, -0.553
27.429, 0.001, -0.027, -0.553
27.446, -0.001, -0.031, -0.553
27.463, -0.003, -0.028, -0.552
27.479, 0.001, -0.030, -0.553
27.496, -0.002, -0.030, -0.552
27.513, -0.001, -0.026, -0.553
27.529, -0.003, -0.031, -0.553
27.546, -0.002, -0.028, -0.552
27.563, -0.003, -0.027, -0.551
27.579, -0.002, -0.026, -0.553
27.596, -0.001, -0.031, -0.552
27.613, 0.001, -0.028, -0.553
27.629, 0.000, -0.032, -0.553
27.648, 0.001, -0.033, -0.552
27.663, -0.002, -0.030, -0.550
27.681, -0.001, -0.029, -0.552
27.696, -0.002, -0.028, -0.553
27.713, -0.003, -0.029, -0.553
27.729, -0.001, -0.030, -0.552
27.746, -0.000, -0.030, -0.553
27.763, 0.000, -0.031, -0.552
27.780, -0.000, -0.032, -0.553
27.796, 0.001, -0.033, -0.553
27.812, -0.000, -0.032, -0.553
27.829, -0.002, -0.030, -0.553
27.846, 0.001, -0.027, -0.553
27.862, 0.000, -0.026, -0.553
27.880, -0.000, -0.027, -0.554
27.896, -0.002, -0.030, -0.551
27.912, -0.002, -0.029, -0.553
27.929, -0.002, -0.031, -0.551
27.946, 0.005, -0.036, -0.554
27.962, 0.006, -0.038, -0.554
27.979, -0.001, -0.030, -0.551
27.996, 0.003, -0.035, -0.554
28.013, 0.003, -0.031, -0.552
28.029, -0.001, -0.031, -0.550
28.046, -0.002, -0.027, -0.553
28.063, 0.005, -0.035, -0.554
28.079, 0.005, -0.037, -0.553
28.096, 0.006, -0.036, -0.553
28.112, 0.006, -0.038, -0.553
28.129, 0.006, -0.033, -0.554
28.146, 0.006, -0.035, -0.554
28.163, 0.007, -0.034, -0.554
28.179, 0.005, -0.034, -0.553
28.196, 0.006, -0.030, -0.554
28.213, 0.006, -0.034, -0.552
28.229, 0.002, -0.040, -0.552
28.246, 0.003, -0.034, -0.550
28.263, 0.001, -0.034, -0.549
28.279, 0.008, -0.024, -0.553
28.296, 0.007, -0.027, -0.555
28.313, 0.006, -0.026, -0.554
28.329, 0.006, -0.027, -0.552
28.346, 0.006, -0.022, -0.555
28.363, 0.007, -0.025, -0.554
28.379, 0.001, -0.031, -0.548
28.396, 0.003, -0.032, -0.552
28.413, 0.002, -0.031, -0.552
28.429, 0.001, -0.030, -0.552
28.446, 0.002, -0.030, -0.551
28.463, 0.002, -0.028, -0.553
28.479, 0.002, -0.029, -0.551
28.496, 0.003, -0.028, -0.553
28.513, 0.003, -0.015, -0.555
28.529, 0.003, -0.032, -0.552
28.546, 0.000, -0.028, -0.552
28.563, 0.002, -0.031, -0.552
28.580, 0.001, -0.029, -0.552
28.596, -0.001, -0.029, -0.551
28.613, -0.005, -0.025, -0.549
28.629, -0.005, -0.028, -0.548
28.646, -0.003, -0.025, -0.552
28.663, -0.003, -0.025, -0.551
28.679, -0.007, -0.022, -0.551
28.696, -0.007, -0.025, -0.547
28.713, -0.006, -0.027, -0.548
28.729, -0.005, -0.024, -0.550
28.746, 0.001, -0.024, -0.553
28.763, 0.001, -0.022, -0.553
28.779, 0.003, -0.024, -0.554
28.796, -0.001, -0.023, -0.552
28.813, -0.001, -0.024, -0.552
28.829, -0.005, -0.034, -0.547
28.846, -0.002, -0.029, -0.552
28.863, -0.007, -0.031, -0.550
28.879, 0.000, -0.018, -0.554
28.896, -0.005, -0.034, -0.551
28.913, -0.002, -0.026, -0.552
28.929, 0.000, -0.029, -0.554
28.946, 0.001, -0.030, -0.553
28.963, -0.003, -0.029, -0.550
28.979, 0.003, -0.027, -0.554
28.996, -0.005, -0.034, -0.548
29.013, -0.002, -0.027, -0.553
29.030, -0.004, -0.032, -0.551
29.046, -0.007, -0.034, -0.547
29.063, -0.003, -0.027, -0.551
29.080, -0.002, -0.027, -0.551
29.096, -0.002, -0.030, -0.553
29.113, -0.000, -0.028, -0.553
29.130, -0.001, -0.027, -0.553
29.146, -0.003, -0.026, -0.552
29.163, -0.003, -0.026, -0.551
29.180, -0.003, -0.025, -0.553
29.196, -0.002, -0.028, -0.552
29.213, -0.001, -0.025, -0.553
29.229, -0.002, -0.029, -0.553
29.246, 0.000, -0.030, -0.552
29.263, -0.000, -0.031, -0.553
29.279, -0.002, -0.027, -0.551
29.297, -0.000, -0.026, -0.553
29.313, -0.002, -0.026, -0.552
29.329, -0.003, -0.027, -0.551
29.346, -0.005, -0.026, -0.551
29.364, -0.004, -0.027, -0.551
