11.679, 1.000, 0.095, 0.177
11.699, 1.000, 0.095, 0.177
11.720, 1.000, 0.095, 0.177
11.739, 1.000, 0.120, 0.174
11.760, 1.000, 0.124, 0.174
11.779, 1.000, 0.145, 0.171
11.800, 1.000, 0.150, 0.170
11.820, 1.000, 0.159, 0.169
11.839, 1.000, 0.171, 0.166
11.859, 1.000, 0.176, 0.166
11.879, 1.000, 0.196, 0.161
11.899, 1.000, 0.200, 0.161
11.920, 1.000, 0.208, 0.159
11.940, 1.000, 0.219, 0.156
11.959, 1.000, 0.223, 0.155
11.979, 1.000, 0.240, 0.150
11.999, 1.000, 0.243, 0.149
12.019, 1.000, 0.249, 0.147
12.040, 1.000, 0.257, 0.144
12.059, 1.000, 0.259, 0.143
12.079, 1.000, 0.270, 0.138
12.099, 1.000, 0.272, 0.136
12.119, 1.000, 0.276, 0.134
12.140, 1.000, 0.280, 0.131
12.159, 0.996, 0.282, 0.130
12.179, 0.955, 0.289, 0.125
12.199, 0.947, 0.290, 0.124
12.219, 0.930, 0.293, 0.122
12.239, 0.903, 0.296, 0.119
12.260, 0.875, 0.298, 0.117
12.279, 0.847, 0.300, 0.114
12.299, 0.837, 0.301, 0.113
12.319, 0.818, 0.302, 0.112
12.339, 0.788, 0.303, 0.109
12.360, 0.759, 0.303, 0.107
12.379, 0.729, 0.302, 0.105
12.399, 0.719, 0.302, 0.104
12.419, 0.699, 0.301, 0.103
12.439, 0.669, 0.298, 0.101
12.460, 0.639, 0.295, 0.099
12.479, 0.609, 0.291, 0.097
12.500, 0.599, 0.290, 0.096
12.519, 0.580, 0.287, 0.095
12.539, 0.550, 0.281, 0.093
12.560, 0.521, 0.275, 0.092
12.579, 0.493, 0.268, 0.090
12.599, 0.484, 0.266, 0.090
12.619, 0.465, 0.260, 0.089
12.639, 0.438, 0.252, 0.088
12.660, 0.412, 0.244, 0.087
12.679, 0.386, 0.235, 0.086
12.699, 0.377, 0.233, 0.085
12.719, 0.361, 0.226, 0.085
12.740, 0.337, 0.218, 0.084
12.760, 0.314, 0.208, 0.083
12.779, 0.291, 0.199, 0.082
12.799, 0.284, 0.196, 0.082
12.819, 0.270, 0.189, 0.082
12.840, 0.250, 0.180, 0.081
12.859, 0.243, 0.177, 0.081
12.879, 0.213, 0.162, 0.080
12.899, 0.207, 0.159, 0.079
12.919, 0.196, 0.153, 0.079
12.939, 0.180, 0.144, 0.078
12.959, 0.175, 0.141, 0.078
12.980, 0.151, 0.126, 0.076
13.000, 0.147, 0.124, 0.076
13.019, 0.138, 0.118, 0.076
13.039, 0.126, 0.110, 0.075
13.060, 0.116, 0.102, 0.074
13.079, 0.107, 0.094, 0.073
13.099, 0.103, 0.092, 0.073
13.119, 0.098, 0.087, 0.072
13.140, 0.090, 0.080, 0.071
13.159, 0.088, 0.078, 0.071
13.179, 0.077, 0.067, 0.069
13.199, 0.075, 0.065, 0.069
13.219, 0.072, 0.061, 0.069
13.240, 0.068, 0.056, 0.068
13.259, 0.066, 0.054, 0.067
13.279, 0.060, 0.046, 0.066
13.299, 0.060, 0.045, 0.066
13.319, 0.058, 0.042, 0.065
13.339, 0.056, 0.038, 0.064
13.360, 0.054, 0.035, 0.064
13.379, 0.053, 0.032, 0.063
13.399, 0.053, 0.031, 0.063
13.419, 0.053, 0.030, 0.062
13.440, 0.052, 0.027, 0.062
13.460, 0.052, 0.026, 0.061
13.479, 0.052, 0.024, 0.061
13.500, 0.052, 0.024, 0.060
13.520, 0.052, 0.024, 0.060
13.540, 0.053, 0.023, 0.059
13.560, 0.054, 0.023, 0.059
13.579, 0.054, 0.023, 0.058
13.599, 0.054, 0.023, 0.058
13.619, 0.055, 0.024, 0.058
13.640, 0.056, 0.024, 0.057
13.660, 0.056, 0.025, 0.057
13.679, 0.057, 0.026, 0.056
13.699, 0.057, 0.027, 0.056
13.719, 0.058, 0.028, 0.055
13.739, 0.058, 0.029, 0.055
13.760, 0.058, 0.031, 0.054
13.779, 0.059, 0.032, 0.054
13.799, 0.059, 0.033, 0.053
13.820, 0.059, 0.034, 0.053
13.840, 0.059, 0.036, 0.052
13.859, 0.059, 0.036, 0.052
13.879, 0.058, 0.039, 0.052
13.899, 0.058, 0.039, 0.051
13.919, 0.057, 0.040, 0.051
13.940, 0.057, 0.042, 0.050
13.959, 0.056, 0.042, 0.050
13.979, 0.055, 0.045, 0.049
13.999, 0.055, 0.045, 0.049
14.019, 0.054, 0.046, 0.049
14.040, 0.052, 0.047, 0.048
14.060, 0.051, 0.048, 0.048
14.079, 0.050, 0.048, 0.047
14.099, 0.049, 0.048, 0.047
14.119, 0.048, 0.049, 0.047
14.140, 0.046, 0.049, 0.046
14.160, 0.045, 0.050, 0.046
14.179, 0.043, 0.050, 0.045
14.199, 0.042, 0.050, 0.045
14.219, 0.041, 0.050, 0.045
14.240, 0.039, 0.050, 0.044
14.260, 0.037, 0.050, 0.044
14.279, 0.035, 0.050, 0.043
14.299, 0.035, 0.050, 0.043
14.319, 0.033, 0.049, 0.043
14.339, 0.032, 0.049, 0.042
14.360, 0.030, 0.049, 0.042
14.379, 0.028, 0.048, 0.041
14.399, 0.028, 0.048, 0.041
14.419, 0.026, 0.047, 0.041
14.439, 0.025, 0.047, 0.040
14.460, 0.023, 0.046, 0.040
14.479, 0.022, 0.045, 0.039
14.499, 0.021, 0.045, 0.039
14.519, 0.020, 0.044, 0.039
14.539, 0.018, 0.043, 0.038
14.560, 0.017, 0.042, 0.037
14.579, 0.015, 0.041, 0.036
14.599, 0.015, 0.041, 0.036
14.619, 0.014, 0.040, 0.036
14.640, 0.013, 0.039, 0.035
14.659, 0.012, 0.038, 0.035
14.679, 0.010, 0.036, 0.033
14.699, 0.010, 0.036, 0.033
14.719, 0.009, 0.035, 0.033
14.740, 0.008, 0.033, 0.032
14.759, 0.008, 0.033, 0.032
14.779, 0.007, 0.030, 0.030
14.799, 0.007, 0.030, 0.030
14.820, 0.006, 0.029, 0.030
14.840, 0.006, 0.028, 0.029
14.859, 0.006, 0.027, 0.029
14.879, 0.005, 0.025, 0.028
14.899, 0.005, 0.024, 0.028
14.920, 0.005, 0.024, 0.027
14.940, 0.005, 0.022, 0.027
14.959, 0.005, 0.022, 0.026
14.979, 0.005, 0.021, 0.025
14.999, 0.005, 0.020, 0.025
15.020, 0.005, 0.020, 0.025
15.039, 0.005, 0.019, 0.024
15.059, 0.005, 0.019, 0.024
15.079, 0.005, 0.018, 0.024
15.099, 0.005, 0.018, 0.023
15.119, 0.006, 0.018, 0.023
15.140, 0.006, 0.018, 0.023
15.159, 0.006, 0.018, 0.022
15.179, 0.007, 0.018, 0.022
15.199, 0.007, 0.018, 0.022
15.219, 0.007, 0.018, 0.021
15.240, 0.007, 0.018, 0.021
15.259, 0.008, 0.018, 0.021
15.279, 0.008, 0.019, 0.020
15.299, 0.008, 0.019, 0.020
15.319, 0.008, 0.020, 0.020
15.339, 0.008, 0.021, 0.019
15.360, 0.008, 0.022, 0.019
15.379, 0.008, 0.023, 0.018
15.399, 0.008, 0.024, 0.018
15.419, 0.008, 0.025, 0.018
15.440, 0.008, 0.026, 0.018
15.459, 0.008, 0.027, 0.018
15.479, 0.008, 0.030, 0.017
15.499, 0.008, 0.031, 0.017
15.519, 0.007, 0.032, 0.017
15.539, 0.007, 0.034, 0.017
15.560, 0.007, 0.035, 0.017
15.579, 0.007, 0.039, 0.017
15.599, 0.007, 0.040, 0.017
15.619, 0.007, 0.042, 0.018
15.639, 0.006, 0.044, 0.018
15.660, 0.006, 0.046, 0.018
15.679, 0.006, 0.049, 0.018
15.699, 0.006, 0.050, 0.019
15.719, 0.006, 0.051, 0.019
15.740, 0.006, 0.053, 0.019
15.759, 0.006, 0.054, 0.019
15.779, 0.006, 0.057, 0.020
15.799, 0.006, 0.058, 0.020
15.819, 0.005, 0.059, 0.021
15.840, 0.005, 0.061, 0.021
15.860, 0.005, 0.062, 0.021
15.879, 0.005, 0.064, 0.022
15.899, 0.005, 0.064, 0.022
15.920, 0.005, 0.065, 0.022
15.940, 0.005, 0.066, 0.022
15.959, 0.005, 0.067, 0.022
15.979, 0.005, 0.068, 0.022
16.000, 0.005, 0.068, 0.022
16.020, 0.005, 0.069, 0.022
16.039, 0.005, 0.069, 0.022
16.060, 0.005, 0.070, 0.022
16.080, 0.006, 0.070, 0.022
16.099, 0.006, 0.070, 0.022
16.119, 0.006, 0.070, 0.022
16.139, 0.006, 0.070, 0.022
16.160, 0.006, 0.070, 0.022
16.180, 0.006, 0.070, 0.021
16.199, 0.007, 0.070, 0.021
16.219, 0.007, 0.070, 0.021
16.239, 0.007, 0.069, 0.021
16.260, 0.008, 0.069, 0.020
16.279, 0.008, 0.069, 0.020
16.300, 0.008, 0.069, 0.020
16.320, 0.009, 0.069, 0.020
16.339, 0.009, 0.069, 0.019
16.359, 0.010, 0.069, 0.019
16.379, 0.011, 0.068, 0.018
16.399, 0.011, 0.068, 0.018
16.420, 0.012, 0.068, 0.018
16.440, 0.012, 0.068, 0.017
16.459, 0.012, 0.067, 0.017
16.479, 0.014, 0.067, 0.017
16.499, 0.014, 0.067, 0.017
16.519, 0.015, 0.066, 0.016
16.540, 0.015, 0.066, 0.016
16.559, 0.016, 0.066, 0.015
16.579, 0.017, 0.065, 0.014
16.599, 0.017, 0.065, 0.014
16.619, 0.018, 0.064, 0.014
16.640, 0.019, 0.064, 0.014
16.659, 0.019, 0.064, 0.013
16.679, 0.021, 0.062, 0.012
16.699, 0.021, 0.062, 0.012
16.719, 0.022, 0.061, 0.012
16.739, 0.023, 0.060, 0.011
16.759, 0.023, 0.060, 0.011
16.779, 0.024, 0.058, 0.010
16.800, 0.024, 0.058, 0.010
16.819, 0.025, 0.057, 0.010
16.839, 0.026, 0.056, 0.009
16.859, 0.026, 0.056, 0.009
16.879, 0.027, 0.054, 0.008
16.900, 0.027, 0.053, 0.008
16.920, 0.027, 0.052, 0.007
16.939, 0.028, 0.051, 0.007
16.959, 0.028, 0.051, 0.007
16.979, 0.028, 0.049, 0.006
17.000, 0.028, 0.048, 0.005
17.019, 0.028, 0.047, 0.005
17.039, 0.028, 0.046, 0.005
17.060, 0.028, 0.046, 0.004
17.079, 0.028, 0.044, 0.004
17.099, 0.028, 0.043, 0.004
17.119, 0.028, 0.043, 0.003
17.139, 0.028, 0.041, 0.003
17.160, 0.027, 0.041, 0.003
17.179, 0.027, 0.039, 0.002
17.199, 0.027, 0.039, 0.002
17.219, 0.026, 0.038, 0.002
17.240, 0.026, 0.037, 0.001
17.260, 0.025, 0.036, 0.001
17.279, 0.025, 0.035, 0.001
17.299, 0.025, 0.035, 0.001
17.319, 0.024, 0.034, 0.000
17.339, 0.024, 0.033, 0.000
17.360, 0.023, 0.032, -0.000
17.379, 0.023, 0.031, -0.000
17.399, 0.023, 0.031, -0.000
17.419, 0.022, 0.031, -0.001
17.440, 0.022, 0.030, -0.001
17.459, 0.022, 0.029, -0.001
17.479, 0.021, 0.028, -0.001
17.499, 0.021, 0.028, -0.001
17.520, 0.021, 0.027, -0.001
17.539, 0.021, 0.026, -0.001
17.559, 0.021, 0.026, -0.001
17.579, 0.021, 0.024, -0.002
17.600, 0.021, 0.024, -0.002
17.619, 0.021, 0.023, -0.002
17.639, 0.021, 0.022, -0.002
17.659, 0.021, 0.022, -0.002
17.679, 0.022, 0.019, -0.002
17.700, 0.022, 0.019, -0.002
17.720, 0.022, 0.018, -0.002
17.739, 0.022, 0.017, -0.002
17.759, 0.022, 0.017, -0.002
17.779, 0.023, 0.015, -0.002
17.800, 0.023, 0.015, -0.002
17.820, 0.024, 0.014, -0.002
17.839, 0.024, 0.013, -0.002
17.859, 0.024, 0.013, -0.002
17.879, 0.025, 0.011, -0.002
17.900, 0.025, 0.011, -0.002
17.920, 0.025, 0.011, -0.002
17.939, 0.025, 0.010, -0.001
17.960, 0.026, 0.010, -0.001
17.979, 0.026, 0.009, -0.001
17.999, 0.026, 0.009, -0.001
18.020, 0.026, 0.009, -0.001
18.039, 0.026, 0.009, -0.001
18.059, 0.026, 0.009, -0.001
18.079, 0.026, 0.008, -0.000
18.099, 0.026, 0.008, -0.000
18.119, 0.026, 0.008, 0.000
18.140, 0.026, 0.007, 0.000
18.159, 0.026, 0.007, 0.001
18.179, 0.025, 0.007, 0.001
18.199, 0.025, 0.007, 0.001
18.219, 0.025, 0.007, 0.001
18.240, 0.025, 0.007, 0.002
18.260, 0.024, 0.007, 0.002
18.279, 0.024, 0.007, 0.002
18.299, 0.024, 0.007, 0.002
18.319, 0.023, 0.008, 0.003
18.339, 0.023, 0.008, 0.003
18.360, 0.022, 0.008, 0.003
18.379, 0.022, 0.008, 0.003
18.399, 0.021, 0.008, 0.003
18.420, 0.021, 0.009, 0.004
18.439, 0.020, 0.009, 0.004
18.459, 0.020, 0.009, 0.004
18.479, 0.019, 0.010, 0.004
18.499, 0.019, 0.010, 0.004
18.520, 0.019, 0.010, 0.005
18.539, 0.018, 0.011, 0.005
18.559, 0.018, 0.011, 0.005
18.579, 0.017, 0.011, 0.005
18.600, 0.017, 0.012, 0.006
18.619, 0.017, 0.012, 0.006
18.639, 0.016, 0.012, 0.006
18.659, 0.016, 0.012, 0.006
18.680, 0.015, 0.013, 0.007
18.699, 0.015, 0.014, 0.007
18.719, 0.014, 0.014, 0.007
18.739, 0.013, 0.015, 0.008
18.760, 0.013, 0.016, 0.008
18.780, 0.012, 0.017, 0.009
18.799, 0.012, 0.017, 0.009
18.819, 0.011, 0.018, 0.009
18.839, 0.010, 0.019, 0.010
18.860, 0.009, 0.020, 0.010
18.879, 0.009, 0.021, 0.011
18.900, 0.008, 0.022, 0.011
18.920, 0.008, 0.023, 0.011
18.939, 0.007, 0.024, 0.011
18.959, 0.007, 0.025, 0.012
18.979, 0.005, 0.027, 0.012
19.001, 0.005, 0.028, 0.012
19.020, 0.005, 0.028, 0.012
19.039, 0.004, 0.030, 0.013
19.060, 0.004, 0.030, 0.013
19.079, 0.004, 0.033, 0.013
19.099, 0.004, 0.033, 0.013
19.120, 0.004, 0.034, 0.013
19.140, 0.004, 0.035, 0.013
19.159, 0.004, 0.035, 0.013
19.179, 0.004, 0.037, 0.014
19.200, 0.004, 0.037, 0.014
19.220, -0.099, -0.017, 0.014
19.239, -0.099, -0.017, 0.014
19.259, -0.099, -0.017, 0.014
19.279, -0.099, -0.017, 0.014
19.300, -0.099, -0.017, 0.014
19.320, -0.099, 0.015, 0.014
19.339, -0.099, 0.015, 0.014
19.359, -0.099, 0.015, 0.014
19.379, -0.099, 0.015, 0.015
19.400, -0.099, 0.015, 0.015
19.420, -0.099, 0.015, 0.015
19.439, -0.099, 0.015, 0.015
19.459, -0.099, 0.015, 0.015
19.479, -0.099, 0.015, 0.015
19.499, -0.099, 0.015, 0.015
19.520, -0.099, 0.015, 0.015
19.539, -0.099, 0.015, 0.015
19.559, -0.099, 0.015, 0.015
19.579, -0.099, 0.015, 0.015
19.600, -0.099, 0.015, 0.016
19.619, -0.099, 0.015, 0.016
19.639, -0.099, 0.015, 0.016
19.659, -0.099, 0.015, 0.016
19.679, -0.099, 0.015, 0.016
19.700, -0.099, 0.015, 0.016
19.719, -0.099, 0.015, 0.016
19.739, -0.099, 0.015, 0.016
19.760, -0.099, 0.015, 0.016
19.779, -0.099, 0.015, 0.016
19.799, -0.099, 0.015, 0.017
19.819, -0.099, 0.013, 0.017
19.840, -0.099, 0.013, 0.017
19.859, -0.099, 0.013, 0.017
19.882, -0.099, 0.013, 0.017
19.900, -0.099, 0.013, 0.017
19.919, -0.099, 0.012, 0.017
19.939, -0.099, 0.012, 0.017
19.960, -0.099, 0.012, 0.017
19.979, -0.099, 0.012, 0.018
19.999, -0.099, 0.012, 0.018
20.019, -0.099, 0.010, 0.018
20.040, -0.099, 0.010, 0.018
20.059, -0.099, 0.010, 0.018
20.079, -0.099, 0.010, 0.019
20.099, -0.099, 0.010, 0.019
20.120, -0.100, 0.008, 0.019
20.140, -0.100, 0.008, 0.020
20.159, -0.100, 0.008, 0.020
20.179, -0.100, 0.008, 0.021
20.200, -0.100, 0.008, 0.021
20.219, -0.100, 0.007, 0.021
20.239, -0.100, 0.007, 0.021
20.259, -0.100, 0.007, 0.021
20.279, -0.100, 0.007, 0.022
20.302, -0.100, 0.007, 0.022
20.319, -0.100, 0.005, 0.022
20.339, -0.100, 0.005, 0.023
20.360, -0.100, 0.005, 0.023
20.380, -0.100, 0.005, 0.023
20.399, -0.100, 0.005, 0.023
20.419, -0.100, 0.004, 0.023
20.439, -0.100, 0.004, 0.023
20.459, -0.100, 0.004, 0.023
20.480, -0.100, 0.004, 0.023
20.500, -0.100, 0.004, 0.023
20.520, -0.100, 0.004, 0.023
20.540, -0.100, 0.004, 0.023
20.559, -0.100, 0.004, 0.023
20.579, -0.100, 0.004, 0.023
20.600, -0.100, 0.004, 0.023
20.619, -0.100, 0.004, 0.023
20.639, -0.100, 0.004, 0.022
20.660, -0.100, 0.004, 0.022
20.679, -0.100, 0.004, 0.022
20.699, -0.100, 0.004, 0.022
20.719, -0.100, 0.004, 0.022
20.740, -0.100, 0.004, 0.021
20.759, -0.100, 0.004, 0.021
20.779, -0.100, 0.004, 0.021
20.800, -0.100, 0.004, 0.021
20.820, -0.100, 0.004, 0.021
20.839, -0.100, 0.004, 0.020
20.859, -0.100, 0.004, 0.020
20.879, -0.100, 0.004, 0.020
20.899, -0.100, 0.004, 0.020
20.920, -0.100, 0.004, 0.020
20.939, -0.100, 0.004, 0.019
20.959, -0.100, 0.004, 0.019
20.979, -0.100, 0.004, 0.019
21.000, -0.100, 0.004, 0.018
21.019, -0.100, 0.005, 0.018
21.039, -0.100, 0.005, 0.018
21.060, -0.100, 0.005, 0.018
21.079, -0.100, 0.005, 0.017
21.100, -0.100, 0.005, 0.017
21.120, -0.100, 0.005, 0.017
21.140, -0.100, 0.005, 0.017
21.159, -0.100, 0.005, 0.017
21.179, -0.100, 0.005, 0.016
21.199, -0.100, 0.005, 0.016
21.220, -0.100, 0.005, 0.016
21.239, -0.100, 0.005, 0.016
21.259, -0.100, 0.005, 0.016
21.279, -0.100, 0.005, 0.015
21.300, -0.100, 0.005, 0.015
21.319, -0.100, 0.005, 0.015
21.339, -0.100, 0.005, 0.015
21.359, -0.100, 0.005, 0.015
21.379, -0.100, 0.005, 0.014
21.399, -0.100, 0.005, 0.014
21.419, -0.100, 0.005, 0.014
21.440, -0.100, 0.005, 0.014
21.459, -0.100, 0.005, 0.014
21.479, -0.100, 0.005, 0.014
21.499, -0.100, 0.005, 0.013
21.519, -0.100, 0.005, 0.013
21.539, -0.100, 0.005, 0.013
21.560, -0.100, 0.005, 0.013
21.579, -0.100, 0.005, 0.013
21.599, -0.100, 0.005, 0.013
21.619, -0.100, 0.004, 0.013
21.639, -0.100, 0.004, 0.013
21.660, -0.100, 0.004, 0.012
21.680, -0.100, 0.004, 0.012
21.699, -0.100, 0.004, 0.012
21.719, -0.100, 0.003, 0.012
21.739, -0.100, 0.003, 0.012
21.760, -0.100, 0.003, 0.012
21.779, -0.100, 0.003, 0.012
21.799, -0.100, 0.003, 0.012
21.820, -0.098, -0.018, 0.012
21.839, -0.098, -0.018, 0.012
21.860, -0.098, -0.018, 0.012
21.879, -0.098, -0.018, 0.012
21.899, -0.098, -0.018, 0.012
21.919, -0.095, -0.030, 0.012
21.939, -0.095, -0.030, 0.012
21.959, -0.095, -0.030, 0.011
21.979, -0.095, -0.030, 0.011
21.999, -0.095, -0.030, 0.011
22.019, -0.099, -0.013, 0.011
22.039, -0.099, -0.013, 0.011
22.059, -0.099, -0.013, 0.011
22.079, -0.099, -0.013, 0.011
22.099, -0.099, -0.013, 0.011
22.119, -0.100, 0.004, 0.011
22.139, -0.100, 0.004, 0.011
22.160, -0.100, 0.004, 0.011
22.179, -0.100, 0.004, 0.011
22.199, -0.100, 0.004, 0.011
22.219, -0.100, 0.004, 0.011
22.239, -0.100, 0.004, 0.011
22.260, -0.100, 0.004, 0.011
22.279, -0.100, 0.004, 0.011
22.299, -0.100, 0.004, 0.011
22.319, -0.100, 0.005, 0.011
22.340, -0.100, 0.005, 0.011
22.360, -0.100, 0.005, 0.011
22.379, -0.100, 0.005, 0.011
22.399, -0.100, 0.005, 0.011
22.420, -0.100, 0.004, 0.011
22.439, -0.100, 0.004, 0.011
22.460, -0.100, 0.004, 0.011
22.480, -0.100, 0.004, 0.011
22.499, -0.100, 0.004, 0.011
22.519, -0.100, 0.002, 0.011
22.539, -0.100, 0.002, 0.011
22.560, -0.100, 0.002, 0.011
22.579, -0.100, 0.002, 0.011
22.599, -0.100, 0.002, 0.011
22.620, -0.100, -0.001, 0.011
22.640, -0.100, -0.001, 0.011
22.659, -0.100, -0.001, 0.011
22.679, -0.100, -0.001, 0.011
22.699, -0.098, -0.019, 0.011
22.720, -0.098, -0.019, 0.011
22.739, -0.098, -0.019, 0.011
22.759, -0.098, -0.019, 0.011
22.779, -0.098, -0.019, 0.011
22.800, -0.064, -0.076, 0.011
22.819, -0.064, -0.076, 0.012
22.840, -0.064, -0.076, 0.012
22.859, -0.064, -0.076, 0.012
22.879, -0.064, -0.076, 0.012
22.899, -0.064, -0.076, 0.012
22.919, -0.080, -0.061, 0.012
22.940, -0.080, -0.061, 0.013
22.960, -0.080, -0.061, 0.013
22.979, -0.080, -0.061, 0.013
22.999, -0.080, -0.061, 0.013
23.020, -0.081, -0.058, 0.014
23.039, -0.081, -0.058, 0.014
23.059, -0.081, -0.058, 0.014
23.079, -0.081, -0.058, 0.015
23.099, -0.081, -0.058, 0.015
23.119, -0.075, -0.066, 0.015
23.139, -0.075, -0.066, 0.016
23.160, -0.075, -0.066, 0.016
23.179, -0.075, -0.066, 0.016
23.199, -0.075, -0.066, 0.016
23.219, -0.060, -0.080, 0.016
23.239, -0.060, -0.080, 0.017
23.259, -0.060, -0.080, 0.017
23.279, -0.060, -0.080, 0.017
23.299, -0.073, -0.068, 0.017
23.320, -0.073, -0.068, 0.017
23.339, -0.073, -0.068, 0.017
23.359, -0.073, -0.068, 0.017
23.379, -0.073, -0.068, 0.017
23.400, -0.073, -0.068, 0.017
23.419, -0.080, -0.060, 0.017
23.439, -0.080, -0.060, 0.018
23.460, -0.080, -0.060, 0.018
23.480, -0.080, -0.060, 0.018
23.499, -0.080, -0.060, 0.018
23.519, -0.072, -0.070, 0.018
23.540, -0.072, -0.070, 0.018
23.560, -0.072, -0.070, 0.018
23.579, -0.072, -0.070, 0.019
23.599, -0.072, -0.070, 0.019
23.619, -0.047, -0.088, 0.019
23.639, -0.047, -0.088, 0.019
23.660, -0.047, -0.088, 0.019
23.679, -0.047, -0.088, 0.019
23.699, -0.047, -0.088, 0.019
23.719, -0.033, -0.094, 0.019
23.739, -0.033, -0.094, 0.019
23.760, -0.033, -0.094, 0.019
23.779, -0.033, -0.094, 0.019
23.799, -0.052, -0.085, 0.019
23.820, -0.052, -0.085, 0.019
23.840, -0.052, -0.085, 0.019
23.859, -0.052, -0.085, 0.019
23.879, -0.052, -0.085, 0.019
23.899, -0.078, -0.063, 0.019
23.919, -0.078, -0.063, 0.019
23.939, -0.078, -0.063, 0.019
23.960, -0.078, -0.063, 0.018
23.979, -0.078, -0.063, 0.018
23.999, -0.078, -0.063, 0.018
24.019, -0.084, -0.054, 0.018
24.039, -0.084, -0.054, 0.018
24.060, -0.084, -0.054, 0.017
24.079, -0.084, -0.054, 0.017
24.100, -0.084, -0.054, 0.017
24.120, -0.084, -0.055, 0.017
24.140, -0.084, -0.055, 0.017
24.159, -0.084, -0.055, 0.017
24.179, -0.084, -0.055, 0.016
24.200, -0.084, -0.055, 0.016
24.220, -0.084, -0.055, 0.016
24.240, -0.084, -0.055, 0.016
24.259, -0.084, -0.055, 0.016
24.279, -0.084, -0.055, 0.016
24.299, -0.083, -0.055, 0.016
24.320, -0.083, -0.055, 0.016
24.339, -0.083, -0.055, 0.016
24.359, -0.083, -0.055, 0.016
24.379, -0.083, -0.055, 0.016
24.400, -0.082, -0.057, 0.016
24.420, -0.082, -0.057, 0.016
24.439, -0.082, -0.057, 0.016
24.459, -0.082, -0.057, 0.015
24.479, -0.082, -0.057, 0.015
24.499, -0.081, -0.059, 0.016
24.519, -0.081, -0.059, 0.016
24.539, -0.081, -0.059, 0.016
24.560, -0.081, -0.059, 0.016
24.579, -0.081, -0.059, 0.016
24.599, -0.079, -0.061, 0.016
24.619, -0.079, -0.061, 0.016
24.639, -0.079, -0.061, 0.016
24.660, -0.079, -0.061, 0.016
24.679, -0.079, -0.061, 0.016
24.699, -0.079, -0.061, 0.016
24.720, -0.077, -0.064, 0.016
24.739, -0.077, -0.064, 0.016
24.759, -0.077, -0.064, 0.016
24.779, -0.077, -0.064, 0.016
24.799, -0.075, -0.066, 0.016
24.820, -0.075, -0.066, 0.016
24.839, -0.075, -0.066, 0.016
24.859, -0.075, -0.066, 0.016
24.879, -0.075, -0.066, 0.016
24.900, -0.075, -0.066, 0.016
24.919, -0.056, -0.083, 0.016
24.940, -0.056, -0.083, 0.016
24.959, -0.056, -0.083, 0.016
24.980, -0.056, -0.083, 0.016
25.000, -0.027, -0.096, 0.016
25.019, -0.027, -0.096, 0.017
25.039, -0.027, -0.096, 0.016
25.059, -0.027, -0.096, 0.016
25.079, -0.027, -0.096, 0.016
25.100, -0.027, -0.096, 0.016
25.119, -0.025, -0.097, 0.016
25.139, -0.025, -0.097, 0.016
25.159, -0.025, -0.097, 0.016
25.179, -0.025, -0.097, 0.016
25.200, -0.044, -0.090, 0.016
25.219, -0.044, -0.090, 0.016
25.239, -0.044, -0.090, 0.015
25.260, -0.044, -0.090, 0.015
25.279, -0.044, -0.090, 0.015
25.299, -0.044, -0.090, 0.015
25.319, -0.054, -0.084, 0.015
25.339, -0.054, -0.084, 0.014
25.360, -0.054, -0.084, 0.014
25.379, -0.054, -0.084, 0.014
25.399, -0.054, -0.084, 0.014
25.419, -0.057, -0.082, 0.014
25.439, -0.057, -0.082, 0.014
25.460, -0.057, -0.082, 0.014
25.479, -0.057, -0.082, 0.013
25.499, -0.057, -0.082, 0.013
25.519, -0.055, -0.083, 0.013
25.539, -0.055, -0.083, 0.013
25.560, -0.055, -0.083, 0.013
25.579, -0.055, -0.083, 0.013
25.599, -0.055, -0.083, 0.013
25.620, -0.050, -0.087, 0.013
25.639, -0.050, -0.087, 0.013
25.659, -0.050, -0.087, 0.013
25.679, -0.050, -0.087, 0.013
25.699, -0.050, -0.087, 0.013
25.719, -0.040, -0.092, 0.013
25.740, -0.040, -0.092, 0.013
25.759, -0.040, -0.092, 0.013
25.779, -0.040, -0.092, 0.013
25.799, -0.040, -0.092, 0.013
25.820, -0.030, -0.096, 0.012
25.840, -0.030, -0.096, 0.012
25.859, -0.030, -0.096, 0.012
25.879, -0.030, -0.096, 0.012
25.900, -0.030, -0.096, 0.012
25.920, -0.014, -0.099, 0.012
25.940, -0.014, -0.099, 0.011
25.959, -0.014, -0.099, 0.011
25.979, -0.014, -0.099, 0.011
25.999, -0.014, -0.099, 0.011
26.020, 0.005, -0.100, 0.011
26.039, 0.005, -0.100, 0.010
26.060, 0.005, -0.100, 0.010
26.079, 0.005, -0.100, 0.010
26.099, 0.005, -0.100, 0.010
26.119, 0.027, -0.096, 0.009
26.140, 0.027, -0.096, 0.009
26.159, 0.027, -0.096, 0.009
26.179, 0.027, -0.096, 0.008
26.200, 0.027, -0.096, 0.008
26.219, 0.026, -0.097, 0.008
26.240, 0.026, -0.097, 0.007
26.259, 0.026, -0.097, 0.007
26.279, 0.026, -0.097, 0.006
26.299, 0.026, -0.097, 0.006
26.319, 0.005, -0.100, 0.006
26.340, 0.005, -0.100, 0.005
26.359, 0.005, -0.100, 0.005
26.379, 0.005, -0.100, 0.004
26.399, 0.005, -0.100, 0.003
26.419, -0.021, -0.098, 0.003
26.440, -0.021, -0.098, 0.002
26.459, -0.021, -0.098, 0.002
26.479, -0.021, -0.098, 0.001
26.500, -0.021, -0.098, 0.000
26.520, -0.036, -0.093, 0.000
26.540, -0.036, -0.093, -0.001
26.559, -0.036, -0.093, -0.001
26.579, -0.036, -0.093, -0.002
26.599, -0.036, -0.093, -0.002
26.620, -0.043, -0.090, -0.003
26.639, -0.043, -0.090, -0.003
26.659, -0.043, -0.090, -0.003
26.679, -0.043, -0.090, -0.004
26.699, -0.045, -0.089, -0.004
26.719, -0.045, -0.089, -0.005
26.739, -0.045, -0.089, -0.005
26.759, -0.045, -0.089, -0.005
26.779, -0.045, -0.089, -0.006
26.800, -0.046, -0.089, -0.006
26.819, -0.046, -0.089, -0.006
26.839, -0.046, -0.089, -0.007
26.860, -0.046, -0.089, -0.007
26.879, -0.046, -0.089, -0.007
26.899, -0.046, -0.089, -0.007
26.919, -0.047, -0.088, -0.008
26.939, -0.047, -0.088, -0.008
26.960, -0.047, -0.088, -0.008
26.979, -0.047, -0.088, -0.008
26.999, -0.046, -0.089, -0.009
27.019, -0.046, -0.089, -0.009
27.039, -0.046, -0.089, -0.009
27.060, -0.046, -0.089, -0.009
27.079, -0.046, -0.089, -0.009
27.099, -0.046, -0.089, -0.009
27.119, -0.045, -0.090, -0.009
27.139, -0.045, -0.090, -0.009
27.160, -0.045, -0.090, -0.009
27.179, -0.045, -0.090, -0.009
27.199, -0.045, -0.090, -0.009
27.220, -0.042, -0.091, -0.009
27.239, -0.042, -0.091, -0.009
27.259, -0.042, -0.091, -0.009
27.279, -0.042, -0.091, -0.009
27.300, -0.040, -0.092, -0.009
27.319, -0.040, -0.092, -0.009
27.339, -0.040, -0.092, -0.009
27.360, -0.040, -0.092, -0.009
27.379, -0.040, -0.092, -0.009
27.399, -0.040, -0.092, -0.009
27.419, -0.037, -0.093, -0.009
27.440, -0.037, -0.093, -0.009
27.460, -0.037, -0.093, -0.009
27.479, -0.037, -0.093, -0.010
27.499, -0.035, -0.094, -0.010
27.519, -0.035, -0.094, -0.010
27.540, -0.035, -0.094, -0.010
27.559, -0.035, -0.094, -0.010
27.579, -0.035, -0.094, -0.010
27.599, -0.035, -0.094, -0.011
27.619, -0.032, -0.095, -0.011
27.640, -0.032, -0.095, -0.011
27.659, -0.032, -0.095, -0.011
27.679, -0.032, -0.095, -0.012
27.699, -0.032, -0.095, -0.011
27.720, -0.017, -0.099, -0.012
27.739, -0.017, -0.099, -0.012
27.760, -0.017, -0.099, -0.012
27.779, -0.017, -0.099, -0.012
27.800, 0.005, -0.100, -0.012
27.819, 0.005, -0.100, -0.013
27.839, 0.005, -0.100, -0.013
27.860, 0.005, -0.100, -0.013
27.879, 0.005, -0.100, -0.013
27.900, 0.005, -0.100, -0.013
27.920, -0.018, -0.098, -0.014
27.939, -0.018, -0.098, -0.014
27.959, -0.018, -0.098, -0.014
27.980, -0.018, -0.098, -0.014
28.000, -0.033, -0.095, -0.014
28.019, -0.033, -0.095, -0.014
28.039, -0.033, -0.095, -0.015
28.059, -0.033, -0.095, -0.015
28.080, -0.033, -0.095, -0.015
28.100, -0.034, -0.094, -0.015
28.119, -0.034, -0.094, -0.015
28.139, -0.034, -0.094, -0.015
28.160, -0.034, -0.094, -0.015
28.179, -0.034, -0.094, -0.015
28.200, -0.034, -0.094, -0.015
28.220, -0.034, -0.094, -0.015
28.240, -0.034, -0.094, -0.015
28.259, -0.034, -0.094, -0.015
28.279, -0.034, -0.094, -0.015
28.300, -0.034, -0.094, -0.015
28.319, -0.034, -0.094, -0.015
28.339, -0.034, -0.094, -0.015
28.359, -0.034, -0.094, -0.015
28.379, -0.034, -0.094, -0.014
28.399, -0.034, -0.094, -0.014
28.420, -0.034, -0.094, -0.014
28.439, -0.034, -0.094, -0.014
28.459, -0.034, -0.094, -0.013
28.479, -0.034, -0.094, -0.013
28.499, -0.033, -0.094, -0.013
28.520, -0.033, -0.094, -0.013
28.539, -0.033, -0.094, -0.013
28.559, -0.033, -0.094, -0.012
28.579, -0.033, -0.094, -0.012
28.600, -0.031, -0.095, -0.012
28.619, -0.031, -0.095, -0.012
28.639, -0.031, -0.095, -0.011
28.660, -0.031, -0.095, -0.011
28.679, -0.031, -0.095, -0.011
28.699, -0.031, -0.095, -0.011
28.720, -0.029, -0.096, -0.011
28.739, -0.029, -0.096, -0.011
28.759, -0.029, -0.096, -0.010
28.779, -0.029, -0.096, -0.010
28.800, -0.029, -0.096, -0.010
28.819, -0.025, -0.097, -0.010
28.839, -0.025, -0.097, -0.010
28.859, -0.025, -0.097, -0.009
28.879, -0.025, -0.097, -0.009
28.900, -0.018, -0.098, -0.009
28.919, -0.018, -0.098, -0.009
28.940, -0.018, -0.098, -0.008
28.960, -0.018, -0.098, -0.008
28.979, -0.018, -0.098, -0.008
28.999, -0.018, -0.098, -0.008
29.019, -0.009, -0.100, -0.007
29.040, -0.009, -0.100, -0.007
29.059, -0.009, -0.100, -0.007
29.079, -0.009, -0.100, -0.006
29.099, -0.009, -0.100, -0.006
29.119, -0.001, -0.100, -0.006
29.140, -0.001, -0.100, -0.005
29.159, -0.001, -0.100, -0.005
29.179, -0.001, -0.100, -0.004
29.199, -0.001, -0.100, -0.004
29.220, -0.008, -0.100, -0.004
29.240, -0.008, -0.100, -0.003
29.259, -0.008, -0.100, -0.003
29.279, -0.008, -0.100, -0.002
29.299, -0.008, -0.100, -0.002
29.319, -0.022, -0.098, -0.002
29.340, -0.022, -0.098, -0.002
29.359, -0.022, -0.098, -0.002
29.379, -0.022, -0.098, -0.001
29.399, -0.022, -0.098, -0.001
29.420, -0.022, -0.098, -0.000
29.439, -0.022, -0.098, 0.000
29.459, -0.022, -0.098, 0.000
29.479, -0.022, -0.098, 0.001
29.499, -0.022, -0.098, 0.001
29.519, -0.022, -0.098, 0.001
29.539, -0.022, -0.098, 0.002
29.559, -0.022, -0.098, 0.002
29.579, -0.022, -0.098, 0.003
29.600, -0.022, -0.098, 0.003
29.619, -0.021, -0.098, 0.003
29.639, -0.021, -0.098, 0.004
29.660, -0.021, -0.098, 0.004
29.679, -0.021, -0.098, 0.004
29.700, -0.019, -0.098, 0.005
29.719, -0.019, -0.098, 0.005
29.739, -0.019, -0.098, 0.005
29.759, -0.019, -0.098, 0.005
29.779, -0.019, -0.098, 0.005
29.799, -0.018, -0.098, 0.005
29.820, -0.018, -0.098, 0.005
29.839, -0.018, -0.098, 0.005
29.859, -0.018, -0.098, 0.005
29.880, -0.018, -0.098, 0.005
29.899, -0.018, -0.098, 0.005
29.919, -0.017, -0.099, 0.005
29.939, -0.017, -0.099, 0.005
29.960, -0.017, -0.099, 0.005
29.979, -0.017, -0.099, 0.005
29.999, -0.017, -0.099, 0.005
30.019, -0.017, -0.099, 0.005
30.039, -0.017, -0.099, 0.005
30.060, -0.017, -0.099, 0.004
30.079, -0.017, -0.099, 0.004
30.099, -0.017, -0.099, 0.004
30.120, -0.017, -0.099, 0.004
30.140, -0.017, -0.099, 0.003
30.159, -0.017, -0.099, 0.003
30.179, -0.017, -0.099, 0.003
30.200, -0.017, -0.099, 0.002
30.220, -0.017, -0.099, 0.002
30.239, -0.017, -0.099, 0.002
30.259, -0.017, -0.099, 0.002
30.279, -0.017, -0.099, 0.001
30.299, -0.017, -0.099, 0.001
30.320, -0.017, -0.099, 0.001
30.339, -0.017, -0.099, 0.000
30.359, -0.017, -0.099, -0.000
30.379, -0.017, -0.099, -0.001
30.399, -0.017, -0.099, -0.001
30.420, -0.016, -0.099, -0.001
30.440, -0.016, -0.099, -0.001
30.459, -0.016, -0.099, -0.002
30.479, -0.016, -0.099, -0.002
30.499, -0.016, -0.099, -0.002
30.519, -0.015, -0.099, -0.003
30.539, -0.015, -0.099, -0.003
30.559, -0.015, -0.099, -0.003
30.579, -0.015, -0.099, -0.004
30.600, -0.015, -0.099, -0.004
30.619, -0.005, -0.100, -0.004
30.639, -0.005, -0.100, -0.005
30.660, -0.005, -0.100, -0.005
30.680, -0.005, -0.100, -0.005
30.699, -0.005, -0.100, -0.005
30.719, 0.005, -0.100, -0.005
30.739, 0.005, -0.100, -0.006
30.760, 0.005, -0.100, -0.006
30.779, 0.005, -0.100, -0.006
30.799, 0.005, -0.100, -0.006
30.819, 0.007, -0.100, -0.006
30.839, 0.007, -0.100, -0.007
30.860, 0.007, -0.100, -0.007
30.879, 0.007, -0.100, -0.007
30.899, 0.007, -0.100, -0.007
30.919, 0.003, -0.100, -0.007
30.940, 0.003, -0.100, -0.007
30.960, 0.003, -0.100, -0.007
30.979, 0.003, -0.100, -0.007
30.999, 0.003, -0.100, -0.007
31.019, 0.001, -0.100, -0.007
31.039, 0.001, -0.100, -0.007
31.060, 0.001, -0.100, -0.007
31.079, 0.001, -0.100, -0.007
31.099, 0.001, -0.100, -0.007
31.119, -0.001, -0.100, -0.007
31.139, -0.001, -0.100, -0.007
31.160, -0.001, -0.100, -0.007
31.179, -0.001, -0.100, -0.007
31.200, -0.001, -0.100, -0.007
31.219, -0.001, -0.100, -0.007
31.239, -0.001, -0.100, -0.007
31.260, -0.001, -0.100, -0.007
31.279, -0.001, -0.100, -0.007
31.299, -0.001, -0.100, -0.007
31.319, 0.000, -0.100, -0.007
31.339, 0.000, -0.100, -0.007
31.360, 0.000, -0.100, -0.007
31.379, 0.000, -0.100, -0.006
31.399, 0.000, -0.100, -0.006
31.419, 0.001, -0.100, -0.007
31.439, 0.001, -0.100, -0.007
31.460, 0.001, -0.100, -0.007
31.479, 0.001, -0.100, -0.007
31.499, 0.001, -0.100, -0.006
31.519, 0.001, -0.100, -0.007
31.539, 0.001, -0.100, -0.006
31.560, 0.001, -0.100, -0.006
31.579, 0.001, -0.100, -0.006
31.599, 0.001, -0.100, -0.006
31.619, -0.000, -0.100, -0.006
31.639, -0.000, -0.100, -0.006
31.660, -0.000, -0.100, -0.006
31.679, -0.000, -0.100, -0.005
31.699, -0.000, -0.100, -0.006
31.719, -0.002, -0.100, -0.006
31.739, -0.002, -0.100, -0.005
31.760, -0.002, -0.100, -0.005
31.779, -0.002, -0.100, -0.005
31.799, -0.002, -0.100, -0.005
31.819, -0.005, -0.100, -0.005
31.839, -0.005, -0.100, -0.006
31.860, -0.005, -0.100, -0.006
31.879, -0.005, -0.100, -0.006
31.900, -0.005, -0.100, -0.006
31.920, -0.009, -0.100, -0.006
31.939, -0.009, -0.100, -0.006
31.959, -0.009, -0.100, -0.006
31.979, -0.009, -0.100, -0.006
31.999, -0.009, -0.100, -0.006
32.020, -0.012, -0.099, -0.007
32.039, -0.012, -0.099, -0.007
32.059, -0.012, -0.099, -0.007
32.079, -0.012, -0.099, -0.007
32.100, -0.014, -0.099, -0.007
32.119, -0.014, -0.099, -0.008
32.139, -0.014, -0.099, -0.008
32.160, -0.014, -0.099, -0.008
32.179, -0.014, -0.099, -0.008
32.199, -0.014, -0.099, -0.008
32.219, -0.015, -0.099, -0.009
32.239, -0.015, -0.099, -0.009
32.260, -0.015, -0.099, -0.009
32.279, -0.015, -0.099, -0.009
32.299, -0.015, -0.099, -0.009
32.319, -0.016, -0.099, -0.009
32.339, -0.016, -0.099, -0.009
32.360, -0.016, -0.099, -0.010
32.379, -0.016, -0.099, -0.010
32.399, -0.016, -0.099, -0.010
32.419, -0.016, -0.099, -0.010
32.440, -0.016, -0.099, -0.010
32.459, -0.016, -0.099, -0.010
32.479, -0.016, -0.099, -0.010
32.499, -0.016, -0.099, -0.010
32.520, -0.015, -0.099, -0.010
32.539, -0.015, -0.099, -0.010
32.559, -0.015, -0.099, -0.010
32.579, -0.015, -0.099, -0.010
32.599, -0.001, -0.100, -0.010
32.619, -0.001, -0.100, -0.010
32.639, -0.001, -0.100, -0.010
32.659, -0.001, -0.100, -0.010
32.679, -0.001, -0.100, -0.010
32.700, -0.001, -0.100, -0.010
32.719, 0.016, -0.099, -0.010
32.740, 0.016, -0.099, -0.010
32.759, 0.016, -0.099, -0.010
32.779, 0.016, -0.099, -0.010
32.799, 0.016, -0.099, -0.010
32.819, 0.020, -0.098, -0.010
32.840, 0.020, -0.098, -0.010
32.859, 0.020, -0.098, -0.009
32.879, 0.020, -0.098, -0.009
32.899, 0.020, -0.098, -0.009
32.920, 0.011, -0.099, -0.009
32.939, 0.011, -0.099, -0.009
32.959, 0.011, -0.099, -0.009
32.979, 0.011, -0.099, -0.009
32.999, 0.011, -0.099, -0.009
33.020, 0.003, -0.100, -0.010
33.040, 0.003, -0.100, -0.009
33.059, 0.003, -0.100, -0.009
33.079, 0.003, -0.100, -0.009
33.099, 0.003, -0.100, -0.010
33.119, -0.004, -0.100, -0.010
33.140, -0.004, -0.100, -0.010
33.159, -0.004, -0.100, -0.010
33.179, -0.004, -0.100, -0.010
33.199, -0.010, -0.099, -0.010
33.219, -0.010, -0.099, -0.010
33.240, -0.010, -0.099, -0.010
33.259, -0.010, -0.099, -0.010
33.279, -0.010, -0.099, -0.010
33.299, -0.010, -0.099, -0.010
33.320, -0.011, -0.099, -0.010
33.340, -0.011, -0.099, -0.010
33.359, -0.011, -0.099, -0.010
33.379, -0.011, -0.099, -0.010
33.399, -0.011, -0.099, -0.010
33.420, -0.011, -0.099, -0.010
33.440, -0.011, -0.099, -0.011
33.459, -0.011, -0.099, -0.010
33.479, -0.011, -0.099, -0.011
33.499, -0.011, -0.099, -0.011
33.520, -0.011, -0.099, -0.011
33.539, -0.011, -0.099, -0.011
33.559, -0.011, -0.099, -0.011
33.579, -0.011, -0.099, -0.012
33.600, -0.011, -0.099, -0.012
33.619, -0.011, -0.099, -0.012
33.640, -0.011, -0.099, -0.012
33.659, -0.011, -0.099, -0.012
33.679, -0.011, -0.099, -0.013
33.699, -0.011, -0.099, -0.013
33.719, -0.011, -0.099, -0.013
33.740, -0.011, -0.099, -0.014
33.760, -0.011, -0.099, -0.014
33.779, -0.011, -0.099, -0.015
33.799, -0.011, -0.099, -0.015
33.819, -0.001, -0.100, -0.015
33.840, -0.001, -0.100, -0.015
33.859, -0.001, -0.100, -0.015
33.879, -0.001, -0.100, -0.016
33.899, -0.001, -0.100, -0.016
33.919, 0.010, -0.099, -0.017
33.940, 0.010, -0.099, -0.017
33.960, 0.010, -0.099, -0.017
33.979, 0.010, -0.099, -0.018
33.999, 0.010, -0.099, -0.018
34.019, 0.023, -0.097, -0.018
34.040, 0.023, -0.097, -0.018
34.059, 0.023, -0.097, -0.018
34.079, 0.023, -0.097, -0.019
34.099, 0.023, -0.097, -0.019
34.119, 0.028, -0.096, -0.019
34.139, 0.028, -0.096, -0.019
34.160, 0.028, -0.096, -0.019
34.179, 0.028, -0.096, -0.019
34.199, 0.028, -0.096, -0.019
34.219, 0.024, -0.097, -0.019
34.239, 0.024, -0.097, -0.019
34.260, 0.024, -0.097, -0.019
34.279, 0.024, -0.097, -0.019
34.299, 0.024, -0.097, -0.019
34.320, 0.016, -0.099, -0.019
34.339, 0.016, -0.099, -0.019
34.359, 0.016, -0.099, -0.019
34.379, 0.016, -0.099, -0.018
34.399, 0.010, -0.100, -0.018
34.420, 0.010, -0.100, -0.018
34.439, 0.010, -0.100, -0.018
34.459, 0.010, -0.100, -0.018
34.479, 0.010, -0.100, -0.018
34.499, 0.010, -0.100, -0.018
34.520, 0.007, -0.100, -0.018
34.539, 0.007, -0.100, -0.018
34.559, 0.007, -0.100, -0.018
34.579, 0.007, -0.100, -0.017
34.600, 0.007, -0.100, -0.017
34.620, 0.007, -0.100, -0.017
34.639, 0.007, -0.100, -0.017
34.659, 0.007, -0.100, -0.017
34.679, 0.007, -0.100, -0.016
34.700, 0.007, -0.100, -0.016
34.720, 0.007, -0.100, -0.016
34.739, 0.007, -0.100, -0.016
34.759, 0.007, -0.100, -0.016
34.779, 0.007, -0.100, -0.015
34.800, 0.007, -0.100, -0.016
34.819, 0.007, -0.100, -0.016
34.839, 0.007, -0.100, -0.016
34.860, 0.007, -0.100, -0.015
34.880, 0.007, -0.100, -0.015
34.899, 0.007, -0.100, -0.015
34.919, 0.004, -0.100, -0.015
34.939, 0.004, -0.100, -0.015
34.960, 0.004, -0.100, -0.015
10.169, 1.000, 0.068, 0.178
10.188, 1.000, 0.083, 0.177
10.208, 1.000, 0.093, 0.177
10.228, 1.000, 0.115, 0.177
10.248, 1.000, 0.121, 0.176
10.269, 1.000, 0.132, 0.176
10.288, 1.000, 0.149, 0.176
10.308, 1.000, 0.160, 0.175
10.328, 1.000, 0.182, 0.173
10.348, 1.000, 0.194, 0.172
10.368, 1.000, 0.200, 0.172
10.389, 1.000, 0.217, 0.170
10.408, 1.000, 0.223, 0.170
10.428, 1.000, 0.248, 0.166
10.448, 1.000, 0.254, 0.166
10.468, 1.000, 0.263, 0.164
10.489, 1.000, 0.277, 0.162
10.508, 1.000, 0.281, 0.161
10.528, 1.000, 0.300, 0.156
10.548, 1.000, 0.303, 0.155
10.568, 1.000, 0.310, 0.154
10.589, 1.000, 0.319, 0.151
10.611, 1.000, 0.322, 0.150
10.628, 0.991, 0.334, 0.145
10.648, 0.982, 0.337, 0.144
10.668, 0.965, 0.340, 0.142
10.689, 0.938, 0.346, 0.140
10.708, 0.929, 0.348, 0.139
10.728, 0.882, 0.354, 0.134
10.748, 0.872, 0.354, 0.133
10.769, 0.852, 0.356, 0.131
10.789, 0.823, 0.357, 0.128
10.808, 0.813, 0.357, 0.127
10.828, 0.761, 0.357, 0.123
10.848, 0.750, 0.356, 0.122
10.868, 0.730, 0.355, 0.121
10.888, 0.698, 0.352, 0.119
10.908, 0.687, 0.351, 0.118
10.928, 0.634, 0.345, 0.115
10.948, 0.624, 0.342, 0.115
10.969, 0.602, 0.339, 0.113
10.989, 0.571, 0.333, 0.112
11.008, 0.550, 0.328, 0.112
11.028, 0.509, 0.318, 0.110
11.048, 0.499, 0.316, 0.110
11.069, 0.479, 0.311, 0.109
11.089, 0.449, 0.302, 0.108
11.108, 0.439, 0.299, 0.108
11.128, 0.392, 0.284, 0.107
11.148, 0.383, 0.281, 0.107
11.168, 0.365, 0.275, 0.107
11.189, 0.339, 0.266, 0.106
11.208, 0.322, 0.259, 0.106
11.228, 0.289, 0.247, 0.105
11.248, 0.282, 0.243, 0.105
11.268, 0.266, 0.237, 0.105
11.288, 0.244, 0.227, 0.104
11.309, 0.230, 0.221, 0.104
11.328, 0.204, 0.208, 0.104
11.348, 0.191, 0.202, 0.103
11.368, 0.185, 0.199, 0.103
11.388, 0.167, 0.190, 0.103
11.409, 0.161, 0.187, 0.102
11.429, 0.135, 0.172, 0.101
11.448, 0.130, 0.169, 0.101
11.468, 0.121, 0.164, 0.101
11.488, 0.108, 0.155, 0.100
11.508, 0.104, 0.152, 0.100
11.529, 0.085, 0.139, 0.099
11.548, 0.079, 0.134, 0.099
11.568, 0.075, 0.131, 0.098
11.588, 0.067, 0.123, 0.098
11.608, 0.062, 0.119, 0.097
11.629, 0.053, 0.110, 0.096
11.648, 0.051, 0.107, 0.096
11.668, 0.047, 0.103, 0.096
11.688, 0.043, 0.097, 0.095
11.708, 0.040, 0.093, 0.094
11.729, 0.036, 0.085, 0.093
11.748, 0.035, 0.084, 0.093
11.768, 0.033, 0.080, 0.092
11.788, 0.031, 0.076, 0.092
11.808, 0.031, 0.074, 0.091
11.828, 0.029, 0.067, 0.090
11.849, 0.028, 0.065, 0.089
11.868, 0.028, 0.064, 0.089
11.888, 0.028, 0.061, 0.088
11.908, 0.028, 0.060, 0.088
11.928, 0.029, 0.055, 0.087
11.949, 0.029, 0.054, 0.087
11.969, 0.029, 0.053, 0.086
11.988, 0.030, 0.051, 0.085
12.008, 0.031, 0.050, 0.085
12.028, 0.031, 0.048, 0.083
12.049, 0.032, 0.048, 0.083
12.068, 0.033, 0.047, 0.083
12.088, 0.034, 0.046, 0.082
12.108, 0.034, 0.046, 0.081
12.128, 0.035, 0.045, 0.080
12.149, 0.036, 0.045, 0.080
12.168, 0.037, 0.044, 0.079
12.188, 0.037, 0.044, 0.078
12.208, 0.037, 0.044, 0.078
12.229, 0.038, 0.043, 0.077
12.248, 0.038, 0.043, 0.077
12.268, 0.038, 0.043, 0.076
12.288, 0.037, 0.043, 0.076
12.308, 0.038, 0.043, 0.075
12.329, 0.037, 0.042, 0.074
12.349, 0.037, 0.042, 0.074
12.368, 0.036, 0.042, 0.074
12.388, 0.035, 0.042, 0.073
12.408, 0.035, 0.041, 0.073
12.429, 0.033, 0.041, 0.071
12.448, 0.032, 0.041, 0.071
12.468, 0.031, 0.041, 0.071
12.489, 0.029, 0.041, 0.070
12.508, 0.028, 0.041, 0.069
12.529, 0.025, 0.041, 0.068
12.549, 0.024, 0.041, 0.068
12.568, 0.022, 0.041, 0.067
12.588, 0.020, 0.041, 0.066
12.608, 0.019, 0.042, 0.066
12.629, 0.015, 0.042, 0.064
12.649, 0.013, 0.042, 0.064
12.669, 0.012, 0.043, 0.064
12.688, 0.009, 0.043, 0.063
12.708, 0.008, 0.043, 0.063
12.728, 0.005, 0.044, 0.062
12.749, 0.003, 0.045, 0.061
12.768, 0.003, 0.045, 0.061
12.788, 0.001, 0.045, 0.061
12.808, 0.001, 0.045, 0.061
12.829, -0.001, 0.046, 0.060
12.848, -0.002, 0.045, 0.059
12.868, -0.003, 0.046, 0.059
12.888, -0.003, 0.046, 0.059
12.909, -0.004, 0.046, 0.059
12.929, -0.004, 0.045, 0.058
12.948, -0.005, 0.045, 0.058
12.968, -0.005, 0.044, 0.058
12.988, -0.004, 0.044, 0.058
13.009, -0.005, 0.044, 0.057
13.028, -0.004, 0.042, 0.057
13.048, -0.004, 0.041, 0.056
13.068, -0.003, 0.041, 0.056
13.089, -0.003, 0.039, 0.056
13.109, -0.002, 0.039, 0.056
13.128, -0.001, 0.037, 0.055
13.148, -0.000, 0.036, 0.055
13.168, 0.000, 0.035, 0.054
13.189, 0.002, 0.034, 0.054
13.208, 0.003, 0.033, 0.054
13.228, 0.005, 0.031, 0.053
13.248, 0.005, 0.030, 0.053
13.268, 0.006, 0.029, 0.052
13.288, 0.008, 0.028, 0.052
13.309, 0.008, 0.027, 0.051
13.328, 0.011, 0.025, 0.050
13.348, 0.012, 0.024, 0.050
13.368, 0.013, 0.023, 0.050
13.388, 0.015, 0.022, 0.049
13.409, 0.015, 0.021, 0.049
13.428, 0.018, 0.019, 0.048
13.448, 0.019, 0.019, 0.048
13.468, 0.020, 0.018, 0.048
13.488, 0.022, 0.017, 0.047
13.509, 0.023, 0.016, 0.047
13.529, 0.025, 0.014, 0.046
13.548, 0.025, 0.014, 0.046
13.568, 0.027, 0.013, 0.045
13.588, 0.028, 0.012, 0.045
13.609, 0.029, 0.012, 0.045
13.629, 0.031, 0.011, 0.044
13.648, 0.032, 0.010, 0.043
13.668, 0.033, 0.010, 0.043
13.688, 0.034, 0.010, 0.042
13.709, 0.034, 0.010, 0.042
13.729, 0.036, 0.009, 0.041
13.748, 0.036, 0.009, 0.041
13.768, 0.037, 0.010, 0.041
13.788, 0.037, 0.010, 0.040
13.809, 0.037, 0.010, 0.039
13.829, 0.037, 0.011, 0.039
13.848, 0.037, 0.012, 0.038
13.868, 0.037, 0.012, 0.038
13.888, 0.037, 0.013, 0.038
13.909, 0.037, 0.013, 0.038
13.928, 0.036, 0.015, 0.037
13.948, 0.036, 0.016, 0.037
13.968, 0.035, 0.016, 0.036
13.988, 0.035, 0.018, 0.036
14.008, 0.034, 0.019, 0.036
14.029, 0.032, 0.021, 0.035
14.048, 0.032, 0.022, 0.035
14.068, 0.031, 0.023, 0.035
14.088, 0.030, 0.025, 0.035
14.108, 0.030, 0.026, 0.035
14.128, 0.028, 0.028, 0.034
14.149, 0.028, 0.029, 0.034
14.168, 0.027, 0.030, 0.034
14.188, 0.026, 0.032, 0.034
14.208, 0.025, 0.033, 0.034
14.228, 0.023, 0.035, 0.033
14.249, 0.023, 0.036, 0.033
14.268, 0.022, 0.037, 0.033
14.288, 0.021, 0.038, 0.033
14.308, 0.021, 0.039, 0.033
14.328, 0.019, 0.041, 0.033
14.349, 0.019, 0.041, 0.033
14.368, 0.019, 0.042, 0.033
14.388, 0.018, 0.043, 0.032
14.408, 0.018, 0.043, 0.032
14.428, 0.017, 0.045, 0.032
14.449, 0.016, 0.045, 0.032
14.468, 0.016, 0.045, 0.032
14.488, 0.016, 0.046, 0.032
14.508, 0.015, 0.046, 0.032
14.528, 0.015, 0.047, 0.033
14.549, 0.015, 0.047, 0.033
14.569, 0.014, 0.047, 0.033
14.588, 0.014, 0.048, 0.033
14.608, 0.013, 0.048, 0.033
14.628, 0.013, 0.048, 0.033
14.649, 0.012, 0.048, 0.033
14.669, 0.012, 0.048, 0.033
14.688, 0.011, 0.048, 0.033
14.708, 0.011, 0.048, 0.033
14.728, 0.010, 0.047, 0.032
14.748, 0.010, 0.047, 0.032
14.769, 0.009, 0.046, 0.032
14.788, 0.009, 0.046, 0.032
14.808, 0.009, 0.046, 0.032
14.828, 0.008, 0.045, 0.032
14.848, 0.008, 0.044, 0.031
14.869, 0.007, 0.044, 0.031
14.888, 0.007, 0.043, 0.031
14.908, 0.006, 0.043, 0.031
14.928, 0.005, 0.042, 0.031
14.948, 0.005, 0.041, 0.030
14.969, 0.005, 0.041, 0.030
14.989, 0.004, 0.040, 0.030
15.008, 0.004, 0.039, 0.030
15.028, 0.003, 0.038, 0.029
15.048, 0.003, 0.038, 0.029
15.069, 0.003, 0.038, 0.029
15.089, 0.002, 0.037, 0.028
15.108, 0.002, 0.037, 0.028
15.128, 0.001, 0.036, 0.027
15.148, 0.001, 0.036, 0.027
15.169, 0.001, 0.036, 0.027
15.189, 0.001, 0.036, 0.027
15.208, 0.001, 0.036, 0.026
15.228, 0.000, 0.035, 0.025
15.249, 0.000, 0.035, 0.025
15.269, 0.000, 0.035, 0.025
15.288, 0.000, 0.035, 0.024
15.308, 0.000, 0.035, 0.024
15.328, 0.000, 0.036, 0.023
15.348, 0.000, 0.036, 0.023
15.369, 0.001, 0.036, 0.023
15.388, 0.001, 0.037, 0.022
15.408, 0.001, 0.037, 0.022
15.428, 0.001, 0.038, 0.021
15.448, 0.001, 0.038, 0.020
15.469, 0.002, 0.039, 0.020
15.488, 0.002, 0.040, 0.020
15.508, 0.002, 0.040, 0.020
15.528, 0.002, 0.041, 0.019
15.548, 0.002, 0.042, 0.019
15.569, 0.002, 0.043, 0.019
15.589, 0.003, 0.044, 0.019
15.608, 0.003, 0.045, 0.019
15.628, 0.003, 0.046, 0.020
15.648, 0.003, 0.047, 0.020
15.668, 0.003, 0.048, 0.020
15.689, 0.003, 0.049, 0.020
15.709, 0.003, 0.050, 0.021
15.728, 0.002, 0.051, 0.021
15.748, 0.002, 0.052, 0.021
15.768, 0.002, 0.053, 0.022
15.788, 0.001, 0.053, 0.022
15.809, 0.001, 0.054, 0.022
15.828, -0.000, 0.055, 0.023
15.848, -0.001, 0.056, 0.023
15.868, -0.001, 0.056, 0.023
15.889, -0.002, 0.056, 0.023
15.908, -0.002, 0.057, 0.024
15.928, -0.004, 0.057, 0.024
15.948, -0.004, 0.057, 0.024
15.968, -0.005, 0.057, 0.024
15.989, -0.006, 0.058, 0.025
16.009, -0.007, 0.057, 0.025
16.028, -0.009, 0.057, 0.025
16.048, -0.010, 0.058, 0.025
16.068, -0.010, 0.058, 0.025
16.088, -0.012, 0.058, 0.025
16.109, -0.012, 0.058, 0.026
16.128, -0.015, 0.058, 0.026
16.148, -0.016, 0.058, 0.026
16.168, -0.016, 0.058, 0.026
16.188, -0.018, 0.058, 0.027
16.209, -0.019, 0.059, 0.027
16.228, -0.021, 0.060, 0.027
16.248, -0.021, 0.060, 0.027
16.268, -0.022, 0.060, 0.028
16.288, -0.023, 0.061, 0.028
16.309, -0.024, 0.062, 0.028
16.329, -0.026, 0.064, 0.028
16.348, -0.026, 0.065, 0.028
16.368, -0.027, 0.065, 0.028
16.389, -0.028, 0.067, 0.028
16.409, -0.028, 0.068, 0.028
16.428, -0.029, 0.070, 0.028
16.448, -0.029, 0.070, 0.028
16.468, -0.030, 0.072, 0.027
16.488, -0.030, 0.073, 0.027
16.509, -0.031, 0.074, 0.027
16.529, -0.031, 0.076, 0.026
16.548, -0.031, 0.077, 0.026
16.568, -0.031, 0.077, 0.026
16.588, -0.031, 0.079, 0.025
16.608, -0.031, 0.079, 0.025
16.629, -0.031, 0.081, 0.024
16.648, -0.030, 0.081, 0.023
16.668, -0.030, 0.082, 0.023
16.688, -0.030, 0.083, 0.022
16.709, -0.029, 0.083, 0.022
16.729, -0.028, 0.084, 0.021
16.748, -0.028, 0.084, 0.021
16.768, -0.028, 0.084, 0.021
16.788, -0.027, 0.085, 0.020
16.808, -0.027, 0.085, 0.020
16.829, -0.025, 0.086, 0.019
16.848, -0.025, 0.085, 0.019
16.868, -0.024, 0.085, 0.018
16.888, -0.023, 0.085, 0.018
16.908, -0.023, 0.085, 0.017
16.929, -0.021, 0.085, 0.016
16.949, -0.021, 0.085, 0.016
16.968, -0.020, 0.085, 0.016
16.988, -0.019, 0.085, 0.016
17.008, -0.019, 0.084, 0.015
17.028, -0.017, 0.084, 0.015
17.049, -0.017, 0.083, 0.015
17.068, -0.017, 0.083, 0.014
17.088, -0.016, 0.082, 0.014
17.108, -0.016, 0.082, 0.014
17.129, -0.014, 0.081, 0.014
17.148, -0.014, 0.080, 0.013
17.168, -0.014, 0.080, 0.013
17.188, -0.013, 0.080, 0.013
17.208, -0.013, 0.079, 0.013
17.229, -0.013, 0.078, 0.013
17.248, -0.013, 0.078, 0.013
17.268, -0.012, 0.077, 0.013
17.288, -0.012, 0.076, 0.013
17.308, -0.012, 0.076, 0.013
17.329, -0.012, 0.074, 0.012
17.348, -0.012, 0.074, 0.012
17.368, -0.013, 0.073, 0.012
17.388, -0.013, 0.072, 0.012
17.408, -0.013, 0.071, 0.012
17.428, -0.013, 0.069, 0.011
17.449, -0.013, 0.068, 0.011
17.468, -0.014, 0.067, 0.011
17.488, -0.014, 0.066, 0.011
17.508, -0.014, 0.064, 0.011
17.529, -0.015, 0.062, 0.011
17.549, -0.015, 0.061, 0.011
17.568, -0.015, 0.060, 0.011
17.588, -0.016, 0.058, 0.011
17.608, -0.016, 0.057, 0.010
17.629, -0.017, 0.054, 0.010
17.649, -0.017, 0.054, 0.010
17.668, -0.017, 0.052, 0.010
17.688, -0.018, 0.050, 0.009
17.708, -0.018, 0.050, 0.009
17.729, -0.019, 0.046, 0.009
17.749, -0.019, 0.046, 0.009
17.768, -0.019, 0.044, 0.008
17.788, -0.019, 0.042, 0.008
17.808, -0.020, 0.041, 0.008
17.828, -0.020, 0.039, 0.008
17.849, -0.020, 0.038, 0.008
17.868, -0.021, 0.037, 0.008
17.888, -0.021, 0.035, 0.007
17.908, -0.021, 0.035, 0.007
17.928, -0.022, 0.032, 0.007
17.949, -0.022, 0.032, 0.007
17.968, -0.022, 0.031, 0.007
17.988, -0.023, 0.029, 0.007
18.008, -0.023, 0.029, 0.007
18.028, -0.024, 0.027, 0.006
18.049, -0.024, 0.026, 0.006
18.068, -0.024, 0.026, 0.006
18.088, -0.025, 0.025, 0.006
18.108, -0.025, 0.025, 0.006
18.128, -0.025, 0.024, 0.005
18.148, -0.026, 0.023, 0.005
18.169, -0.026, 0.023, 0.005
18.188, -0.026, 0.023, 0.005
18.208, -0.026, 0.023, 0.004
18.228, -0.026, 0.023, 0.004
18.248, -0.026, 0.022, 0.004
18.269, -0.026, 0.022, 0.004
18.288, -0.026, 0.022, 0.003
18.308, -0.026, 0.022, 0.003
18.328, -0.026, 0.022, 0.003
18.348, -0.026, 0.023, 0.002
18.368, -0.026, 0.023, 0.002
18.389, -0.026, 0.023, 0.002
18.408, -0.026, 0.023, 0.002
18.428, -0.025, 0.024, 0.002
18.448, -0.025, 0.024, 0.002
18.469, -0.025, 0.025, 0.002
18.489, -0.025, 0.026, 0.002
18.508, -0.025, 0.026, 0.002
18.528, -0.025, 0.027, 0.002
18.548, -0.025, 0.028, 0.002
18.568, -0.025, 0.029, 0.002
18.589, -0.025, 0.030, 0.002
18.608, -0.025, 0.030, 0.002
18.628, -0.026, 0.032, 0.003
18.648, -0.026, 0.033, 0.003
18.668, -0.026, 0.034, 0.003
18.689, -0.026, 0.035, 0.003
18.708, -0.027, 0.036, 0.004
18.728, -0.028, 0.038, 0.004
18.748, -0.028, 0.039, 0.005
18.768, -0.028, 0.040, 0.005
18.789, -0.029, 0.041, 0.005
18.809, -0.029, 0.042, 0.005
18.828, -0.031, 0.045, 0.006
18.848, -0.031, 0.045, 0.007
18.868, -0.031, 0.046, 0.007
18.889, -0.032, 0.048, 0.008
18.908, -0.033, 0.048, 0.008
18.928, -0.034, 0.050, 0.009
18.948, -0.034, 0.051, 0.009
18.969, -0.035, 0.051, 0.009
18.989, -0.035, 0.052, 0.010
19.008, -0.036, 0.052, 0.010
19.028, -0.037, 0.053, 0.011
19.049, -0.037, 0.054, 0.011
19.069, -0.038, 0.054, 0.011
19.088, -0.038, 0.055, 0.012
19.108, -0.039, 0.055, 0.012
19.128, -0.039, 0.056, 0.013
19.148, -0.040, 0.056, 0.013
19.168, -0.040, 0.056, 0.014
19.189, -0.040, 0.057, 0.014
19.208, -0.040, 0.057, 0.014
19.228, -0.040, 0.057, 0.015
19.248, -0.040, 0.057, 0.015
19.268, -0.040, 0.058, 0.015
19.289, -0.040, 0.058, 0.016
19.308, -0.040, 0.058, 0.016
19.328, -0.040, 0.059, 0.017
19.348, -0.040, 0.059, 0.017
19.368, -0.039, 0.060, 0.017
19.389, -0.039, 0.060, 0.017
19.408, -0.039, 0.060, 0.017
19.428, -0.038, 0.061, 0.018
19.449, -0.037, 0.062, 0.018
19.469, -0.037, 0.062, 0.018
19.488, -0.037, 0.062, 0.019
19.508, -0.036, 0.063, 0.019
19.528, -0.036, 0.064, 0.020
19.549, -0.036, 0.064, 0.020
19.569, -0.035, 0.064, 0.020
19.588, -0.035, 0.065, 0.021
19.608, -0.035, 0.065, 0.021
19.628, -0.034, 0.065, 0.021
19.648, -0.034, 0.066, 0.022
19.668, -0.034, 0.066, 0.022
19.689, -0.033, 0.066, 0.022
19.708, -0.034, 0.066, 0.022
19.728, -0.033, 0.066, 0.023
19.748, -0.033, 0.066, 0.023
19.768, -0.033, 0.066, 0.023
19.789, -0.033, 0.066, 0.023
19.808, -0.033, 0.066, 0.024
19.828, -0.033, 0.066, 0.024
19.848, -0.033, 0.066, 0.024
19.868, -0.032, 0.066, 0.024
19.889, -0.032, 0.065, 0.025
19.908, -0.032, 0.065, 0.025
19.928, -0.031, 0.065, 0.025
19.948, -0.031, 0.065, 0.025
19.968, -0.031, 0.065, 0.025
19.988, -0.031, 0.065, 0.025
20.009, -0.031, 0.065, 0.025
20.028, -0.030, 0.064, 0.025
20.048, -0.030, 0.064, 0.025
20.068, -0.030, 0.064, 0.025
20.088, -0.029, 0.064, 0.024
20.109, -0.029, 0.064, 0.024
20.129, -0.028, 0.064, 0.024
20.149, -0.028, 0.064, 0.024
20.168, -0.028, 0.064, 0.024
20.188, -0.027, 0.064, 0.023
20.209, -0.027, 0.064, 0.023
20.229, -0.026, 0.064, 0.022
20.248, -0.026, 0.063, 0.022
20.268, -0.026, 0.063, 0.022
20.288, -0.026, 0.063, 0.022
20.309, -0.025, 0.063, 0.022
20.329, -0.025, 0.063, 0.021
20.348, -0.025, 0.063, 0.021
20.368, -0.024, 0.063, 0.021
20.388, -0.024, 0.062, 0.021
20.409, -0.024, 0.062, 0.020
20.429, -0.024, 0.062, 0.020
20.448, -0.024, 0.062, 0.020
20.468, -0.023, 0.062, 0.020
20.488, -0.023, 0.061, 0.020
20.509, -0.023, 0.061, 0.020
20.529, -0.023, 0.060, 0.020
20.548, -0.023, 0.060, 0.020
20.568, -0.023, 0.060, 0.020
20.588, -0.023, 0.060, 0.020
20.608, -0.023, 0.060, 0.020
20.629, -0.024, 0.060, 0.020
20.648, -0.024, 0.060, 0.020
20.668, -0.024, 0.060, 0.021
20.688, -0.024, 0.060, 0.021
20.709, -0.024, 0.060, 0.021
20.729, -0.024, 0.061, 0.021
20.748, -0.024, 0.061, 0.021
20.768, -0.024, 0.061, 0.021
20.788, -0.025, 0.061, 0.021
20.808, -0.025, 0.061, 0.021
20.829, -0.025, 0.062, 0.022
20.848, -0.025, 0.062, 0.022
20.868, -0.025, 0.062, 0.022
20.888, -0.026, 0.063, 0.022
20.908, -0.026, 0.063, 0.022
20.928, -0.026, 0.064, 0.022
20.949, -0.026, 0.064, 0.022
20.968, -0.026, 0.064, 0.022
20.988, -0.026, 0.065, 0.022
21.008, -0.027, 0.065, 0.022
21.028, -0.027, 0.066, 0.023
21.049, -0.027, 0.066, 0.023
21.069, -0.027, 0.066, 0.023
21.088, -0.027, 0.067, 0.023
21.108, -0.027, 0.067, 0.023
21.128, -0.027, 0.068, 0.023
21.149, -0.028, 0.068, 0.023
21.168, -0.028, 0.068, 0.023
21.188, -0.028, 0.068, 0.023
21.208, -0.028, 0.068, 0.023
21.228, -0.028, 0.068, 0.023
21.249, -0.028, 0.069, 0.023
21.268, -0.028, 0.068, 0.023
21.288, -0.029, 0.069, 0.023
21.308, -0.029, 0.068, 0.023
21.329, -0.029, 0.068, 0.023
21.348, -0.029, 0.068, 0.023
21.368, -0.030, 0.068, 0.023
21.388, -0.030, 0.068, 0.022
21.408, -0.030, 0.068, 0.022
21.429, -0.031, 0.067, 0.022
21.449, -0.031, 0.067, 0.022
21.468, -0.031, 0.067, 0.022
21.488, -0.031, 0.067, 0.022
21.508, -0.032, 0.067, 0.022
21.528, -0.032, 0.066, 0.021
21.549, -0.032, 0.066, 0.021
21.568, -0.032, 0.065, 0.021
21.588, -0.032, 0.065, 0.021
21.608, -0.033, 0.065, 0.021
21.628, -0.033, 0.064, 0.020
21.648, -0.033, 0.064, 0.019
21.669, -0.033, 0.063, 0.019
21.688, -0.034, 0.062, 0.019
21.708, -0.034, 0.062, 0.018
21.728, -0.034, 0.061, 0.017
21.749, -0.034, 0.061, 0.017
21.769, -0.035, 0.060, 0.017
21.788, -0.035, 0.059, 0.016
21.808, -0.035, 0.058, 0.016
21.828, -0.035, 0.057, 0.015
21.849, -0.035, 0.056, 0.014
21.868, -0.035, 0.055, 0.014
21.888, -0.035, 0.054, 0.013
21.908, -0.035, 0.053, 0.013
21.928, -0.035, 0.051, 0.012
21.949, -0.035, 0.050, 0.012
21.969, -0.035, 0.049, 0.011
21.988, -0.034, 0.047, 0.011
22.008, -0.034, 0.046, 0.010
22.029, -0.033, 0.043, 0.009
22.049, -0.032, 0.042, 0.009
22.068, -0.032, 0.042, 0.008
22.088, -0.031, 0.040, 0.008
22.108, -0.031, 0.039, 0.007
22.128, -0.029, 0.036, 0.006
22.149, -0.028, 0.036, 0.006
22.169, -0.028, 0.035, 0.005
22.188, -0.026, 0.034, 0.005
22.208, -0.025, 0.033, 0.004
22.228, -0.023, 0.031, 0.003
22.248, -0.022, 0.031, 0.003
22.269, -0.021, 0.030, 0.003
22.288, -0.019, 0.029, 0.002
22.308, -0.018, 0.029, 0.002
22.328, -0.015, 0.028, 0.001
22.348, -0.014, 0.027, 0.000
22.369, -0.013, 0.027, 0.000
22.389, -0.011, 0.027, -0.000
22.408, -0.011, 0.027, -0.001
22.428, -0.008, 0.027, -0.001
22.448, -0.007, 0.027, -0.002
22.468, -0.006, 0.027, -0.002
22.488, -0.004, 0.028, -0.002
22.509, -0.004, 0.028, -0.002
22.528, -0.001, 0.029, -0.003
22.549, -0.001, 0.029, -0.003
22.568, 0.000, 0.030, -0.003
22.588, 0.002, 0.031, -0.004
22.608, 0.002, 0.032, -0.004
22.628, 0.004, 0.034, -0.005
22.649, 0.004, 0.035, -0.005
22.669, 0.005, 0.035, -0.005
22.688, 0.005, 0.037, -0.005
22.708, 0.005, 0.038, -0.005
22.728, 0.006, 0.041, -0.006
22.749, 0.006, 0.043, -0.006
22.768, 0.006, 0.043, -0.006
22.788, 0.007, 0.045, -0.006
22.808, 0.007, 0.046, -0.006
22.828, 0.006, 0.050, -0.007
22.849, 0.006, 0.051, -0.007
22.869, 0.006, 0.052, -0.007
22.888, 0.005, 0.055, -0.007
22.908, 0.005, 0.055, -0.007
22.928, 0.003, 0.059, -0.008
22.949, 0.003, 0.060, -0.008
22.968, 0.002, 0.062, -0.008
22.988, 0.001, 0.063, -0.008
23.008, 0.001, 0.064, -0.009
23.028, -0.001, 0.067, -0.009
23.049, -0.002, 0.068, -0.009
23.068, -0.002, 0.069, -0.009
23.088, -0.003, 0.070, -0.009
23.108, -0.004, 0.071, -0.009
23.129, -0.005, 0.073, -0.010
23.149, -0.006, 0.074, -0.010
23.168, -0.006, 0.075, -0.010
23.188, -0.007, 0.076, -0.010
23.208, -0.008, 0.076, -0.011
23.228, -0.009, 0.078, -0.011
23.249, -0.009, 0.078, -0.011
23.268, -0.010, 0.079, -0.011
23.288, -0.010, 0.080, -0.011
23.308, -0.010, 0.080, -0.012
23.329, -0.011, 0.081, -0.012
23.349, -0.011, 0.081, -0.012
23.368, -0.011, 0.082, -0.012
23.388, -0.012, 0.083, -0.012
23.408, -0.012, 0.083, -0.012
23.429, -0.012, 0.084, -0.013
23.448, -0.012, 0.084, -0.013
23.468, -0.012, 0.085, -0.013
23.488, -0.012, 0.085, -0.013
23.508, -0.012, 0.086, -0.013
23.528, -0.012, 0.087, -0.013
23.549, -0.012, 0.087, -0.014
23.568, -0.012, 0.088, -0.014
23.588, -0.012, 0.089, -0.014
23.608, -0.012, 0.089, -0.014
23.629, -0.012, 0.091, -0.014
23.649, -0.013, 0.091, -0.014
23.668, -0.013, 0.092, -0.014
23.688, -0.013, 0.093, -0.014
23.708, -0.013, 0.093, -0.014
23.729, -0.014, 0.095, -0.014
23.749, -0.015, 0.096, -0.014
23.768, -0.015, 0.097, -0.014
23.788, -0.016, 0.098, -0.014
23.808, -0.016, 0.099, -0.014
23.828, -0.018, 0.101, -0.014
23.849, -0.019, 0.102, -0.014
23.868, -0.020, 0.103, -0.014
23.888, -0.021, 0.105, -0.013
23.908, -0.022, 0.106, -0.013
23.929, -0.024, 0.108, -0.012
23.948, -0.025, 0.108, -0.012
23.968, -0.026, 0.109, -0.012
23.988, -0.027, 0.111, -0.011
24.008, -0.028, 0.111, -0.011
24.028, -0.031, 0.113, -0.010
24.049, -0.031, 0.114, -0.010
24.068, -0.033, 0.115, -0.009
24.088, -0.034, 0.115, -0.008
24.108, -0.036, 0.116, -0.008
24.128, -0.038, 0.117, -0.007
24.149, -0.038, 0.117, -0.006
24.168, -0.039, 0.117, -0.006
24.188, -0.041, 0.117, -0.005
24.208, -0.042, 0.117, -0.004
24.228, -0.043, 0.117, -0.003
24.249, -0.044, 0.117, -0.003
24.268, -0.045, 0.117, -0.002
24.288, -0.046, 0.116, -0.002
24.308, -0.047, 0.116, -0.001
24.328, -0.048, 0.115, -0.000
24.349, -0.048, 0.115, 0.000
24.368, -0.049, 0.115, 0.001
24.388, -0.050, 0.113, 0.002
24.408, -0.050, 0.113, 0.002
24.428, -0.050, 0.111, 0.003
24.449, -0.051, 0.110, 0.003
24.469, -0.051, 0.110, 0.004
24.488, -0.051, 0.108, 0.004
24.508, -0.051, 0.107, 0.005
24.528, -0.051, 0.104, 0.006
24.548, -0.051, 0.104, 0.006
24.569, -0.051, 0.103, 0.006
24.588, -0.051, 0.101, 0.007
24.608, -0.051, 0.100, 0.007
24.628, -0.051, 0.097, 0.007
24.648, -0.050, 0.096, 0.008
24.669, -0.050, 0.095, 0.008
24.689, -0.050, 0.093, 0.008
24.708, -0.049, 0.092, 0.008
24.728, -0.049, 0.089, 0.009
24.748, -0.048, 0.088, 0.009
24.769, -0.048, 0.086, 0.009
24.789, -0.047, 0.084, 0.009
24.808, -0.047, 0.083, 0.009
24.828, -0.046, 0.080, 0.009
24.848, -0.046, 0.079, 0.009
24.868, -0.045, 0.078, 0.008
24.889, -0.044, 0.076, 0.008
24.908, -0.044, 0.075, 0.008
24.928, -0.042, 0.071, 0.007
24.948, -0.042, 0.070, 0.007
24.968, -0.041, 0.069, 0.007
24.988, -0.040, 0.067, 0.007
25.009, -0.040, 0.067, 0.007
25.028, -0.038, 0.064, 0.006
25.048, -0.038, 0.063, 0.006
25.068, -0.037, 0.062, 0.005
25.088, -0.036, 0.060, 0.005
25.109, -0.035, 0.060, 0.005
25.128, -0.033, 0.057, 0.004
25.148, -0.032, 0.056, 0.004
25.168, -0.032, 0.056, 0.004
25.188, -0.030, 0.055, 0.003
25.209, -0.029, 0.054, 0.003
25.228, -0.027, 0.052, 0.002
25.248, -0.026, 0.052, 0.002
25.268, -0.025, 0.051, 0.002
25.289, -0.024, 0.051, 0.002
25.309, -0.023, 0.050, 0.002
25.328, -0.020, 0.049, 0.001
25.348, -0.019, 0.049, 0.001
25.368, -0.018, 0.049, 0.001
25.389, -0.017, 0.048, 0.000
25.408, -0.016, 0.048, 0.000
25.428, -0.013, 0.047, -0.000
25.448, -0.013, 0.047, -0.000
25.468, -0.012, 0.047, -0.001
25.488, -0.010, 0.047, -0.001
25.509, -0.010, 0.047, -0.001
25.528, -0.007, 0.047, -0.001
25.548, -0.007, 0.047, -0.001
25.568, -0.006, 0.047, -0.001
25.589, -0.005, 0.047, -0.002
25.608, -0.004, 0.047, -0.002
25.628, -0.002, 0.047, -0.002
25.648, -0.002, 0.047, -0.002
25.669, -0.001, 0.047, -0.002
25.688, -0.001, 0.047, -0.003
25.708, -0.000, 0.047, -0.003
25.728, 0.001, 0.047, -0.003
25.748, 0.001, 0.047, -0.003
25.769, 0.001, 0.046, -0.003
25.789, 0.001, 0.046, -0.003
25.808, 0.002, 0.046, -0.003
25.828, 0.002, 0.046, -0.004
25.848, 0.001, 0.045, -0.004
25.868, 0.001, 0.045, -0.004
25.889, 0.001, 0.045, -0.004
25.908, 0.001, 0.045, -0.004
25.928, 0.000, 0.045, -0.004
25.948, -0.000, 0.045, -0.004
25.969, -0.001, 0.045, -0.004
25.989, -0.002, 0.045, -0.004
26.008, -0.002, 0.045, -0.004
26.028, -0.003, 0.045, -0.004
26.048, -0.004, 0.045, -0.004
26.069, -0.005, 0.046, -0.004
26.089, -0.006, 0.046, -0.004
26.108, -0.006, 0.046, -0.004
26.128, -0.008, 0.047, -0.004
26.148, -0.009, 0.047, -0.004
26.169, -0.010, 0.047, -0.004
26.189, -0.011, 0.048, -0.004
26.208, -0.012, 0.048, -0.004
26.228, -0.014, 0.049, -0.003
26.248, -0.014, 0.049, -0.003
26.269, -0.015, 0.050, -0.003
26.289, -0.016, 0.050, -0.003
26.308, -0.017, 0.051, -0.003
26.328, -0.019, 0.052, -0.003
26.348, -0.087, -0.050, -0.003
26.369, -0.087, -0.050, -0.002
26.390, -0.093, -0.038, -0.002
26.408, -0.093, -0.038, -0.002
26.428, -0.093, -0.038, -0.002
26.448, -0.093, -0.038, -0.002
26.469, -0.093, -0.038, -0.002
26.489, -0.089, -0.045, -0.002
26.508, -0.089, -0.045, -0.002
26.528, -0.089, -0.045, -0.002
26.548, -0.089, -0.045, -0.002
26.568, -0.089, -0.045, -0.002
26.589, -0.098, -0.022, -0.002
26.608, -0.098, -0.022, -0.001
26.628, -0.098, -0.022, -0.001
26.648, -0.098, -0.022, -0.001
26.669, -0.098, -0.022, -0.001
26.689, -0.099, 0.014, -0.001
26.708, -0.099, 0.014, -0.001
26.728, -0.099, 0.014, -0.001
26.748, -0.099, 0.014, -0.001
26.768, -0.099, 0.014, -0.001
26.789, -0.099, 0.013, -0.001
26.809, -0.099, 0.013, -0.001
26.828, -0.099, 0.013, -0.001
26.848, -0.099, 0.013, -0.001
26.868, -0.099, 0.013, -0.001
26.889, -0.099, 0.012, -0.001
26.909, -0.099, 0.012, -0.001
26.928, -0.099, 0.012, -0.001
26.948, -0.099, 0.012, -0.001
26.968, -0.099, 0.012, -0.001
26.988, -0.099, 0.011, -0.001
27.009, -0.099, 0.011, -0.001
27.028, -0.099, 0.011, -0.001
27.048, -0.099, 0.011, -0.002
27.068, -0.099, 0.011, -0.002
27.088, -0.099, 0.011, -0.002
27.109, -0.099, 0.011, -0.002
27.128, -0.099, 0.011, -0.002
27.148, -0.099, 0.011, -0.002
27.168, -0.099, 0.011, -0.002
27.189, -0.100, 0.010, -0.003
27.209, -0.100, 0.010, -0.003
27.228, -0.100, 0.010, -0.003
27.248, -0.100, 0.010, -0.003
27.268, -0.100, 0.010, -0.003
27.289, -0.100, 0.009, -0.003
27.308, -0.100, 0.009, -0.003
27.328, -0.100, 0.009, -0.003
27.348, -0.100, 0.009, -0.003
27.368, -0.100, 0.009, -0.003
27.388, -0.100, 0.009, -0.003
27.409, -0.100, 0.009, -0.003
27.432, -0.100, 0.009, -0.003
27.448, -0.100, 0.009, -0.003
27.468, -0.100, 0.009, -0.002
27.489, -0.100, 0.010, -0.002
27.509, -0.100, 0.010, -0.003
27.528, -0.100, 0.010, -0.002
27.548, -0.100, 0.010, -0.002
27.568, -0.100, 0.010, -0.002
27.588, -0.099, 0.011, -0.002
27.609, -0.099, 0.011, -0.003
27.628, -0.099, 0.011, -0.003
27.648, -0.099, 0.011, -0.003
27.668, -0.099, 0.011, -0.003
27.688, -0.099, 0.012, -0.003
27.709, -0.099, 0.012, -0.003
27.729, -0.099, 0.012, -0.003
27.748, -0.099, 0.012, -0.003
27.768, -0.099, 0.012, -0.003
27.788, -0.099, 0.013, -0.003
27.809, -0.099, 0.013, -0.003
27.829, -0.099, 0.013, -0.004
27.848, -0.099, 0.013, -0.004
27.868, -0.099, 0.013, -0.004
27.888, -0.099, 0.014, -0.004
27.908, -0.099, 0.014, -0.004
27.929, -0.099, 0.014, -0.005
27.948, -0.099, 0.014, -0.005
27.968, -0.099, 0.014, -0.005
27.988, -0.099, 0.015, -0.005
28.008, -0.099, 0.015, -0.006
28.028, -0.099, 0.015, -0.006
28.049, -0.099, 0.015, -0.006
28.068, -0.099, 0.015, -0.007
28.088, -0.099, 0.016, -0.007
28.108, -0.099, 0.016, -0.007
28.128, -0.099, 0.016, -0.007
28.149, -0.099, 0.016, -0.007
28.168, -0.099, 0.016, -0.008
28.188, -0.099, 0.015, -0.008
28.208, -0.099, 0.015, -0.008
28.228, -0.099, 0.015, -0.007
28.249, -0.099, 0.015, -0.007
28.269, -0.099, 0.015, -0.008
28.288, -0.099, 0.014, -0.007
28.308, -0.099, 0.014, -0.007
28.328, -0.099, 0.014, -0.007
28.348, -0.099, 0.014, -0.007
28.369, -0.099, 0.014, -0.007
28.388, -0.099, 0.013, -0.006
28.408, -0.099, 0.013, -0.006
28.428, -0.099, 0.013, -0.006
28.448, -0.099, 0.013, -0.005
28.469, -0.099, 0.013, -0.005
28.488, -0.100, -0.007, -0.005
28.508, -0.100, -0.007, -0.005
28.528, -0.100, -0.007, -0.004
28.548, -0.100, -0.007, -0.004
28.569, -0.100, -0.007, -0.003
28.589, -0.092, -0.039, -0.003
28.608, -0.092, -0.039, -0.003
28.628, -0.092, -0.039, -0.002
28.648, -0.092, -0.039, -0.002
28.669, -0.092, -0.039, -0.002
28.689, -0.070, -0.071, -0.001
28.708, -0.070, -0.071, -0.001
28.728, -0.070, -0.071, -0.000
28.748, -0.070, -0.071, -0.000
28.768, -0.070, -0.071, 0.000
28.789, -0.079, -0.062, 0.000
28.808, -0.079, -0.062, 0.001
28.828, -0.079, -0.062, 0.001
28.848, -0.079, -0.062, 0.001
28.868, -0.079, -0.062, 0.001
28.889, -0.084, -0.055, 0.002
28.909, -0.084, -0.055, 0.002
28.928, -0.084, -0.055, 0.002
28.948, -0.084, -0.055, 0.003
28.968, -0.084, -0.055, 0.003
28.989, -0.088, -0.047, 0.003
29.009, -0.088, -0.047, 0.003
29.028, -0.088, -0.047, 0.003
29.048, -0.088, -0.047, 0.003
29.068, -0.088, -0.047, 0.004
29.088, -0.090, -0.044, 0.004
29.109, -0.090, -0.044, 0.004
29.128, -0.090, -0.044, 0.004
29.148, -0.090, -0.044, 0.004
29.168, -0.090, -0.044, 0.004
29.188, -0.090, -0.043, 0.004
29.209, -0.090, -0.043, 0.005
29.228, -0.090, -0.043, 0.005
29.248, -0.090, -0.043, 0.005
29.268, -0.090, -0.043, 0.005
29.288, -0.087, -0.049, 0.005
29.308, -0.087, -0.049, 0.005
29.329, -0.087, -0.049, 0.005
29.348, -0.087, -0.049, 0.005
29.368, -0.087, -0.049, 0.005
29.388, -0.080, -0.061, 0.005
29.408, -0.080, -0.061, 0.005
29.429, -0.080, -0.061, 0.006
29.448, -0.080, -0.061, 0.006
29.468, -0.080, -0.061, 0.006
29.488, -0.068, -0.074, 0.006
29.508, -0.068, -0.074, 0.006
29.528, -0.068, -0.074, 0.006
29.549, -0.068, -0.074, 0.007
29.568, -0.068, -0.074, 0.007
29.588, -0.056, -0.083, 0.007
29.608, -0.056, -0.083, 0.007
29.628, -0.056, -0.083, 0.008
29.649, -0.056, -0.083, 0.008
29.669, -0.056, -0.083, 0.008
29.688, -0.076, -0.065, 0.009
29.708, -0.076, -0.065, 0.009
29.728, -0.076, -0.065, 0.010
29.749, -0.076, -0.065, 0.010
29.768, -0.076, -0.065, 0.011
29.788, -0.088, -0.048, 0.011
29.808, -0.088, -0.048, 0.012
29.828, -0.088, -0.048, 0.012
29.848, -0.088, -0.048, 0.013
29.869, -0.088, -0.048, 0.013
29.888, -0.096, -0.028, 0.013
29.908, -0.096, -0.028, 0.013
29.928, -0.096, -0.028, 0.014
29.949, -0.096, -0.028, 0.014
29.969, -0.096, -0.028, 0.014
29.988, -0.097, -0.023, 0.015
30.008, -0.097, -0.023, 0.015
30.028, -0.097, -0.023, 0.015
30.049, -0.097, -0.023, 0.015
30.069, -0.097, -0.023, 0.015
30.088, -0.097, -0.024, 0.016
30.108, -0.097, -0.024, 0.016
30.129, -0.097, -0.024, 0.016
30.148, -0.097, -0.024, 0.016
30.169, -0.097, -0.024, 0.017
30.188, -0.097, -0.024, 0.017
30.208, -0.097, -0.024, 0.017
30.228, -0.097, -0.024, 0.018
30.248, -0.097, -0.024, 0.018
30.269, -0.097, -0.024, 0.019
30.288, -0.097, -0.025, 0.019
30.308, -0.097, -0.025, 0.019
30.328, -0.097, -0.025, 0.019
30.348, -0.097, -0.025, 0.020
30.369, -0.097, -0.025, 0.020
30.389, -0.097, -0.025, 0.020
30.408, -0.097, -0.025, 0.020
30.428, -0.097, -0.025, 0.020
30.448, -0.097, -0.025, 0.020
30.469, -0.097, -0.025, 0.020
30.489, -0.096, -0.026, 0.020
30.508, -0.096, -0.026, 0.019
30.528, -0.096, -0.026, 0.019
30.548, -0.096, -0.026, 0.019
30.568, -0.096, -0.026, 0.019
30.589, -0.096, -0.028, 0.018
30.608, -0.096, -0.028, 0.018
30.628, -0.096, -0.028, 0.018
30.648, -0.096, -0.028, 0.017
30.668, -0.096, -0.028, 0.017
30.689, -0.096, -0.029, 0.017
30.708, -0.096, -0.029, 0.017
30.728, -0.096, -0.029, 0.016
30.748, -0.096, -0.029, 0.016
30.769, -0.096, -0.029, 0.016
30.789, -0.095, -0.032, 0.016
30.808, -0.095, -0.032, 0.016
30.828, -0.095, -0.032, 0.016
30.848, -0.095, -0.032, 0.016
30.868, -0.095, -0.032, 0.016
30.889, -0.080, -0.060, 0.016
30.909, -0.080, -0.060, 0.016
30.928, -0.080, -0.060, 0.016
30.948, -0.080, -0.060, 0.016
30.968, -0.080, -0.060, 0.016
30.989, -0.046, -0.089, 0.016
31.009, -0.046, -0.089, 0.015
31.028, -0.046, -0.089, 0.015
31.048, -0.046, -0.089, 0.015
31.068, -0.046, -0.089, 0.015
31.089, -0.059, -0.081, 0.015
31.109, -0.059, -0.081, 0.015
31.128, -0.059, -0.081, 0.014
31.148, -0.059, -0.081, 0.014
31.168, -0.059, -0.081, 0.014
31.189, -0.057, -0.082, 0.014
31.208, -0.057, -0.082, 0.014
31.228, -0.057, -0.082, 0.013
31.248, -0.057, -0.082, 0.013
31.269, -0.057, -0.082, 0.013
31.289, -0.036, -0.093, 0.012
31.308, -0.036, -0.093, 0.012
31.328, -0.036, -0.093, 0.011
31.348, -0.036, -0.093, 0.011
31.368, -0.036, -0.093, 0.010
31.389, -0.078, -0.062, 0.010
31.408, -0.078, -0.062, 0.010
31.428, -0.078, -0.062, 0.009
31.448, -0.078, -0.062, 0.008
31.468, -0.078, -0.062, 0.008
31.488, -0.087, -0.048, 0.007
31.509, -0.087, -0.048, 0.007
31.528, -0.087, -0.048, 0.006
31.548, -0.087, -0.048, 0.006
31.568, -0.087, -0.048, 0.006
31.589, -0.087, -0.049, 0.006
31.608, -0.087, -0.049, 0.006
31.628, -0.087, -0.049, 0.005
31.648, -0.087, -0.049, 0.005
31.668, -0.087, -0.049, 0.005
31.689, -0.086, -0.051, 0.005
31.708, -0.086, -0.051, 0.005
31.728, -0.086, -0.051, 0.006
31.748, -0.086, -0.051, 0.006
31.768, -0.086, -0.051, 0.006
31.789, -0.085, -0.053, 0.006
31.809, -0.085, -0.053, 0.006
31.828, -0.085, -0.053, 0.007
31.848, -0.085, -0.053, 0.007
31.868, -0.085, -0.053, 0.007
31.889, -0.081, -0.059, 0.008
31.908, -0.081, -0.059, 0.008
31.928, -0.081, -0.059, 0.008
31.948, -0.081, -0.059, 0.008
31.968, -0.081, -0.059, 0.008
31.988, -0.052, -0.086, 0.008
32.009, -0.052, -0.086, 0.008
32.029, -0.052, -0.086, 0.008
32.048, -0.052, -0.086, 0.008
32.068, -0.052, -0.086, 0.007
32.088, -0.034, -0.094, 0.007
32.108, -0.034, -0.094, 0.007
32.129, -0.034, -0.094, 0.006
32.148, -0.034, -0.094, 0.006
32.168, -0.034, -0.094, 0.006
32.188, -0.050, -0.086, 0.005
32.208, -0.050, -0.086, 0.005
32.229, -0.050, -0.086, 0.004
32.248, -0.050, -0.086, 0.004
32.268, -0.050, -0.086, 0.004
32.288, -0.054, -0.084, 0.003
32.309, -0.054, -0.084, 0.003
32.329, -0.054, -0.084, 0.002
32.348, -0.054, -0.084, 0.002
32.368, -0.054, -0.084, 0.002
32.388, -0.052, -0.086, 0.001
32.408, -0.052, -0.086, 0.001
32.428, -0.052, -0.086, 0.000
32.449, -0.052, -0.086, -0.000
32.468, -0.052, -0.086, -0.001
32.488, -0.048, -0.088, -0.001
32.509, -0.048, -0.088, -0.001
32.529, -0.048, -0.088, -0.002
32.548, -0.048, -0.088, -0.002
32.568, -0.048, -0.088, -0.003
32.588, -0.044, -0.090, -0.003
32.608, -0.044, -0.090, -0.004
32.629, -0.044, -0.090, -0.004
32.649, -0.044, -0.090, -0.005
32.668, -0.044, -0.090, -0.005
32.688, -0.033, -0.094, -0.005
32.708, -0.033, -0.094, -0.005
32.728, -0.033, -0.094, -0.006
32.749, -0.033, -0.094, -0.006
32.768, -0.033, -0.094, -0.006
32.788, -0.016, -0.099, -0.007
32.808, -0.016, -0.099, -0.007
32.828, -0.016, -0.099, -0.007
32.849, -0.016, -0.099, -0.007
32.869, -0.016, -0.099, -0.008
32.888, -0.004, -0.100, -0.008
32.908, -0.004, -0.100, -0.008
32.928, -0.004, -0.100, -0.008
32.948, -0.004, -0.100, -0.008
32.969, -0.004, -0.100, -0.009
32.988, 0.001, -0.100, -0.009
33.008, 0.001, -0.100, -0.009
33.028, 0.001, -0.100, -0.009
33.048, 0.001, -0.100, -0.009
33.069, 0.001, -0.100, -0.009
33.089, -0.014, -0.099, -0.009
33.108, -0.014, -0.099, -0.009
33.128, -0.014, -0.099, -0.009
33.148, -0.014, -0.099, -0.009
33.169, -0.014, -0.099, -0.009
33.188, -0.023, -0.097, -0.009
33.208, -0.023, -0.097, -0.009
33.228, -0.023, -0.097, -0.009
33.248, -0.023, -0.097, -0.009
33.269, -0.023, -0.097, -0.009
33.289, -0.025, -0.097, -0.009
33.308, -0.025, -0.097, -0.009
33.328, -0.025, -0.097, -0.009
33.348, -0.025, -0.097, -0.009
33.368, -0.025, -0.097, -0.009
33.389, -0.023, -0.097, -0.009
33.409, -0.023, -0.097, -0.009
33.428, -0.023, -0.097, -0.009
33.448, -0.023, -0.097, -0.009
33.468, -0.023, -0.097, -0.009
33.489, -0.018, -0.098, -0.009
33.508, -0.018, -0.098, -0.010
33.528, -0.018, -0.098, -0.010
33.548, -0.018, -0.098, -0.010
33.568, -0.018, -0.098, -0.010
33.589, -0.005, -0.100, -0.010
33.609, -0.005, -0.100, -0.010
33.628, -0.005, -0.100, -0.011
33.648, -0.005, -0.100, -0.011
33.668, -0.005, -0.100, -0.011
33.689, 0.014, -0.099, -0.011
33.708, 0.014, -0.099, -0.011
33.728, 0.014, -0.099, -0.011
33.748, 0.014, -0.099, -0.011
33.769, 0.014, -0.099, -0.011
33.789, -0.004, -0.100, -0.011
33.808, -0.004, -0.100, -0.011
33.828, -0.004, -0.100, -0.012
33.848, -0.004, -0.100, -0.012
33.868, -0.004, -0.100, -0.012
33.889, -0.032, -0.095, -0.011
33.908, -0.032, -0.095, -0.012
33.928, -0.032, -0.095, -0.012
33.948, -0.032, -0.095, -0.012
33.969, -0.032, -0.095, -0.012
33.989, -0.044, -0.090, -0.012
34.008, -0.044, -0.090, -0.012
34.028, -0.044, -0.090, -0.012
34.049, -0.044, -0.090, -0.012
34.068, -0.044, -0.090, -0.012
34.089, -0.044, -0.090, -0.012
34.108, -0.044, -0.090, -0.013
34.128, -0.044, -0.090, -0.013
34.148, -0.044, -0.090, -0.013
34.168, -0.044, -0.090, -0.013
34.189, -0.043, -0.090, -0.014
34.209, -0.043, -0.090, -0.014
34.228, -0.043, -0.090, -0.014
34.248, -0.043, -0.090, -0.014
34.268, -0.043, -0.090, -0.014
34.288, -0.043, -0.090, -0.015
34.308, -0.043, -0.090, -0.015
34.329, -0.043, -0.090, -0.015
34.348, -0.043, -0.090, -0.015
34.368, -0.043, -0.090, -0.016
34.388, -0.043, -0.090, -0.016
34.409, -0.043, -0.090, -0.016
34.429, -0.043, -0.090, -0.017
34.448, -0.043, -0.090, -0.017
34.468, -0.043, -0.090, -0.017
34.488, -0.043, -0.090, -0.017
34.509, -0.043, -0.090, -0.017
34.529, -0.043, -0.090, -0.018
34.548, -0.043, -0.090, -0.018
34.568, -0.043, -0.090, -0.018
34.588, -0.043, -0.090, -0.018
34.608, -0.043, -0.090, -0.018
34.629, -0.043, -0.090, -0.019
34.648, -0.043, -0.090, -0.019
34.668, -0.043, -0.090, -0.019
34.688, -0.043, -0.090, -0.019
34.708, -0.043, -0.090, -0.019
34.728, -0.043, -0.090, -0.019
34.748, -0.043, -0.090, -0.019
34.768, -0.043, -0.090, -0.020
34.788, -0.042, -0.091, -0.020
34.808, -0.042, -0.091, -0.020
34.829, -0.042, -0.091, -0.020
34.849, -0.042, -0.091, -0.020
34.868, -0.042, -0.091, -0.020
34.888, -0.041, -0.091, -0.020
34.908, -0.041, -0.091, -0.020
34.929, -0.041, -0.091, -0.020
34.949, -0.041, -0.091, -0.020
34.968, -0.041, -0.091, -0.020
34.988, -0.039, -0.092, -0.020
35.008, -0.039, -0.092, -0.020
35.029, -0.039, -0.092, -0.020
35.048, -0.039, -0.092, -0.020
35.068, -0.039, -0.092, -0.020
35.088, -0.037, -0.093, -0.019
35.108, -0.037, -0.093, -0.019
35.128, -0.037, -0.093, -0.019
35.149, -0.037, -0.093, -0.019
35.168, -0.037, -0.093, -0.019
35.188, -0.034, -0.094, -0.018
35.208, -0.034, -0.094, -0.018
35.228, -0.034, -0.094, -0.018
35.249, -0.034, -0.094, -0.018
35.268, -0.034, -0.094, -0.017
35.288, -0.032, -0.095, -0.017
35.308, -0.032, -0.095, -0.017
35.328, -0.032, -0.095, -0.016
35.349, -0.032, -0.095, -0.016
35.369, -0.032, -0.095, -0.016
35.388, -0.029, -0.096, -0.015
35.408, -0.029, -0.096, -0.015
35.428, -0.029, -0.096, -0.014
35.449, -0.029, -0.096, -0.014
35.469, -0.029, -0.096, -0.014
35.488, -0.027, -0.096, -0.013
35.508, -0.027, -0.096, -0.013
35.528, -0.027, -0.096, -0.012
35.549, -0.027, -0.096, -0.012
35.569, -0.027, -0.096, -0.012
35.588, -0.026, -0.097, -0.011
35.608, -0.026, -0.097, -0.011
35.628, -0.026, -0.097, -0.010
35.648, -0.026, -0.097, -0.010
35.669, -0.026, -0.097, -0.010
35.688, -0.025, -0.097, -0.009
35.708, -0.025, -0.097, -0.008
35.728, -0.025, -0.097, -0.008
35.748, -0.025, -0.097, -0.008
35.769, -0.025, -0.097, -0.007
35.789, -0.019, -0.098, -0.007
35.808, -0.019, -0.098, -0.007
35.828, -0.019, -0.098, -0.006
35.848, -0.019, -0.098, -0.006
35.868, -0.019, -0.098, -0.005
35.889, -0.009, -0.100, -0.005
35.908, -0.009, -0.100, -0.004
35.928, -0.009, -0.100, -0.004
35.948, -0.009, -0.100, -0.004
35.968, -0.009, -0.100, -0.003
35.989, -0.001, -0.100, -0.003
36.009, -0.001, -0.100, -0.003
36.028, -0.001, -0.100, -0.002
36.048, -0.001, -0.100, -0.002
36.068, -0.001, -0.100, -0.002
36.088, 0.015, -0.099, -0.002
36.109, 0.015, -0.099, -0.001
36.128, 0.015, -0.099, -0.001
36.148, 0.015, -0.099, -0.001
36.168, 0.015, -0.099, -0.001
36.189, 0.048, -0.088, -0.001
36.209, 0.048, -0.088, -0.001
36.228, 0.048, -0.088, -0.001
36.248, 0.048, -0.088, -0.001
36.268, 0.048, -0.088, -0.001
36.288, 0.046, -0.089, -0.001
36.308, 0.046, -0.089, -0.001
36.329, 0.046, -0.089, -0.002
36.348, 0.046, -0.089, -0.002
36.368, 0.046, -0.089, -0.002
36.388, 0.046, -0.089, -0.002
36.409, 0.046, -0.089, -0.002
36.429, 0.046, -0.089, -0.002
36.448, 0.046, -0.089, -0.003
36.468, 0.046, -0.089, -0.003
36.488, 0.037, -0.093, -0.003
36.509, 0.037, -0.093, -0.003
36.529, 0.037, -0.093, -0.003
36.548, 0.037, -0.093, -0.003
36.568, 0.037, -0.093, -0.003
36.588, 0.012, -0.099, -0.003
36.608, 0.012, -0.099, -0.003
36.629, 0.012, -0.099, -0.003
36.649, 0.012, -0.099, -0.003
36.668, 0.012, -0.099, -0.003
36.688, -0.012, -0.099, -0.003
36.708, -0.012, -0.099, -0.003
36.729, -0.012, -0.099, -0.002
36.748, -0.012, -0.099, -0.002
36.768, -0.012, -0.099, -0.002
36.788, -0.021, -0.098, -0.002
36.808, -0.021, -0.098, -0.002
36.829, -0.021, -0.098, -0.002
36.848, -0.021, -0.098, -0.002
36.868, -0.021, -0.098, -0.002
36.888, -0.023, -0.097, -0.002
36.908, -0.023, -0.097, -0.002
36.928, -0.023, -0.097, -0.001
36.948, -0.023, -0.097, -0.001
36.968, -0.023, -0.097, -0.001
36.988, -0.024, -0.097, -0.001
37.008, -0.024, -0.097, -0.001
37.029, -0.024, -0.097, -0.001
37.049, -0.024, -0.097, -0.001
37.068, -0.024, -0.097, -0.001
37.088, -0.024, -0.097, -0.001
37.108, -0.024, -0.097, -0.001
