0.054, 0.000, 0.000, 0.000
0.071, 0.000, 0.000, 0.000
0.088, 0.000, 0.000, 0.000
0.104, 0.000, 0.000, 0.000
0.121, 0.000, 0.000, 0.000
0.138, 0.000, 0.000, 0.000
0.156, 0.000, 0.000, 0.000
0.171, 0.000, 0.000, 0.000
0.188, 0.000, 0.000, 0.000
0.204, 0.000, 0.000, 0.000
0.221, 0.000, 0.000, 0.000
0.238, 0.000, 0.000, 0.000
0.255, 0.000, 0.000, 0.000
0.271, 0.000, 0.000, 0.000
0.288, 0.000, 0.000, 0.000
0.304, 0.000, 0.000, 0.000
0.321, 0.000, 0.000, 0.000
0.338, 0.000, 0.000, 0.000
0.354, 0.000, 0.000, 0.000
0.371, 0.000, 0.000, 0.000
0.388, 0.000, 0.000, 0.000
0.404, 0.000, 0.000, 0.000
0.423, 0.000, 0.000, 0.000
0.441, 0.000, 0.000, 0.000
0.454, 0.000, 0.000, 0.000
0.471, 0.000, 0.000, 0.000
0.491, 0.000, 0.000, 0.000
0.504, 0.000, 0.000, 0.000
0.521, 0.000, 0.000, 0.000
0.538, 0.000, 0.000, 0.000
0.555, 0.000, 0.000, 0.000
0.572, 0.000, 0.000, 0.000
0.589, 0.006, -0.446, 0.034
0.605, 0.006, -0.446, 0.034
0.621, 0.006, -0.446, 0.034
0.638, 0.006, -0.446, 0.034
0.655, 0.006, -0.446, 0.034
0.671, 0.006, -0.446, 0.034
0.688, 0.006, -0.446, 0.034
0.704, 0.006, -0.446, 0.034
0.721, 0.006, -0.446, 0.034
0.738, 0.006, -0.446, 0.034
0.755, 0.006, -0.446, 0.034
0.771, 0.006, -0.446, 0.034
0.788, 0.006, -0.446, 0.034
0.805, 0.006, -0.446, 0.034
0.821, 0.006, -0.446, 0.034
0.838, 0.006, -0.446, 0.034
0.855, 0.006, -0.446, 0.034
0.872, 0.006, -0.446, 0.034
0.888, 0.006, -0.446, 0.034
0.904, 0.006, -0.446, 0.034
0.921, 0.006, -0.446, 0.034
0.938, 0.006, -0.446, 0.034
0.954, 0.006, -0.446, 0.034
0.971, 0.006, -0.446, 0.034
0.988, 0.006, -0.446, 0.034
1.005, 0.006, -0.446, 0.034
1.022, 0.006, -0.446, 0.034
1.040, 0.006, -0.446, 0.034
1.055, 0.006, -0.446, 0.034
1.071, 0.006, -0.446, 0.034
1.088, 0.006, -0.446, 0.034
1.105, 0.006, -0.446, 0.034
1.122, 0.006, -0.446, 0.034
1.139, 0.006, -0.446, 0.034
1.154, 0.006, -0.446, 0.034
1.171, 0.006, -0.446, 0.034
1.188, 0.006, -0.446, 0.034
1.204, 0.006, -0.446, 0.034
1.221, 0.006, -0.446, 0.034
1.238, 0.006, -0.446, 0.034
1.255, 0.006, -0.446, 0.034
1.271, 0.006, -0.446, 0.034
1.288, 0.006, -0.446, 0.034
1.304, 0.006, -0.446, 0.034
1.321, 0.006, -0.446, 0.034
1.338, 0.006, -0.446, 0.034
1.354, 0.006, -0.446, 0.034
1.371, 0.006, -0.446, 0.034
1.388, 0.006, -0.446, 0.034
1.404, 0.006, -0.446, 0.034
1.421, 0.006, -0.446, 0.034
1.438, 0.006, -0.446, 0.034
1.454, 0.006, -0.446, 0.034
1.471, 0.006, -0.446, 0.034
1.488, 0.006, -0.446, 0.034
1.504, 0.006, -0.446, 0.034
1.521, 0.006, -0.446, 0.034
1.538, 0.006, -0.446, 0.034
1.555, 0.006, -0.446, 0.034
1.571, 0.006, -0.446, 0.034
1.588, 0.006, -0.446, 0.034
1.604, 0.006, -0.446, 0.034
1.621, 0.006, -0.446, 0.034
1.638, 0.006, -0.446, 0.034
1.654, 0.006, -0.446, 0.034
1.671, 0.006, -0.446, 0.034
1.688, 0.006, -0.446, 0.034
1.704, 0.006, -0.446, 0.034
1.721, 0.006, -0.446, 0.034
1.738, 0.006, -0.446, 0.034
1.754, 0.006, -0.446, 0.034
1.771, 0.006, -0.446, 0.034
1.788, 0.006, -0.446, 0.034
1.805, 0.006, -0.446, 0.034
1.821, 0.006, -0.446, 0.034
1.838, 0.006, -0.446, 0.034
1.854, 0.006, -0.446, 0.034
1.871, 0.006, -0.446, 0.034
1.888, 0.006, -0.446, 0.034
1.905, 0.006, -0.446, 0.034
1.921, 0.006, -0.446, 0.034
1.938, 0.006, -0.446, 0.034
1.954, 0.006, -0.446, 0.034
1.971, 0.006, -0.446, 0.034
1.988, 0.006, -0.446, 0.034
2.005, 0.006, -0.446, 0.034
2.021, 0.006, -0.446, 0.034
2.038, 0.006, -0.446, 0.034
2.054, 0.006, -0.446, 0.034
2.071, 0.006, -0.446, 0.034
2.088, 0.006, -0.446, 0.034
2.104, 0.006, -0.446, 0.034
2.121, 0.006, -0.446, 0.034
2.138, 0.006, -0.446, 0.034
2.154, 0.006, -0.446, 0.034
2.171, 0.006, -0.446, 0.034
2.188, 0.006, -0.446, 0.034
2.204, 0.006, -0.446, 0.034
2.221, 0.006, -0.446, 0.034
2.238, 0.006, -0.446, 0.034
2.254, 0.006, -0.446, 0.034
2.271, 0.006, -0.446, 0.034
2.288, 0.006, -0.446, 0.034
2.304, 0.006, -0.446, 0.034
2.321, 0.006, -0.446, 0.034
2.338, 0.006, -0.446, 0.034
2.355, 0.006, -0.446, 0.034
2.371, 0.006, -0.446, 0.034
2.388, 0.006, -0.446, 0.034
2.404, 0.006, -0.446, 0.034
2.422, 0.006, -0.446, 0.034
2.438, 0.006, -0.446, 0.034
2.455, 0.006, -0.446, 0.034
2.471, 0.006, -0.446, 0.034
2.488, 0.006, -0.446, 0.034
2.505, 0.006, -0.446, 0.034
2.521, 0.006, -0.446, 0.034
2.538, 0.006, -0.446, 0.034
2.555, 0.006, -0.446, 0.034
2.571, 0.006, -0.446, 0.034
2.588, 0.006, -0.446, 0.034
2.605, 0.006, -0.446, 0.034
2.621, 0.006, -0.446, 0.034
2.638, 0.006, -0.446, 0.034
2.655, 0.006, -0.446, 0.034
2.671, 0.006, -0.446, 0.034
2.688, 0.006, -0.446, 0.034
2.705, 0.006, -0.446, 0.034
2.721, 0.006, -0.446, 0.034
2.738, 0.006, -0.446, 0.034
2.755, 0.006, -0.446, 0.034
2.771, 0.006, -0.446, 0.034
2.788, 0.006, -0.446, 0.034
2.804, 0.006, -0.446, 0.034
2.821, 0.006, -0.446, 0.034
2.838, 0.006, -0.446, 0.034
2.854, 0.006, -0.446, 0.034
2.871, 0.006, -0.446, 0.034
2.888, 0.006, -0.446, 0.034
2.904, 0.006, -0.446, 0.034
2.921, 0.006, -0.446, 0.034
2.938, 0.006, -0.446, 0.034
2.955, 0.006, -0.446, 0.034
2.971, 0.006, -0.446, 0.034
2.988, 0.006, -0.446, 0.034
3.005, 0.006, -0.446, 0.034
3.021, 0.006, -0.446, 0.034
3.038, 0.006, -0.446, 0.034
3.055, 0.006, -0.446, 0.034
3.071, 0.006, -0.446, 0.034
3.088, 0.006, -0.446, 0.034
3.105, 0.006, -0.446, 0.034
3.121, 0.006, -0.446, 0.034
3.138, 0.006, -0.446, 0.034
3.155, 0.006, -0.446, 0.034
3.171, 0.006, -0.446, 0.034
3.189, 0.006, -0.446, 0.034
3.204, 0.006, -0.446, 0.034
3.221, 0.006, -0.446, 0.034
3.238, 0.006, -0.446, 0.034
3.254, 0.006, -0.446, 0.034
3.271, 0.006, -0.446, 0.034
3.288, 0.006, -0.446, 0.034
3.305, 0.006, -0.446, 0.034
3.321, 0.006, -0.446, 0.034
3.338, 0.006, -0.446, 0.034
3.355, 0.006, -0.446, 0.034
3.371, 0.006, -0.446, 0.034
3.388, 0.006, -0.446, 0.034
3.405, 0.006, -0.446, 0.034
3.421, 0.006, -0.446, 0.034
3.438, 0.006, -0.446, 0.034
3.455, 0.006, -0.446, 0.034
3.471, 0.006, -0.446, 0.034
3.488, 0.006, -0.446, 0.034
3.505, 0.006, -0.446, 0.034
3.521, 0.006, -0.446, 0.034
3.538, 0.006, -0.446, 0.034
3.555, 0.006, -0.446, 0.034
3.571, 0.006, -0.446, 0.034
3.588, 0.006, -0.446, 0.034
3.605, 0.006, -0.446, 0.034
3.621, 0.006, -0.446, 0.034
3.638, 0.006, -0.446, 0.034
3.655, 0.006, -0.446, 0.034
3.671, 0.006, -0.446, 0.034
3.688, 0.006, -0.446, 0.034
3.705, 0.006, -0.446, 0.034
3.721, 0.006, -0.446, 0.034
3.738, 0.006, -0.446, 0.034
3.755, 0.006, -0.446, 0.034
3.771, 0.006, -0.446, 0.034
3.788, 0.006, -0.446, 0.034
3.805, 0.006, -0.446, 0.034
3.821, 0.006, -0.446, 0.034
3.838, 0.006, -0.446, 0.034
3.855, 0.006, -0.446, 0.034
3.871, 0.006, -0.446, 0.034
3.888, 0.006, -0.446, 0.034
3.905, 0.006, -0.446, 0.034
3.921, 0.006, -0.446, 0.034
3.939, 0.006, -0.446, 0.034
3.954, 0.006, -0.446, 0.034
3.971, 0.006, -0.446, 0.034
3.989, 0.006, -0.446, 0.034
4.005, 0.006, -0.446, 0.034
4.021, 0.006, -0.446, 0.034
4.038, 0.006, -0.446, 0.034
4.055, 0.006, -0.446, 0.034
4.071, 0.006, -0.446, 0.034
4.088, 0.006, -0.446, 0.034
4.105, 0.006, -0.446, 0.034
4.121, 0.006, -0.446, 0.034
4.138, 0.006, -0.446, 0.034
4.155, 0.006, -0.446, 0.034
4.171, 0.006, -0.446, 0.034
4.188, 0.006, -0.446, 0.034
4.205, 0.006, -0.446, 0.034
4.221, 0.006, -0.446, 0.034
4.238, 0.006, -0.446, 0.034
4.255, 0.006, -0.446, 0.034
4.271, 0.006, -0.446, 0.034
4.288, 0.006, -0.446, 0.034
4.305, 0.006, -0.446, 0.034
4.321, 0.006, -0.446, 0.034
4.338, 0.006, -0.446, 0.034
4.354, 0.006, -0.446, 0.034
4.371, 0.006, -0.446, 0.034
4.388, 0.006, -0.446, 0.034
4.405, 0.006, -0.446, 0.034
4.421, 0.006, -0.446, 0.034
4.438, 0.006, -0.446, 0.034
4.455, 0.006, -0.446, 0.034
4.471, 0.006, -0.446, 0.034
4.488, 0.006, -0.446, 0.034
4.505, 0.006, -0.446, 0.034
4.521, 0.006, -0.446, 0.034
4.538, 0.006, -0.446, 0.034
4.554, 0.006, -0.446, 0.034
4.571, 0.006, -0.446, 0.034
4.588, 0.006, -0.446, 0.034
4.605, 0.006, -0.446, 0.034
4.621, 0.006, -0.446, 0.034
4.638, 0.006, -0.446, 0.034
4.655, 0.006, -0.446, 0.034
4.671, 0.006, -0.446, 0.034
4.688, 0.006, -0.446, 0.034
4.705, 0.006, -0.446, 0.034
4.721, 0.006, -0.446, 0.034
4.738, 0.006, -0.446, 0.034
4.755, 0.006, -0.446, 0.034
4.771, 0.006, -0.446, 0.034
4.788, 0.006, -0.446, 0.034
4.805, 0.006, -0.446, 0.034
4.821, 0.006, -0.446, 0.034
4.838, 0.006, -0.446, 0.034
4.854, 0.006, -0.446, 0.034
4.872, 0.006, -0.446, 0.034
4.888, 0.006, -0.446, 0.034
4.904, 0.006, -0.446, 0.034
4.921, 0.006, -0.446, 0.034
4.938, 0.006, -0.446, 0.034
4.954, 0.006, -0.446, 0.034
4.971, 0.006, -0.446, 0.034
4.988, 0.006, -0.446, 0.034
5.005, 0.006, -0.446, 0.034
5.021, 0.006, -0.446, 0.034
5.038, 0.006, -0.446, 0.034
5.054, 0.006, -0.446, 0.034
5.071, 0.006, -0.446, 0.034
5.088, 0.006, -0.446, 0.034
5.104, 0.006, -0.446, 0.034
5.121, 0.006, -0.446, 0.034
5.138, 0.006, -0.446, 0.034
5.154, 0.006, -0.446, 0.034
5.171, 0.006, -0.446, 0.034
5.188, 0.006, -0.446, 0.034
5.205, 0.006, -0.446, 0.034
5.222, 0.006, -0.446, 0.034
5.239, 0.006, -0.446, 0.034
5.255, 0.006, -0.446, 0.034
5.272, 0.006, -0.446, 0.034
5.290, 0.006, -0.446, 0.034
5.305, 0.006, -0.446, 0.034
5.322, 0.006, -0.446, 0.034
5.338, 0.006, -0.446, 0.034
5.355, 0.006, -0.446, 0.034
5.372, 0.006, -0.446, 0.034
5.388, 0.006, -0.446, 0.034
5.405, 0.006, -0.446, 0.034
5.421, 0.006, -0.446, 0.034
5.438, 0.006, -0.446, 0.034
5.455, 0.006, -0.446, 0.034
5.472, 0.006, -0.446, 0.034
5.489, 0.006, -0.446, 0.034
5.505, 0.006, -0.446, 0.034
5.522, 0.006, -0.446, 0.034
5.538, 0.006, -0.446, 0.034
5.555, 0.006, -0.446, 0.034
5.572, 0.006, -0.446, 0.034
5.588, 0.006, -0.446, 0.034
5.605, 0.006, -0.446, 0.034
5.622, 0.006, -0.446, 0.034
5.639, 0.006, -0.446, 0.034
5.655, 0.006, -0.446, 0.034
5.672, 0.006, -0.446, 0.034
5.688, 0.006, -0.446, 0.034
5.705, 0.006, -0.446, 0.034
5.721, 0.006, -0.446, 0.034
5.738, 0.006, -0.446, 0.034
5.755, 0.006, -0.446, 0.034
5.772, 0.006, -0.446, 0.034
5.788, 0.006, -0.446, 0.034
5.805, 0.006, -0.446, 0.034
5.822, 0.006, -0.446, 0.034
5.838, 0.006, -0.446, 0.034
5.855, 0.006, -0.446, 0.034
5.872, 0.006, -0.446, 0.034
5.888, 0.006, -0.446, 0.034
5.905, 0.006, -0.446, 0.034
5.922, 0.006, -0.446, 0.034
5.938, 0.006, -0.446, 0.034
5.955, 0.006, -0.446, 0.034
5.972, 0.006, -0.446, 0.034
5.988, 0.006, -0.446, 0.034
6.005, 0.006, -0.446, 0.034
6.022, 0.006, -0.446, 0.034
6.038, 0.006, -0.446, 0.034
6.055, 0.006, -0.446, 0.034
6.072, 0.006, -0.446, 0.034
6.088, 0.006, -0.446, 0.034
6.104, 0.006, -0.446, 0.034
6.121, 0.006, -0.446, 0.034
6.138, 0.006, -0.446, 0.034
6.154, 0.006, -0.446, 0.034
6.171, 0.006, -0.446, 0.034
6.188, 0.006, -0.446, 0.034
6.204, 0.006, -0.446, 0.034
6.221, 0.006, -0.446, 0.034
6.238, 0.006, -0.446, 0.034
6.254, 0.006, -0.446, 0.034
6.271, 0.006, -0.446, 0.034
6.288, 0.006, -0.446, 0.034
6.304, 0.006, -0.446, 0.034
6.321, 0.006, -0.446, 0.034
6.338, 0.006, -0.446, 0.034
6.354, 0.006, -0.446, 0.034
6.371, 0.006, -0.446, 0.034
6.388, 0.006, -0.446, 0.034
6.404, 0.006, -0.446, 0.034
6.421, 0.006, -0.446, 0.034
6.438, 0.006, -0.446, 0.034
6.454, 0.006, -0.446, 0.034
6.471, 0.006, -0.446, 0.034
6.488, 0.006, -0.446, 0.034
6.504, 0.006, -0.446, 0.034
6.521, 0.006, -0.446, 0.034
6.538, 0.006, -0.446, 0.034
6.561, 0.006, -0.446, 0.034
6.571, 0.006, -0.446, 0.034
6.588, 0.006, -0.446, 0.034
6.605, 0.006, -0.446, 0.034
6.621, 0.006, -0.446, 0.034
6.638, 0.006, -0.446, 0.034
6.654, 0.006, -0.446, 0.034
6.672, 0.006, -0.446, 0.034
6.688, 0.006, -0.446, 0.034
6.705, 0.006, -0.446, 0.034
6.721, 0.006, -0.446, 0.034
6.738, 0.006, -0.446, 0.034
6.755, 0.006, -0.446, 0.034
6.771, 0.006, -0.446, 0.034
6.788, 0.006, -0.446, 0.034
6.804, 0.006, -0.446, 0.034
6.821, 0.006, -0.446, 0.034
6.838, 0.006, -0.446, 0.034
6.854, 0.006, -0.446, 0.034
6.871, 0.006, -0.446, 0.034
6.889, 0.006, -0.446, 0.034
6.906, 0.006, -0.446, 0.034
6.921, 0.006, -0.446, 0.034
6.938, 0.006, -0.446, 0.034
6.955, 0.006, -0.446, 0.034
6.971, 0.006, -0.446, 0.034
6.988, 0.006, -0.446, 0.034
7.005, 0.006, -0.446, 0.034
7.021, 0.006, -0.446, 0.034
7.038, 0.006, -0.446, 0.034
7.055, 0.006, -0.446, 0.034
7.071, 0.006, -0.446, 0.034
7.088, 0.006, -0.446, 0.034
7.105, 0.006, -0.446, 0.034
7.121, 0.006, -0.446, 0.034
7.138, 0.006, -0.446, 0.034
7.154, 0.006, -0.446, 0.034
7.171, 0.006, -0.446, 0.034
7.188, 0.006, -0.446, 0.034
7.204, 0.006, -0.446, 0.034
7.221, 0.006, -0.446, 0.034
7.238, 0.006, -0.446, 0.034
7.254, 0.006, -0.446, 0.034
7.272, 0.006, -0.446, 0.034
7.288, 0.006, -0.446, 0.034
7.305, 0.006, -0.446, 0.034
7.321, 0.006, -0.446, 0.034
7.339, 0.006, -0.446, 0.034
7.355, 0.006, -0.446, 0.034
7.371, 0.006, -0.446, 0.034
7.388, 0.006, -0.446, 0.034
7.405, 0.006, -0.446, 0.034
7.421, 0.006, -0.446, 0.034
7.438, 0.006, -0.446, 0.034
7.455, 0.006, -0.446, 0.034
7.472, 0.006, -0.446, 0.034
7.488, 0.006, -0.446, 0.034
7.505, 0.006, -0.446, 0.034
7.521, 0.006, -0.446, 0.034
7.539, 0.006, -0.446, 0.034
7.555, 0.006, -0.446, 0.034
7.571, 0.006, -0.446, 0.034
7.588, 0.006, -0.446, 0.034
7.606, 0.006, -0.446, 0.034
7.621, 0.006, -0.446, 0.034
7.638, 0.006, -0.446, 0.034
7.655, 0.006, -0.446, 0.034
7.672, 0.006, -0.446, 0.034
7.688, 0.006, -0.446, 0.034
7.705, 0.006, -0.446, 0.034
7.721, 0.006, -0.446, 0.034
7.739, 0.006, -0.446, 0.034
7.754, 0.006, -0.446, 0.034
7.771, 0.006, -0.446, 0.034
7.788, 0.006, -0.446, 0.034
7.806, 0.006, -0.446, 0.034
7.821, 0.006, -0.446, 0.034
7.838, 0.006, -0.446, 0.034
7.855, 0.006, -0.446, 0.034
7.873, 0.006, -0.446, 0.034
7.888, 0.006, -0.446, 0.034
7.905, 0.006, -0.446, 0.034
7.922, 0.006, -0.446, 0.034
7.938, 0.006, -0.446, 0.034
7.955, 0.006, -0.446, 0.034
7.972, 0.006, -0.446, 0.034
7.988, 0.006, -0.446, 0.034
8.005, 0.006, -0.446, 0.034
8.021, 0.006, -0.446, 0.034
8.038, 0.006, -0.446, 0.034
8.054, 0.006, -0.446, 0.034
8.071, 0.006, -0.446, 0.034
8.088, 0.006, -0.446, 0.034
8.104, 0.006, -0.446, 0.034
8.121, 0.006, -0.446, 0.034
8.138, 0.006, -0.446, 0.034
8.155, 0.006, -0.446, 0.034
8.171, 0.006, -0.446, 0.034
8.188, 0.006, -0.446, 0.034
8.206, 0.006, -0.446, 0.034
8.221, 0.006, -0.446, 0.034
8.238, 0.006, -0.446, 0.034
8.255, 0.006, -0.446, 0.034
8.272, 0.006, -0.446, 0.034
8.288, 0.006, -0.446, 0.034
8.304, 0.006, -0.446, 0.034
8.321, 0.006, -0.446, 0.034
8.338, 0.006, -0.446, 0.034
8.355, 0.006, -0.446, 0.034
8.371, 0.006, -0.446, 0.034
8.388, 0.006, -0.446, 0.034
8.406, 0.006, -0.446, 0.034
8.421, 0.006, -0.446, 0.034
8.438, 0.006, -0.446, 0.034
8.455, 0.006, -0.446, 0.034
8.471, 0.006, -0.446, 0.034
8.488, 0.006, -0.446, 0.034
8.505, 0.006, -0.446, 0.034
8.521, 0.006, -0.446, 0.034
8.539, 0.006, -0.446, 0.034
8.555, 0.006, -0.446, 0.034
8.571, 0.006, -0.446, 0.034
8.588, 0.006, -0.446, 0.034
8.605, 0.006, -0.446, 0.034
8.621, 0.006, -0.446, 0.034
8.638, 0.006, -0.446, 0.034
8.655, 0.006, -0.446, 0.034
8.672, 0.006, -0.446, 0.034
8.688, 0.006, -0.446, 0.034
8.705, 0.006, -0.446, 0.034
8.721, 0.006, -0.446, 0.034
8.739, 0.006, -0.446, 0.034
8.755, 0.006, -0.446, 0.034
8.771, 0.006, -0.446, 0.034
8.788, 0.006, -0.446, 0.034
8.805, 0.006, -0.446, 0.034
8.821, 0.006, -0.446, 0.034
8.838, 0.006, -0.446, 0.034
8.854, 0.006, -0.446, 0.034
8.871, 0.006, -0.446, 0.034
8.888, 0.006, -0.446, 0.034
8.905, 0.006, -0.446, 0.034
8.921, 0.006, -0.446, 0.034
8.939, 0.006, -0.446, 0.034
8.955, 0.006, -0.446, 0.034
8.971, 0.006, -0.446, 0.034
8.988, 0.006, -0.446, 0.034
9.006, 0.006, -0.446, 0.034
9.022, 0.006, -0.446, 0.034
9.038, 0.006, -0.446, 0.034
9.055, 0.006, -0.446, 0.034
9.072, 0.006, -0.446, 0.034
9.088, 0.006, -0.446, 0.034
9.105, 0.006, -0.446, 0.034
9.121, 0.006, -0.446, 0.034
9.139, 0.006, -0.446, 0.034
9.155, 0.006, -0.446, 0.034
9.171, 0.006, -0.446, 0.034
9.188, 0.006, -0.446, 0.034
9.206, 0.006, -0.446, 0.034
9.221, 0.006, -0.446, 0.034
9.238, 0.006, -0.446, 0.034
9.255, 0.006, -0.446, 0.034
9.272, 0.006, -0.446, 0.034
9.288, 0.006, -0.446, 0.034
9.305, 0.006, -0.446, 0.034
9.321, 0.006, -0.446, 0.034
9.338, 0.006, -0.446, 0.034
9.355, 0.006, -0.446, 0.034
9.371, 0.006, -0.446, 0.034
9.388, 0.006, -0.446, 0.034
9.406, 0.006, -0.446, 0.034
9.421, 0.006, -0.446, 0.034
9.438, 0.006, -0.446, 0.034
9.455, 0.006, -0.446, 0.034
9.472, 0.006, -0.446, 0.034
9.488, 0.006, -0.446, 0.034
9.505, 0.006, -0.446, 0.034
9.522, 0.006, -0.446, 0.034
9.539, 0.006, -0.446, 0.034
9.555, 0.006, -0.446, 0.034
9.572, 0.006, -0.446, 0.034
9.588, 0.006, -0.446, 0.034
9.606, 0.006, -0.446, 0.034
9.621, 0.006, -0.446, 0.034
9.638, 0.006, -0.446, 0.034
9.656, 0.006, -0.446, 0.034
9.672, 0.006, -0.446, 0.034
9.688, 0.006, -0.446, 0.034
9.705, 0.006, -0.446, 0.034
9.721, 0.006, -0.446, 0.034
9.739, 0.006, -0.446, 0.034
9.754, 0.006, -0.446, 0.034
9.771, 0.006, -0.446, 0.034
9.788, 0.006, -0.446, 0.034
9.806, 0.006, -0.446, 0.034
9.821, 0.006, -0.446, 0.034
9.838, 0.006, -0.446, 0.034
9.855, 0.006, -0.446, 0.034
9.872, 0.006, -0.446, 0.035
9.888, 0.006, -0.446, 0.035
9.905, 0.006, -0.446, 0.035
9.921, 0.006, -0.446, 0.035
9.939, 0.006, -0.446, 0.035
9.955, 0.006, -0.446, 0.035
9.971, 0.006, -0.446, 0.035
9.988, 0.007, -0.446, 0.036
10.006, 0.007, -0.446, 0.036
10.021, 0.007, -0.446, 0.036
10.038, 0.007, -0.446, 0.037
10.055, 0.008, -0.446, 0.037
10.072, 0.008, -0.446, 0.037
10.088, 0.008, -0.447, 0.038
10.105, 0.009, -0.447, 0.039
10.121, 0.009, -0.447, 0.040
10.138, 0.010, -0.447, 0.041
10.155, 0.010, -0.447, 0.042
10.171, 0.011, -0.448, 0.043
10.188, 0.012, -0.448, 0.045
10.205, 0.012, -0.448, 0.046
10.221, 0.013, -0.449, 0.049
10.238, 0.014, -0.449, 0.051
10.255, 0.014, -0.449, 0.052
10.272, 0.015, -0.449, 0.054
10.288, 0.017, -0.450, 0.057
10.305, 0.017, -0.450, 0.058
10.322, 0.019, -0.450, 0.062
10.338, 0.020, -0.450, 0.065
10.354, 0.021, -0.450, 0.066
10.371, 0.022, -0.451, 0.069
10.388, 0.025, -0.450, 0.074
10.404, 0.025, -0.451, 0.076
10.421, 0.028, -0.450, 0.081
10.438, 0.030, -0.450, 0.085
10.455, 0.031, -0.450, 0.087
10.471, 0.033, -0.450, 0.091
10.488, 0.036, -0.450, 0.097
10.504, 0.037, -0.450, 0.100
10.521, 0.040, -0.449, 0.106
10.538, 0.043, -0.449, 0.111
10.554, 0.044, -0.448, 0.114
10.571, 0.046, -0.447, 0.118
10.588, 0.049, -0.446, 0.126
10.604, 0.051, -0.445, 0.129
10.621, 0.054, -0.443, 0.137
10.638, 0.056, -0.442, 0.142
10.654, 0.057, -0.440, 0.145
10.671, 0.059, -0.438, 0.150
10.688, 0.062, -0.434, 0.159
10.704, 0.063, -0.433, 0.162
10.721, 0.065, -0.428, 0.170
10.738, 0.066, -0.424, 0.176
10.754, 0.066, -0.422, 0.179
10.771, 0.067, -0.418, 0.185
10.788, 0.068, -0.411, 0.194
10.805, 0.068, -0.409, 0.198
10.821, 0.069, -0.401, 0.207
10.838, 0.069, -0.395, 0.213
10.854, 0.069, -0.392, 0.217
10.871, 0.069, -0.385, 0.223
10.888, 0.068, -0.375, 0.233
10.904, 0.067, -0.371, 0.236
10.921, 0.066, -0.360, 0.246
10.938, 0.064, -0.352, 0.252
10.954, 0.064, -0.348, 0.255
10.971, 0.062, -0.339, 0.262
10.989, 0.060, -0.325, 0.272
11.005, 0.058, -0.320, 0.276
11.022, 0.055, -0.305, 0.286
11.038, 0.052, -0.295, 0.293
11.055, 0.050, -0.290, 0.297
11.072, 0.047, -0.279, 0.304
11.088, 0.042, -0.261, 0.314
11.105, 0.040, -0.255, 0.318
11.121, 0.034, -0.236, 0.329
11.138, 0.030, -0.223, 0.336
11.155, 0.028, -0.217, 0.339
11.171, 0.023, -0.203, 0.346
11.188, 0.015, -0.182, 0.356
11.206, 0.013, -0.175, 0.359
11.221, 0.005, -0.153, 0.368
11.238, -0.000, -0.138, 0.375
11.255, -0.003, -0.130, 0.378
11.271, -0.008, -0.115, 0.384
11.288, -0.016, -0.091, 0.392
11.305, -0.019, -0.083, 0.395
11.322, -0.027, -0.060, 0.403
11.338, -0.033, -0.043, 0.409
11.355, -0.035, -0.035, 0.411
11.372, -0.041, -0.019, 0.416
11.388, -0.048, 0.005, 0.424
11.405, -0.051, 0.013, 0.426
11.421, -0.059, 0.038, 0.433
11.438, -0.064, 0.054, 0.437
11.455, -0.066, 0.062, 0.439
11.471, -0.071, 0.078, 0.443
11.489, -0.077, 0.101, 0.449
11.505, -0.079, 0.109, 0.451
11.521, -0.086, 0.132, 0.456
11.538, -0.090, 0.147, 0.459
11.555, -0.091, 0.154, 0.461
11.571, -0.095, 0.169, 0.463
11.588, -0.100, 0.191, 0.468
11.606, -0.101, 0.197, 0.469
11.621, -0.106, 0.218, 0.473
11.638, -0.111, 0.232, 0.476
11.654, -0.113, 0.239, 0.478
11.671, -0.117, 0.252, 0.481
11.689, -0.122, 0.272, 0.486
11.705, -0.124, 0.279, 0.487
11.721, -0.131, 0.299, 0.493
11.738, -0.135, 0.312, 0.498
11.755, -0.137, 0.319, 0.500
11.771, -0.141, 0.332, 0.505
11.788, -0.148, 0.352, 0.511
11.806, -0.150, 0.359, 0.514
11.821, -0.156, 0.378, 0.520
11.838, -0.160, 0.390, 0.524
11.855, -0.162, 0.396, 0.526
11.871, -0.166, 0.408, 0.530
11.888, -0.171, 0.424, 0.536
11.905, -0.173, 0.430, 0.538
11.921, -0.177, 0.444, 0.543
11.939, -0.180, 0.454, 0.546
11.955, -0.182, 0.458, 0.548
11.972, -0.184, 0.466, 0.551
11.988, -0.187, 0.478, 0.555
12.005, -0.188, 0.481, 0.556
12.021, -0.190, 0.490, 0.560
12.038, -0.191, 0.496, 0.562
12.055, -0.191, 0.498, 0.563
12.072, -0.192, 0.502, 0.565
12.088, -0.193, 0.508, 0.568
12.105, -0.193, 0.509, 0.569
12.121, -0.192, 0.513, 0.571
12.139, -0.192, 0.514, 0.572
12.155, -0.191, 0.515, 0.573
12.171, -0.190, 0.515, 0.574
12.188, -0.188, 0.516, 0.576
12.206, -0.188, 0.515, 0.576
12.221, -0.185, 0.514, 0.577
12.239, -0.183, 0.512, 0.578
12.255, -0.182, 0.511, 0.579
12.272, -0.180, 0.509, 0.579
12.289, -0.176, 0.505, 0.580
12.305, -0.175, 0.503, 0.580
12.321, -0.171, 0.498, 0.580
12.339, -0.168, 0.494, 0.580
12.355, -0.167, 0.492, 0.580
12.372, -0.164, 0.488, 0.580
12.388, -0.159, 0.482, 0.580
12.405, -0.158, 0.480, 0.580
12.421, -0.154, 0.473, 0.580
12.438, -0.150, 0.468, 0.580
12.455, -0.149, 0.466, 0.579
12.471, -0.146, 0.461, 0.579
12.488, -0.142, 0.454, 0.579
12.504, -0.140, 0.452, 0.578
12.521, -0.136, 0.445, 0.578
12.538, -0.133, 0.440, 0.578
12.554, -0.132, 0.438, 0.577
12.571, -0.129, 0.434, 0.577
12.588, -0.125, 0.428, 0.577
12.604, -0.124, 0.426, 0.577
12.621, -0.120, 0.420, 0.576
12.638, -0.118, 0.416, 0.576
12.654, -0.117, 0.415, 0.576
12.671, -0.115, 0.412, 0.575
12.688, -0.112, 0.407, 0.575
12.704, -0.111, 0.406, 0.575
12.721, -0.109, 0.402, 0.575
12.738, -0.107, 0.400, 0.575
12.754, -0.107, 0.399, 0.575
12.772, -0.106, 0.398, 0.575
12.788, -0.104, 0.396, 0.575
12.804, -0.104, 0.395, 0.575
12.821, -0.102, 0.394, 0.576
12.838, -0.102, 0.394, 0.576
12.854, -0.102, 0.393, 0.576
12.871, -0.101, 0.393, 0.577
12.888, -0.101, 0.394, 0.577
12.904, -0.101, 0.394, 0.578
12.921, -0.101, 0.395, 0.578
12.938, -0.101, 0.396, 0.579
12.954, -0.101, 0.397, 0.579
12.971, -0.102, 0.398, 0.580
12.988, -0.103, 0.400, 0.581
13.004, -0.103, 0.401, 0.581
13.021, -0.104, 0.404, 0.582
13.038, -0.105, 0.407, 0.583
13.054, -0.105, 0.408, 0.583
13.072, -0.106, 0.410, 0.584
13.088, -0.108, 0.414, 0.585
13.104, -0.109, 0.415, 0.586
13.121, -0.110, 0.420, 0.587
13.138, -0.112, 0.423, 0.587
13.154, -0.112, 0.424, 0.588
13.171, -0.114, 0.427, 0.588
13.188, -0.116, 0.432, 0.589
13.204, -0.116, 0.434, 0.589
13.221, -0.119, 0.439, 0.590
13.238, -0.120, 0.442, 0.591
13.254, -0.121, 0.444, 0.591
13.271, -0.122, 0.447, 0.591
13.288, -0.124, 0.452, 0.592
13.304, -0.125, 0.454, 0.592
13.321, -0.127, 0.459, 0.592
13.338, -0.129, 0.462, 0.592
13.354, -0.129, 0.464, 0.592
13.371, -0.131, 0.467, 0.593
13.388, -0.133, 0.471, 0.593
13.404, -0.133, 0.473, 0.593
13.421, -0.135, 0.477, 0.593
13.438, -0.137, 0.480, 0.593
13.454, -0.137, 0.481, 0.593
13.471, -0.138, 0.484, 0.592
13.488, -0.140, 0.488, 0.592
13.504, -0.140, 0.489, 0.592
13.521, -0.142, 0.493, 0.592
13.538, -0.143, 0.495, 0.591
13.554, -0.143, 0.496, 0.591
13.571, -0.144, 0.498, 0.591
13.588, -0.146, 0.501, 0.590
13.604, -0.146, 0.502, 0.590
13.621, -0.147, 0.504, 0.590
13.638, -0.148, 0.506, 0.589
13.654, -0.148, 0.507, 0.589
13.671, -0.149, 0.508, 0.589
13.688, -0.150, 0.510, 0.588
13.704, -0.150, 0.511, 0.588
13.721, -0.151, 0.512, 0.587
13.738, -0.151, 0.513, 0.587
13.754, -0.152, 0.513, 0.586
13.771, -0.152, 0.514, 0.586
13.788, -0.153, 0.515, 0.585
13.804, -0.153, 0.516, 0.585
13.821, -0.153, 0.516, 0.584
13.838, -0.154, 0.517, 0.584
13.854, -0.154, 0.517, 0.584
13.871, -0.154, 0.517, 0.583
13.888, -0.155, 0.518, 0.582
13.904, -0.155, 0.518, 0.582
13.921, -0.155, 0.518, 0.581
13.938, -0.155, 0.518, 0.581
13.954, -0.155, 0.518, 0.581
13.971, -0.155, 0.518, 0.580
13.988, -0.155, 0.518, 0.579
14.004, -0.155, 0.518, 0.579
14.021, -0.156, 0.518, 0.578
14.038, -0.156, 0.518, 0.578
14.054, -0.156, 0.518, 0.578
14.071, -0.156, 0.518, 0.577
14.088, -0.156, 0.518, 0.577
14.104, -0.156, 0.518, 0.576
14.121, -0.156, 0.518, 0.576
14.138, -0.156, 0.518, 0.575
14.154, -0.156, 0.518, 0.575
14.171, -0.156, 0.518, 0.574
14.188, -0.157, 0.518, 0.574
14.204, -0.157, 0.518, 0.574
14.221, -0.157, 0.519, 0.573
14.238, -0.157, 0.519, 0.572
14.254, -0.157, 0.519, 0.572
14.271, -0.158, 0.519, 0.572
14.288, -0.158, 0.520, 0.571
14.304, -0.158, 0.520, 0.571
14.321, -0.159, 0.521, 0.570
14.338, -0.159, 0.521, 0.569
14.354, -0.159, 0.521, 0.569
14.371, -0.159, 0.522, 0.569
14.388, -0.160, 0.523, 0.568
14.404, -0.160, 0.523, 0.567
14.421, -0.161, 0.524, 0.567
14.438, -0.161, 0.524, 0.566
14.454, -0.161, 0.525, 0.566
14.471, -0.162, 0.525, 0.565
14.488, -0.162, 0.526, 0.564
14.504, -0.162, 0.526, 0.564
14.521, -0.163, 0.527, 0.563
14.538, -0.164, 0.528, 0.563
14.554, -0.164, 0.528, 0.562
14.571, -0.164, 0.529, 0.562
14.588, -0.165, 0.529, 0.561
14.605, -0.165, 0.530, 0.561
14.621, -0.166, 0.530, 0.560
14.638, -0.166, 0.531, 0.559
14.655, -0.167, 0.531, 0.559
14.671, -0.167, 0.532, 0.558
14.688, -0.168, 0.532, 0.558
14.704, -0.168, 0.532, 0.558
14.721, -0.169, 0.533, 0.557
14.738, -0.169, 0.533, 0.556
14.755, -0.169, 0.533, 0.556
14.771, -0.170, 0.533, 0.556
14.788, -0.170, 0.534, 0.555
14.804, -0.171, 0.534, 0.555
14.821, -0.171, 0.534, 0.554
14.838, -0.172, 0.534, 0.554
14.855, -0.172, 0.534, 0.554
14.871, -0.172, 0.534, 0.554
14.888, -0.173, 0.535, 0.553
14.905, -0.173, 0.535, 0.553
14.921, -0.173, 0.535, 0.553
14.938, -0.174, 0.535, 0.553
14.955, -0.174, 0.535, 0.553
14.972, -0.174, 0.535, 0.553
14.988, -0.174, 0.535, 0.553
15.005, -0.175, 0.535, 0.553
15.021, -0.175, 0.535, 0.553
15.038, -0.175, 0.535, 0.554
15.055, -0.175, 0.535, 0.554
15.071, -0.176, 0.535, 0.554
15.088, -0.176, 0.535, 0.554
15.105, -0.176, 0.535, 0.554
15.121, -0.177, 0.535, 0.554
15.138, -0.177, 0.536, 0.554
15.154, -0.177, 0.536, 0.554
15.171, -0.177, 0.536, 0.555
15.188, -0.177, 0.536, 0.554
15.204, -0.177, 0.536, 0.554
15.221, -0.178, 0.536, 0.554
15.238, -0.178, 0.536, 0.554
15.254, -0.178, 0.537, 0.554
15.271, -0.178, 0.537, 0.553
15.288, -0.178, 0.537, 0.553
15.305, -0.178, 0.537, 0.553
15.321, -0.178, 0.538, 0.552
15.338, -0.178, 0.538, 0.551
15.355, -0.178, 0.538, 0.551
15.374, -0.178, 0.539, 0.551
15.388, -0.178, 0.539, 0.550
15.405, -0.178, 0.540, 0.550
15.422, -0.178, 0.540, 0.549
15.438, -0.177, 0.541, 0.549
15.454, -0.177, 0.541, 0.548
15.472, -0.177, 0.542, 0.548
15.488, -0.177, 0.542, 0.548
15.505, -0.177, 0.543, 0.547
15.521, -0.177, 0.544, 0.547
15.539, -0.177, 0.544, 0.547
15.555, -0.177, 0.544, 0.546
15.571, -0.177, 0.545, 0.546
15.588, -0.177, 0.546, 0.546
15.605, -0.176, 0.546, 0.546
15.621, -0.176, 0.547, 0.545
15.638, -0.176, 0.547, 0.545
15.655, -0.176, 0.547, 0.545
15.671, -0.176, 0.548, 0.544
15.688, -0.176, 0.549, 0.544
15.705, -0.176, 0.549, 0.544
15.722, -0.176, 0.549, 0.543
15.738, -0.176, 0.550, 0.543
15.755, -0.176, 0.550, 0.542
15.771, -0.176, 0.551, 0.542
15.788, -0.176, 0.551, 0.541
15.805, -0.176, 0.551, 0.541
15.822, -0.177, 0.552, 0.540
15.838, -0.177, 0.553, 0.540
15.855, -0.177, 0.553, 0.539
15.872, -0.177, 0.553, 0.538
15.888, -0.178, 0.554, 0.537
15.905, -0.178, 0.554, 0.537
15.922, -0.179, 0.555, 0.536
15.939, -0.180, 0.555, 0.535
15.955, -0.180, 0.555, 0.534
15.971, -0.180, 0.556, 0.533
15.988, -0.181, 0.556, 0.531
16.004, -0.181, 0.557, 0.531
16.021, -0.182, 0.557, 0.529
16.038, -0.183, 0.558, 0.527
16.055, -0.183, 0.558, 0.527
16.071, -0.184, 0.558, 0.525
16.088, -0.185, 0.559, 0.523
16.105, -0.185, 0.559, 0.522
16.121, -0.186, 0.559, 0.520
16.139, -0.187, 0.560, 0.519
16.155, -0.187, 0.560, 0.518
16.171, -0.188, 0.560, 0.516
16.188, -0.189, 0.561, 0.514
16.205, -0.189, 0.561, 0.514
16.221, -0.190, 0.561, 0.511
16.238, -0.191, 0.562, 0.510
16.254, -0.191, 0.562, 0.509
16.271, -0.191, 0.562, 0.508
16.288, -0.192, 0.562, 0.506
16.305, -0.193, 0.562, 0.505
16.321, -0.193, 0.563, 0.504
16.338, -0.194, 0.563, 0.502
16.354, -0.194, 0.563, 0.502
16.371, -0.195, 0.563, 0.501
16.388, -0.195, 0.563, 0.499
16.405, -0.195, 0.563, 0.498
16.421, -0.196, 0.562, 0.496
16.438, -0.196, 0.562, 0.495
16.454, -0.196, 0.562, 0.495
16.472, -0.197, 0.562, 0.494
16.488, -0.197, 0.562, 0.492
16.505, -0.197, 0.562, 0.492
16.521, -0.198, 0.561, 0.490
16.539, -0.198, 0.561, 0.489
16.554, -0.198, 0.560, 0.488
16.571, -0.198, 0.560, 0.487
16.588, -0.198, 0.559, 0.486
16.607, -0.198, 0.559, 0.485
16.621, -0.198, 0.558, 0.484
16.638, -0.198, 0.557, 0.483
16.654, -0.198, 0.557, 0.482
16.672, -0.198, 0.557, 0.481
16.688, -0.198, 0.556, 0.480
16.704, -0.198, 0.555, 0.480
16.721, -0.198, 0.555, 0.478
16.739, -0.198, 0.554, 0.478
16.754, -0.198, 0.554, 0.477
16.771, -0.197, 0.553, 0.476
16.788, -0.197, 0.552, 0.476
16.805, -0.197, 0.552, 0.475
16.821, -0.197, 0.551, 0.475
16.838, -0.196, 0.550, 0.474
16.855, -0.196, 0.550, 0.474
16.871, -0.196, 0.549, 0.473
16.888, -0.196, 0.548, 0.473
16.904, -0.196, 0.548, 0.472
16.921, -0.195, 0.547, 0.472
16.939, -0.195, 0.546, 0.471
16.954, -0.195, 0.546, 0.471
16.971, -0.194, 0.545, 0.471
16.988, -0.194, 0.544, 0.471
17.005, -0.194, 0.544, 0.471
17.021, -0.193, 0.543, 0.470
17.038, -0.193, 0.542, 0.470
17.054, -0.193, 0.541, 0.470
17.071, -0.192, 0.541, 0.470
17.088, -0.192, 0.539, 0.470
17.104, -0.192, 0.539, 0.470
17.121, -0.191, 0.538, 0.470
17.138, -0.191, 0.537, 0.471
17.154, -0.191, 0.536, 0.471
17.171, -0.190, 0.536, 0.471
17.188, -0.190, 0.534, 0.471
17.205, -0.190, 0.534, 0.472
17.221, -0.189, 0.533, 0.472
17.238, -0.189, 0.532, 0.472
17.254, -0.189, 0.531, 0.472
17.271, -0.188, 0.530, 0.473
17.288, -0.188, 0.529, 0.473
17.305, -0.188, 0.529, 0.473
17.321, -0.187, 0.528, 0.473
17.339, -0.187, 0.527, 0.473
17.354, -0.187, 0.527, 0.473
17.371, -0.186, 0.526, 0.474
17.388, -0.186, 0.526, 0.474
17.405, -0.186, 0.526, 0.474
17.421, -0.185, 0.525, 0.474
17.438, -0.185, 0.525, 0.474
17.454, -0.185, 0.525, 0.474
17.471, -0.185, 0.525, 0.474
17.488, -0.184, 0.525, 0.474
17.504, -0.184, 0.525, 0.473
17.521, -0.184, 0.525, 0.473
17.539, -0.184, 0.525, 0.473
17.555, -0.184, 0.525, 0.473
17.571, -0.184, 0.525, 0.473
17.588, -0.184, 0.526, 0.472
17.605, -0.183, 0.526, 0.472
17.621, -0.183, 0.527, 0.472
17.638, -0.183, 0.527, 0.471
17.654, -0.183, 0.528, 0.471
17.671, -0.183, 0.528, 0.470
17.688, -0.183, 0.529, 0.470
17.704, -0.183, 0.530, 0.469
17.721, -0.183, 0.531, 0.468
17.738, -0.183, 0.531, 0.468
17.754, -0.183, 0.532, 0.468
17.771, -0.183, 0.532, 0.467
17.788, -0.183, 0.534, 0.466
17.805, -0.183, 0.534, 0.466
17.821, -0.184, 0.535, 0.465
17.838, -0.184, 0.536, 0.464
17.854, -0.184, 0.536, 0.464
17.871, -0.184, 0.537, 0.463
17.888, -0.184, 0.538, 0.462
17.904, -0.184, 0.538, 0.462
17.921, -0.184, 0.539, 0.461
17.938, -0.185, 0.540, 0.461
17.954, -0.185, 0.540, 0.460
17.971, -0.185, 0.540, 0.460
17.988, -0.185, 0.541, 0.459
18.005, -0.185, 0.541, 0.459
18.021, -0.186, 0.542, 0.458
18.038, -0.186, 0.542, 0.458
18.055, -0.186, 0.542, 0.457
18.071, -0.186, 0.543, 0.457
18.088, -0.187, 0.543, 0.456
18.104, -0.187, 0.543, 0.456
18.121, -0.187, 0.543, 0.455
18.138, -0.187, 0.543, 0.455
18.154, -0.187, 0.543, 0.455
18.171, -0.187, 0.543, 0.454
18.188, -0.187, 0.544, 0.453
18.204, -0.188, 0.544, 0.453
18.221, -0.188, 0.544, 0.452
18.238, -0.188, 0.544, 0.452
18.254, -0.188, 0.544, 0.452
18.271, -0.188, 0.544, 0.451
18.288, -0.188, 0.544, 0.450
18.304, -0.188, 0.543, 0.450
18.321, -0.188, 0.543, 0.449
18.338, -0.188, 0.543, 0.448
18.354, -0.188, 0.543, 0.448
18.371, -0.187, 0.543, 0.447
18.388, -0.187, 0.543, 0.446
18.404, -0.187, 0.543, 0.446
18.421, -0.187, 0.543, 0.445
18.438, -0.187, 0.542, 0.444
18.454, -0.187, 0.542, 0.444
18.471, -0.187, 0.542, 0.443
18.488, -0.186, 0.541, 0.443
18.504, -0.186, 0.541, 0.442
18.521, -0.186, 0.540, 0.441
18.538, -0.186, 0.540, 0.441
18.554, -0.185, 0.540, 0.441
18.571, -0.185, 0.539, 0.440
18.588, -0.185, 0.538, 0.440
18.604, -0.185, 0.538, 0.439
18.621, -0.184, 0.537, 0.439
18.638, -0.184, 0.536, 0.439
18.654, -0.183, 0.536, 0.438
18.671, -0.183, 0.535, 0.438
18.688, -0.182, 0.534, 0.438
18.704, -0.182, 0.534, 0.438
18.721, -0.182, 0.533, 0.438
18.738, -0.181, 0.532, 0.438
18.754, -0.181, 0.532, 0.438
18.771, -0.180, 0.532, 0.438
18.788, -0.179, 0.531, 0.438
18.804, -0.179, 0.531, 0.438
18.821, -0.178, 0.530, 0.438
18.838, -0.178, 0.530, 0.438
18.854, -0.178, 0.529, 0.438
18.871, -0.177, 0.529, 0.438
18.888, -0.176, 0.529, 0.439
18.904, -0.176, 0.528, 0.439
18.921, -0.175, 0.528, 0.439
18.938, -0.175, 0.528, 0.439
18.954, -0.175, 0.528, 0.439
18.971, -0.174, 0.528, 0.439
18.988, -0.174, 0.527, 0.440
19.004, -0.174, 0.527, 0.440
19.021, -0.174, 0.527, 0.440
19.038, -0.173, 0.527, 0.440
19.054, -0.174, 0.527, 0.440
19.071, -0.174, 0.527, 0.440
19.088, -0.174, 0.527, 0.440
19.104, -0.174, 0.527, 0.440
19.121, -0.174, 0.527, 0.441
19.138, -0.175, 0.527, 0.441
19.154, -0.175, 0.527, 0.441
19.171, -0.175, 0.527, 0.441
19.188, -0.176, 0.527, 0.441
19.204, -0.176, 0.527, 0.441
19.221, -0.177, 0.527, 0.442
19.238, -0.178, 0.527, 0.442
19.254, -0.178, 0.527, 0.442
19.271, -0.179, 0.527, 0.442
19.288, -0.180, 0.527, 0.442
19.304, -0.181, 0.527, 0.442
19.321, -0.182, 0.527, 0.442
19.338, -0.182, 0.527, 0.441
19.354, -0.183, 0.527, 0.441
19.371, -0.184, 0.527, 0.441
19.388, -0.185, 0.527, 0.441
19.404, -0.185, 0.527, 0.441
19.421, -0.186, 0.527, 0.441
19.438, -0.187, 0.526, 0.441
19.454, -0.188, 0.526, 0.441
19.471, -0.188, 0.526, 0.441
19.488, -0.189, 0.526, 0.441
19.504, -0.190, 0.526, 0.441
19.521, -0.191, 0.526, 0.441
19.538, -0.191, 0.525, 0.442
19.554, -0.191, 0.525, 0.442
19.571, -0.192, 0.525, 0.443
19.588, -0.193, 0.524, 0.444
19.604, -0.193, 0.524, 0.444
19.621, -0.194, 0.524, 0.445
19.638, -0.194, 0.523, 0.446
19.654, -0.194, 0.523, 0.446
19.671, -0.194, 0.523, 0.447
19.688, -0.195, 0.522, 0.448
19.704, -0.195, 0.522, 0.449
19.721, -0.195, 0.521, 0.450
19.738, -0.196, 0.521, 0.451
19.754, -0.196, 0.521, 0.451
19.771, -0.196, 0.521, 0.452
19.788, -0.196, 0.520, 0.454
19.804, -0.196, 0.520, 0.454
19.821, -0.196, 0.520, 0.455
19.838, -0.196, 0.520, 0.456
19.854, -0.196, 0.520, 0.457
19.872, -0.197, 0.520, 0.458
19.888, -0.196, 0.520, 0.459
19.905, -0.196, 0.520, 0.459
19.921, -0.196, 0.520, 0.461
19.939, -0.196, 0.520, 0.462
19.955, -0.196, 0.520, 0.462
19.972, -0.196, 0.520, 0.463
19.988, -0.196, 0.521, 0.465
20.005, -0.196, 0.521, 0.465
20.021, -0.196, 0.522, 0.467
20.038, -0.195, 0.522, 0.468
20.055, -0.195, 0.522, 0.469
20.071, -0.195, 0.523, 0.470
20.088, -0.195, 0.524, 0.471
20.104, -0.195, 0.524, 0.472
20.121, -0.195, 0.525, 0.473
20.138, -0.194, 0.526, 0.474
20.154, -0.194, 0.526, 0.474
20.171, -0.194, 0.527, 0.475
20.188, -0.194, 0.528, 0.476
20.204, -0.193, 0.528, 0.477
20.221, -0.193, 0.529, 0.478
20.238, -0.193, 0.530, 0.478
20.255, -0.193, 0.530, 0.479
20.271, -0.192, 0.531, 0.479
20.288, -0.192, 0.532, 0.480
20.304, -0.192, 0.532, 0.481
20.321, -0.192, 0.533, 0.481
20.338, -0.191, 0.533, 0.482
20.354, -0.191, 0.533, 0.482
20.371, -0.191, 0.533, 0.483
20.388, -0.190, 0.534, 0.484
20.404, -0.190, 0.534, 0.484
20.421, -0.190, 0.533, 0.485
20.438, -0.189, 0.533, 0.486
20.454, -0.189, 0.533, 0.486
20.471, -0.188, 0.531, 0.487
20.488, -0.188, 0.530, 0.488
20.504, -0.187, 0.530, 0.488
20.521, -0.186, 0.528, 0.490
20.538, -0.185, 0.526, 0.490
20.554, -0.185, 0.525, 0.491
20.571, -0.184, 0.523, 0.492
20.588, -0.183, 0.519, 0.493
20.605, -0.182, 0.518, 0.493
20.621, -0.180, 0.514, 0.494
20.639, -0.179, 0.511, 0.495
20.654, -0.179, 0.510, 0.495
20.671, -0.177, 0.506, 0.496
20.688, -0.175, 0.501, 0.497
20.705, -0.175, 0.499, 0.497
20.721, -0.173, 0.494, 0.498
20.738, -0.171, 0.490, 0.498
20.755, -0.170, 0.488, 0.498
20.771, -0.169, 0.484, 0.499
20.788, -0.167, 0.477, 0.499
20.804, -0.166, 0.475, 0.500
20.821, -0.163, 0.468, 0.500
20.838, -0.161, 0.463, 0.500
20.854, -0.161, 0.461, 0.500
20.871, -0.159, 0.456, 0.501
20.888, -0.156, 0.448, 0.501
20.905, -0.155, 0.446, 0.501
20.922, -0.152, 0.438, 0.501
20.938, -0.152, 0.435, 0.501
20.955, -0.150, 0.430, 0.502
20.971, -0.147, 0.421, 0.502
20.988, -0.146, 0.416, 0.502
21.005, -0.145, 0.413, 0.502
21.021, -0.142, 0.404, 0.502
21.038, -0.140, 0.398, 0.502
21.055, -0.140, 0.395, 0.502
21.071, -0.138, 0.389, 0.502
21.088, -0.136, 0.380, 0.501
21.105, -0.135, 0.377, 0.501
21.121, -0.133, 0.368, 0.501
21.138, -0.131, 0.362, 0.500
21.155, -0.130, 0.358, 0.500
21.174, -0.129, 0.352, 0.500
21.188, -0.127, 0.343, 0.499
21.205, -0.126, 0.340, 0.499
21.221, -0.124, 0.332, 0.498
21.238, -0.123, 0.326, 0.497
21.254, -0.122, 0.323, 0.497
21.272, -0.121, 0.317, 0.496
21.288, -0.119, 0.309, 0.495
21.304, -0.118, 0.306, 0.494
21.321, -0.116, 0.298, 0.493
21.338, -0.115, 0.292, 0.491
21.354, -0.114, 0.290, 0.491
21.371, -0.113, 0.284, 0.489
21.388, -0.111, 0.277, 0.487
21.404, -0.110, 0.274, 0.486
21.421, -0.109, 0.267, 0.483
21.438, -0.108, 0.262, 0.482
21.454, -0.107, 0.260, 0.481
21.471, -0.106, 0.255, 0.479
21.488, -0.105, 0.248, 0.476
21.505, -0.104, 0.246, 0.475
21.521, -0.103, 0.239, 0.472
21.538, -0.102, 0.235, 0.470
21.554, -0.102, 0.233, 0.469
21.571, -0.101, 0.226, 0.466
21.588, -0.100, 0.222, 0.465
21.604, -0.100, 0.220, 0.464
21.621, -0.099, 0.213, 0.462
21.638, -0.099, 0.209, 0.461
21.654, -0.099, 0.207, 0.460
21.671, -0.098, 0.203, 0.459
21.688, -0.098, 0.196, 0.457
21.704, -0.097, 0.194, 0.457
21.721, -0.097, 0.188, 0.455
21.738, -0.096, 0.183, 0.454
21.755, -0.096, 0.181, 0.454
21.771, -0.096, 0.176, 0.454
21.788, -0.095, 0.169, 0.453
21.804, -0.095, 0.167, 0.453
21.821, -0.094, 0.160, 0.453
21.838, -0.094, 0.155, 0.453
21.855, -0.093, 0.153, 0.453
21.871, -0.093, 0.148, 0.453
21.888, -0.092, 0.140, 0.453
21.904, -0.092, 0.137, 0.453
21.921, -0.091, 0.130, 0.453
21.938, -0.090, 0.124, 0.454
21.954, -0.090, 0.121, 0.454
21.971, -0.089, 0.113, 0.455
21.988, -0.088, 0.108, 0.455
22.005, -0.087, 0.105, 0.455
22.021, -0.086, 0.097, 0.456
22.038, -0.085, 0.091, 0.457
22.054, -0.085, 0.088, 0.457
22.071, -0.083, 0.080, 0.458
22.088, -0.082, 0.074, 0.458
22.104, -0.082, 0.072, 0.459
22.121, -0.080, 0.063, 0.459
22.138, -0.079, 0.057, 0.460
22.154, -0.078, 0.055, 0.460
22.171, -0.077, 0.049, 0.460
22.188, -0.075, 0.041, 0.461
22.204, -0.075, 0.038, 0.461
22.221, -0.073, 0.029, 0.462
22.238, -0.071, 0.024, 0.462
22.254, -0.071, 0.021, 0.462
22.271, -0.069, 0.015, 0.462
22.288, -0.067, 0.007, 0.463
22.304, -0.067, 0.004, 0.463
22.321, -0.065, -0.004, 0.463
22.338, -0.063, -0.010, 0.463
22.354, -0.062, -0.012, 0.464
22.371, -0.061, -0.018, 0.464
22.388, -0.059, -0.026, 0.464
22.405, -0.058, -0.029, 0.464
22.421, -0.056, -0.037, 0.465
22.438, -0.055, -0.042, 0.465
22.454, -0.054, -0.045, 0.466
22.473, -0.053, -0.053, 0.466
22.488, -0.052, -0.058, 0.467
22.504, -0.051, -0.061, 0.467
22.521, -0.049, -0.069, 0.468
22.538, -0.048, -0.074, 0.468
22.554, -0.048, -0.076, 0.468
22.571, -0.047, -0.082, 0.469
22.588, -0.045, -0.089, 0.470
22.604, -0.045, -0.092, 0.470
22.621, -0.043, -0.099, 0.471
22.638, -0.042, -0.104, 0.471
22.654, -0.042, -0.107, 0.471
22.671, -0.041, -0.112, 0.472
22.688, -0.039, -0.119, 0.473
22.704, -0.039, -0.122, 0.473
22.721, -0.038, -0.129, 0.473
22.738, -0.037, -0.134, 0.473
22.755, -0.036, -0.136, 0.474
22.771, -0.034, -0.143, 0.474
22.788, -0.033, -0.148, 0.474
22.804, -0.033, -0.150, 0.474
22.821, -0.031, -0.157, 0.474
22.838, -0.030, -0.162, 0.474
22.854, -0.029, -0.164, 0.474
22.871, -0.027, -0.168, 0.474
22.888, -0.025, -0.175, 0.474
22.904, -0.024, -0.177, 0.474
22.921, -0.022, -0.183, 0.474
22.940, -0.020, -0.188, 0.474
22.954, -0.019, -0.190, 0.474
22.971, -0.016, -0.196, 0.474
22.988, -0.014, -0.200, 0.474
23.005, -0.013, -0.202, 0.475
23.021, -0.009, -0.209, 0.475
23.039, -0.007, -0.213, 0.475
23.055, -0.006, -0.215, 0.475
23.071, -0.003, -0.219, 0.475
23.088, 0.001, -0.225, 0.475
23.104, 0.002, -0.227, 0.475
23.121, 0.006, -0.233, 0.475
23.138, 0.009, -0.237, 0.474
23.155, 0.011, -0.239, 0.474
23.171, 0.015, -0.245, 0.474
23.188, 0.018, -0.250, 0.473
23.204, 0.019, -0.251, 0.473
23.221, 0.023, -0.257, 0.471
23.238, 0.026, -0.261, 0.470
23.255, 0.027, -0.263, 0.469
23.271, 0.031, -0.268, 0.467
23.288, 0.034, -0.271, 0.465
23.304, 0.035, -0.273, 0.465
23.321, 0.039, -0.277, 0.461
23.338, 0.041, -0.280, 0.459
23.355, 0.042, -0.282, 0.457
23.371, 0.044, -0.284, 0.455
23.388, 0.047, -0.288, 0.450
23.405, 0.048, -0.289, 0.449
23.421, 0.051, -0.292, 0.444
23.438, 0.052, -0.293, 0.440
23.454, 0.053, -0.294, 0.438
23.471, 0.054, -0.295, 0.434
23.488, 0.056, -0.297, 0.428
23.504, 0.057, -0.297, 0.426
23.521, 0.058, -0.298, 0.420
23.538, 0.059, -0.298, 0.416
23.555, 0.059, -0.299, 0.413
23.571, 0.059, -0.299, 0.409
23.588, 0.060, -0.298, 0.402
23.605, 0.060, -0.298, 0.400
23.621, 0.060, -0.297, 0.393
23.638, 0.060, -0.297, 0.389
23.654, 0.060, -0.296, 0.387
23.671, 0.059, -0.295, 0.382
23.688, 0.058, -0.294, 0.376
23.704, 0.058, -0.293, 0.373
23.721, 0.057, -0.291, 0.367
23.738, 0.056, -0.290, 0.363
23.755, 0.056, -0.289, 0.361
23.771, 0.055, -0.288, 0.357
23.788, 0.053, -0.286, 0.351
23.804, 0.052, -0.285, 0.349
23.821, 0.050, -0.283, 0.343
23.838, 0.049, -0.281, 0.339
23.854, 0.048, -0.280, 0.337
23.871, 0.047, -0.279, 0.333
23.888, 0.045, -0.277, 0.328
23.904, 0.044, -0.276, 0.326
23.921, 0.042, -0.274, 0.321
23.938, 0.040, -0.273, 0.317
23.954, 0.040, -0.272, 0.316
23.971, 0.038, -0.271, 0.312
23.988, 0.036, -0.269, 0.308
24.004, 0.036, -0.268, 0.306
24.021, 0.034, -0.267, 0.301
24.038, 0.033, -0.266, 0.298
24.054, 0.032, -0.265, 0.297
24.071, 0.031, -0.264, 0.294
24.088, 0.029, -0.263, 0.289
24.104, 0.028, -0.262, 0.288
24.121, 0.027, -0.261, 0.283
24.138, 0.026, -0.260, 0.280
24.154, 0.025, -0.260, 0.279
24.171, 0.024, -0.259, 0.274
24.188, 0.023, -0.258, 0.271
24.204, 0.022, -0.258, 0.270
24.221, 0.021, -0.257, 0.266
24.238, 0.020, -0.256, 0.263
24.254, 0.019, -0.256, 0.262
24.271, 0.017, -0.255, 0.258
24.288, 0.016, -0.254, 0.256
24.304, 0.016, -0.254, 0.255
24.321, 0.014, -0.253, 0.252
24.338, 0.014, -0.253, 0.250
24.354, 0.013, -0.253, 0.248
24.371, 0.012, -0.252, 0.246
24.388, 0.010, -0.252, 0.242
24.404, 0.010, -0.252, 0.241
24.421, 0.008, -0.251, 0.238
24.438, 0.007, -0.251, 0.235
24.454, 0.007, -0.251, 0.234
24.471, 0.006, -0.252, 0.230
24.488, 0.005, -0.252, 0.228
24.505, 0.005, -0.252, 0.226
24.521, 0.004, -0.252, 0.222
24.538, 0.003, -0.252, 0.219
24.554, 0.002, -0.253, 0.218
24.571, 0.002, -0.253, 0.215
24.588, 0.000, -0.253, 0.210
24.604, -0.000, -0.254, 0.208
24.621, -0.001, -0.254, 0.203
24.638, -0.002, -0.255, 0.199
24.654, -0.003, -0.255, 0.197
24.671, -0.003, -0.256, 0.193
24.688, -0.005, -0.256, 0.187
24.704, -0.005, -0.257, 0.185
24.721, -0.007, -0.258, 0.179
24.738, -0.008, -0.258, 0.175
24.754, -0.009, -0.258, 0.173
24.771, -0.011, -0.259, 0.166
24.789, -0.013, -0.259, 0.161
24.804, -0.013, -0.260, 0.158
24.821, -0.016, -0.260, 0.151
24.838, -0.017, -0.261, 0.147
24.854, -0.018, -0.261, 0.144
24.871, -0.021, -0.261, 0.137
24.888, -0.022, -0.262, 0.133
24.904, -0.023, -0.262, 0.131
24.921, -0.024, -0.263, 0.124
24.938, -0.025, -0.264, 0.120
24.954, -0.026, -0.265, 0.118
24.971, -0.027, -0.266, 0.114
24.988, -0.028, -0.268, 0.107
25.005, -0.029, -0.268, 0.104
25.021, -0.030, -0.271, 0.095
25.038, -0.031, -0.272, 0.087
25.054, -0.032, -0.273, 0.082
25.071, -0.034, -0.275, 0.066
25.088, -0.036, -0.277, 0.052
25.104, -0.037, -0.278, 0.045
25.121, -0.028, -0.284, 0.039
25.138, -0.025, -0.284, 0.042
25.154, -0.023, -0.284, 0.043
25.171, -0.019, -0.286, 0.042
25.188, -0.015, -0.287, 0.042
25.205, -0.013, -0.288, 0.041
25.221, -0.007, -0.289, 0.034
25.238, -0.005, -0.289, 0.036
25.254, -0.005, -0.289, 0.036
25.271, -0.004, -0.290, 0.035
25.288, -0.003, -0.290, 0.035
25.304, -0.003, -0.290, 0.035
25.321, -0.003, -0.290, 0.034
25.338, -0.004, -0.290, 0.034
25.355, -0.004, -0.290, 0.034
25.371, -0.003, -0.290, 0.034
25.388, -0.003, -0.290, 0.034
25.405, -0.003, -0.290, 0.034
25.421, -0.003, -0.290, 0.034
25.438, -0.004, -0.290, 0.034
25.455, -0.004, -0.290, 0.034
25.471, -0.004, -0.290, 0.034
25.488, -0.003, -0.290, 0.034
25.504, -0.003, -0.290, 0.034
25.521, -0.004, -0.290, 0.034
25.538, -0.004, -0.290, 0.034
25.555, -0.004, -0.290, 0.034
25.571, -0.004, -0.290, 0.034
25.588, -0.003, -0.290, 0.034
25.605, -0.003, -0.290, 0.034
25.621, -0.004, -0.290, 0.034
25.638, -0.003, -0.290, 0.034
25.654, -0.004, -0.290, 0.034
25.671, -0.004, -0.290, 0.034
25.688, -0.004, -0.290, 0.034
25.705, -0.004, -0.290, 0.034
25.721, -0.004, -0.290, 0.034
25.738, -0.004, -0.290, 0.034
25.755, -0.004, -0.290, 0.034
25.771, -0.004, -0.290, 0.034
25.788, -0.004, -0.290, 0.034
25.805, -0.004, -0.290, 0.034
25.821, -0.004, -0.290, 0.034
25.838, -0.004, -0.290, 0.034
25.854, -0.004, -0.290, 0.034
25.871, -0.004, -0.290, 0.034
25.888, -0.004, -0.290, 0.034
25.905, -0.004, -0.290, 0.034
25.921, -0.004, -0.290, 0.034
25.938, -0.004, -0.290, 0.034
25.954, -0.004, -0.290, 0.034
25.971, -0.004, -0.290, 0.034
25.988, -0.004, -0.290, 0.034
26.005, -0.004, -0.290, 0.034
26.021, -0.004, -0.290, 0.034
26.038, -0.004, -0.290, 0.034
26.054, -0.004, -0.290, 0.034
26.072, -0.004, -0.290, 0.034
26.088, -0.004, -0.290, 0.034
26.104, -0.004, -0.290, 0.034
26.121, -0.004, -0.290, 0.034
26.138, -0.004, -0.290, 0.034
26.155, -0.004, -0.290, 0.034
26.171, -0.004, -0.290, 0.034
26.188, -0.004, -0.290, 0.034
26.205, -0.004, -0.290, 0.034
26.221, -0.004, -0.290, 0.034
26.238, -0.004, -0.290, 0.034
26.254, -0.004, -0.290, 0.034
26.271, -0.004, -0.290, 0.034
26.288, -0.004, -0.290, 0.034
26.304, -0.004, -0.290, 0.034
26.321, -0.004, -0.290, 0.034
26.338, -0.004, -0.290, 0.034
26.355, -0.004, -0.290, 0.034
26.371, -0.004, -0.290, 0.034
26.388, -0.004, -0.290, 0.034
26.405, -0.004, -0.290, 0.034
26.421, -0.004, -0.290, 0.034
26.438, -0.004, -0.290, 0.034
26.454, -0.004, -0.290, 0.034
26.471, -0.004, -0.290, 0.034
26.488, -0.004, -0.290, 0.034
26.505, -0.004, -0.290, 0.034
26.521, -0.004, -0.290, 0.034
26.538, -0.004, -0.290, 0.034
26.554, -0.004, -0.290, 0.034
26.571, -0.004, -0.290, 0.034
26.588, -0.004, -0.290, 0.034
26.605, -0.004, -0.290, 0.034
26.621, -0.004, -0.290, 0.034
26.639, -0.004, -0.290, 0.034
26.655, -0.004, -0.290, 0.034
26.672, -0.004, -0.290, 0.034
26.688, -0.004, -0.290, 0.034
26.705, -0.004, -0.290, 0.034
26.721, -0.004, -0.290, 0.034
26.738, -0.004, -0.290, 0.034
26.756, -0.004, -0.290, 0.034
26.771, -0.004, -0.290, 0.034
26.788, -0.004, -0.290, 0.034
26.805, -0.004, -0.290, 0.034
26.821, -0.004, -0.290, 0.034
26.838, -0.004, -0.290, 0.034
26.854, -0.004, -0.290, 0.034
26.871, -0.004, -0.290, 0.034
26.889, -0.004, -0.290, 0.034
26.905, -0.004, -0.290, 0.034
26.922, -0.004, -0.290, 0.034
26.940, -0.004, -0.290, 0.034
26.955, -0.004, -0.290, 0.034
26.971, -0.004, -0.290, 0.034
26.988, -0.004, -0.290, 0.034
27.005, -0.004, -0.290, 0.034
27.021, -0.004, -0.290, 0.034
27.038, -0.004, -0.290, 0.034
27.055, -0.004, -0.290, 0.034
27.071, -0.004, -0.290, 0.034
27.088, -0.004, -0.290, 0.034
27.104, -0.004, -0.290, 0.034
27.121, -0.004, -0.290, 0.034
27.139, -0.004, -0.290, 0.034
27.154, -0.004, -0.290, 0.034
27.171, -0.004, -0.290, 0.034
27.188, -0.004, -0.290, 0.034
27.205, -0.004, -0.290, 0.034
27.221, -0.004, -0.290, 0.034
27.238, -0.004, -0.290, 0.034
27.254, -0.004, -0.290, 0.034
27.271, -0.004, -0.290, 0.034
27.288, -0.004, -0.290, 0.034
27.304, -0.004, -0.290, 0.034
27.321, -0.004, -0.290, 0.034
27.338, -0.004, -0.290, 0.034
27.355, -0.004, -0.290, 0.034
27.371, -0.004, -0.290, 0.034
27.388, -0.004, -0.290, 0.034
27.404, -0.004, -0.290, 0.034
27.421, -0.004, -0.290, 0.034
27.438, -0.004, -0.290, 0.034
27.454, -0.004, -0.290, 0.034
27.471, -0.004, -0.290, 0.034
27.488, -0.004, -0.290, 0.034
27.504, -0.004, -0.290, 0.034
27.521, -0.004, -0.290, 0.034
27.538, -0.004, -0.290, 0.034
27.554, -0.004, -0.290, 0.034
27.571, -0.004, -0.290, 0.034
27.588, -0.004, -0.290, 0.034
27.604, -0.004, -0.290, 0.034
27.621, -0.004, -0.290, 0.034
27.638, -0.004, -0.290, 0.034
27.654, -0.004, -0.290, 0.034
27.671, -0.004, -0.290, 0.034
27.688, -0.004, -0.290, 0.034
27.705, -0.004, -0.290, 0.034
27.721, -0.004, -0.290, 0.034
27.738, -0.004, -0.290, 0.034
27.754, -0.004, -0.290, 0.034
27.771, -0.004, -0.290, 0.034
27.788, -0.004, -0.290, 0.034
27.805, -0.004, -0.290, 0.034
27.821, -0.004, -0.290, 0.034
27.838, -0.004, -0.290, 0.034
27.855, -0.004, -0.290, 0.034
27.871, -0.004, -0.290, 0.034
27.888, -0.004, -0.290, 0.034
27.904, -0.004, -0.290, 0.034
27.921, -0.004, -0.290, 0.034
27.938, -0.004, -0.290, 0.034
27.954, -0.004, -0.290, 0.034
27.971, -0.004, -0.290, 0.034
27.988, -0.004, -0.290, 0.034
28.005, -0.004, -0.290, 0.034
28.021, -0.004, -0.290, 0.034
28.038, -0.004, -0.290, 0.034
28.055, -0.004, -0.290, 0.034
28.072, -0.004, -0.290, 0.034
28.088, -0.004, -0.290, 0.034
28.105, -0.004, -0.290, 0.034
28.122, -0.004, -0.290, 0.034
28.139, -0.004, -0.290, 0.034
28.155, -0.004, -0.290, 0.034
28.172, -0.004, -0.290, 0.034
28.188, -0.004, -0.290, 0.034
28.205, -0.004, -0.290, 0.034
28.222, -0.004, -0.290, 0.034
28.238, -0.004, -0.290, 0.034
28.254, -0.004, -0.290, 0.034
28.271, -0.004, -0.290, 0.034
28.288, -0.004, -0.290, 0.034
28.305, -0.004, -0.290, 0.034
28.321, -0.004, -0.290, 0.034
28.338, -0.004, -0.290, 0.034
28.355, -0.004, -0.290, 0.034
28.371, -0.004, -0.290, 0.034
28.388, -0.004, -0.290, 0.034
28.404, -0.004, -0.290, 0.034
28.421, -0.004, -0.290, 0.034
28.438, -0.004, -0.290, 0.034
28.454, -0.004, -0.290, 0.034
28.471, -0.004, -0.290, 0.034
28.488, -0.004, -0.290, 0.034
28.504, -0.004, -0.290, 0.034
28.521, -0.004, -0.290, 0.034
28.538, -0.004, -0.290, 0.034
28.554, -0.004, -0.290, 0.034
28.571, -0.004, -0.290, 0.034
28.588, -0.004, -0.290, 0.034
28.605, -0.004, -0.290, 0.034
28.621, -0.004, -0.290, 0.034
28.638, -0.004, -0.290, 0.034
28.654, -0.004, -0.290, 0.034
28.671, -0.004, -0.290, 0.034
28.688, -0.004, -0.290, 0.034
28.705, -0.004, -0.290, 0.034
28.721, -0.004, -0.290, 0.034
28.738, -0.004, -0.290, 0.034
28.755, -0.004, -0.290, 0.034
28.771, -0.004, -0.290, 0.034
28.788, -0.004, -0.290, 0.034
28.805, -0.004, -0.290, 0.034
28.822, -0.004, -0.290, 0.034
28.838, -0.004, -0.290, 0.034
28.855, -0.004, -0.290, 0.034
28.872, -0.004, -0.290, 0.034
28.888, -0.004, -0.290, 0.034
28.905, -0.004, -0.290, 0.034
28.921, -0.004, -0.290, 0.034
28.938, -0.004, -0.290, 0.034
28.955, -0.004, -0.290, 0.034
28.971, -0.004, -0.290, 0.034
28.988, -0.004, -0.290, 0.034
29.005, -0.004, -0.290, 0.034
29.021, -0.004, -0.290, 0.034
29.038, -0.004, -0.290, 0.034
29.055, -0.004, -0.290, 0.034
29.071, -0.004, -0.290, 0.034
29.088, -0.004, -0.290, 0.034
29.105, -0.004, -0.290, 0.034
29.121, -0.004, -0.290, 0.034
29.138, -0.004, -0.290, 0.034
29.155, -0.004, -0.290, 0.034
29.171, -0.004, -0.290, 0.034
29.188, -0.004, -0.290, 0.034
29.205, -0.004, -0.290, 0.034
29.221, -0.004, -0.290, 0.034
29.238, -0.004, -0.290, 0.034
29.255, -0.004, -0.290, 0.034
29.271, -0.004, -0.290, 0.034
29.288, -0.004, -0.290, 0.034
29.305, -0.004, -0.290, 0.034
29.321, -0.004, -0.290, 0.034
29.338, -0.004, -0.290, 0.034
29.354, -0.004, -0.290, 0.034
29.371, -0.004, -0.290, 0.034
29.388, -0.004, -0.290, 0.034
29.404, -0.004, -0.290, 0.034
29.421, -0.004, -0.290, 0.034
29.438, -0.004, -0.290, 0.034
29.454, -0.004, -0.290, 0.034
29.471, -0.004, -0.290, 0.034
29.488, -0.004, -0.290, 0.034
29.504, -0.004, -0.290, 0.034
29.521, -0.004, -0.290, 0.034
29.538, -0.004, -0.290, 0.034
29.554, -0.004, -0.290, 0.034
29.571, -0.004, -0.290, 0.034
29.588, -0.004, -0.290, 0.034
29.604, -0.004, -0.290, 0.034
29.621, -0.004, -0.290, 0.034
29.638, -0.004, -0.290, 0.034
29.654, -0.004, -0.290, 0.034
29.671, -0.004, -0.290, 0.034
29.688, -0.004, -0.290, 0.034
29.704, -0.004, -0.290, 0.034
29.721, -0.004, -0.290, 0.034
29.738, -0.004, -0.290, 0.034
29.754, -0.004, -0.290, 0.034
29.771, -0.004, -0.290, 0.034
29.788, -0.004, -0.290, 0.034
29.804, -0.004, -0.290, 0.034
29.821, -0.004, -0.290, 0.034
29.838, -0.004, -0.290, 0.034
29.854, -0.004, -0.290, 0.034
29.871, -0.004, -0.290, 0.034
29.888, -0.004, -0.290, 0.034
29.904, -0.004, -0.290, 0.034
29.921, -0.004, -0.290, 0.034
29.939, -0.004, -0.290, 0.034
29.954, -0.004, -0.290, 0.034
29.971, -0.004, -0.290, 0.034
29.988, -0.004, -0.290, 0.034
30.005, -0.004, -0.290, 0.034
30.021, -0.004, -0.290, 0.034
30.038, -0.004, -0.290, 0.034
30.054, -0.004, -0.290, 0.034
30.072, -0.004, -0.290, 0.034
30.088, -0.004, -0.290, 0.034
30.105, -0.004, -0.290, 0.034
30.121, -0.004, -0.290, 0.034
30.138, -0.004, -0.290, 0.034
30.154, -0.004, -0.290, 0.034
30.172, -0.004, -0.290, 0.034
30.188, -0.004, -0.290, 0.034
30.205, -0.004, -0.290, 0.034
30.221, -0.004, -0.290, 0.034
30.238, -0.004, -0.290, 0.034
30.254, -0.004, -0.290, 0.034
30.271, -0.004, -0.290, 0.034
30.288, -0.004, -0.290, 0.034
30.304, -0.004, -0.290, 0.034
30.321, -0.004, -0.290, 0.034
30.338, -0.004, -0.290, 0.034
30.354, -0.004, -0.290, 0.034
30.371, -0.004, -0.290, 0.034
30.388, -0.004, -0.290, 0.034
30.404, -0.004, -0.290, 0.034
30.421, -0.004, -0.290, 0.034
30.438, -0.004, -0.290, 0.034
30.454, -0.004, -0.290, 0.034
30.471, -0.004, -0.290, 0.034
30.488, -0.004, -0.290, 0.034
30.504, -0.004, -0.290, 0.034
30.521, -0.004, -0.290, 0.034
30.538, -0.004, -0.290, 0.034
30.554, -0.004, -0.290, 0.034
30.571, -0.004, -0.290, 0.034
30.588, -0.004, -0.290, 0.034
30.604, -0.004, -0.290, 0.034
30.621, -0.004, -0.290, 0.034
30.638, -0.004, -0.290, 0.034
30.654, -0.004, -0.290, 0.034
30.671, -0.004, -0.290, 0.034
30.688, -0.004, -0.290, 0.034
30.704, -0.004, -0.290, 0.034
30.721, -0.004, -0.290, 0.034
30.738, -0.004, -0.290, 0.034
30.754, -0.004, -0.290, 0.034
30.771, -0.004, -0.290, 0.034
30.788, -0.004, -0.290, 0.034
30.804, -0.004, -0.290, 0.034
30.821, -0.004, -0.290, 0.034
30.838, -0.004, -0.290, 0.034
30.854, -0.004, -0.290, 0.034
30.871, -0.004, -0.290, 0.034
30.888, -0.004, -0.290, 0.034
30.905, -0.004, -0.290, 0.034
30.921, -0.004, -0.290, 0.034
30.938, -0.004, -0.290, 0.034
30.954, -0.004, -0.290, 0.034
30.972, -0.004, -0.290, 0.034
30.989, -0.004, -0.290, 0.034
31.007, -0.004, -0.290, 0.034
31.021, -0.004, -0.290, 0.034
31.039, -0.004, -0.290, 0.034
31.055, -0.004, -0.290, 0.034
31.071, -0.004, -0.290, 0.034
31.088, -0.004, -0.290, 0.034
31.105, -0.004, -0.290, 0.034
31.122, -0.004, -0.290, 0.034
31.138, -0.004, -0.290, 0.034
31.155, -0.004, -0.290, 0.034
31.171, -0.004, -0.290, 0.034
31.189, -0.004, -0.290, 0.034
31.204, -0.004, -0.290, 0.034
31.222, -0.004, -0.290, 0.034
31.238, -0.004, -0.290, 0.034
31.255, -0.004, -0.290, 0.034
31.271, -0.004, -0.290, 0.034
31.288, -0.004, -0.290, 0.034
31.305, -0.004, -0.290, 0.034
31.322, -0.004, -0.290, 0.034
31.338, -0.004, -0.290, 0.034
31.355, -0.004, -0.290, 0.034
31.372, -0.004, -0.290, 0.034
31.388, -0.004, -0.290, 0.034
31.406, -0.004, -0.290, 0.034
31.422, -0.004, -0.290, 0.034
31.438, -0.004, -0.290, 0.034
31.455, -0.004, -0.290, 0.034
31.471, -0.004, -0.290, 0.034
31.488, -0.004, -0.290, 0.034
31.505, -0.004, -0.290, 0.034
31.523, -0.004, -0.290, 0.034
31.538, -0.004, -0.290, 0.034
31.555, -0.004, -0.290, 0.034
31.572, -0.004, -0.290, 0.034
31.588, -0.004, -0.290, 0.034
31.605, -0.004, -0.290, 0.034
31.622, -0.004, -0.290, 0.034
31.638, -0.004, -0.290, 0.034
31.655, -0.004, -0.290, 0.034
31.671, -0.004, -0.290, 0.034
31.688, -0.004, -0.290, 0.034
31.705, -0.004, -0.290, 0.034
31.722, -0.004, -0.290, 0.034
31.739, -0.004, -0.290, 0.034
31.755, -0.004, -0.290, 0.034
31.772, -0.004, -0.290, 0.034
31.788, -0.004, -0.290, 0.034
31.805, -0.004, -0.290, 0.034
31.822, -0.004, -0.290, 0.034
31.838, -0.004, -0.290, 0.034
31.855, -0.004, -0.290, 0.034
31.872, -0.004, -0.290, 0.034
31.888, -0.004, -0.290, 0.034
31.905, -0.004, -0.290, 0.034
31.922, -0.004, -0.290, 0.034
31.939, -0.004, -0.290, 0.034
31.955, -0.004, -0.290, 0.034
31.972, -0.004, -0.290, 0.034
31.989, -0.004, -0.290, 0.034
32.005, -0.004, -0.290, 0.034
32.022, -0.004, -0.290, 0.034
32.039, -0.004, -0.290, 0.034
32.056, -0.004, -0.290, 0.034
32.072, -0.004, -0.290, 0.034
32.089, -0.004, -0.290, 0.034
32.105, -0.004, -0.290, 0.034
32.122, -0.004, -0.290, 0.034
32.140, -0.004, -0.290, 0.034
32.155, -0.004, -0.290, 0.034
32.172, -0.004, -0.290, 0.034
32.188, -0.004, -0.290, 0.034
32.205, -0.004, -0.290, 0.034
32.222, -0.004, -0.290, 0.034
32.239, -0.004, -0.290, 0.034
32.255, -0.004, -0.290, 0.034
32.272, -0.004, -0.290, 0.034
32.288, -0.004, -0.290, 0.034
32.305, -0.004, -0.290, 0.034
32.322, -0.004, -0.290, 0.034
32.339, -0.004, -0.290, 0.034
32.355, -0.004, -0.290, 0.034
32.372, -0.004, -0.290, 0.034
32.388, -0.004, -0.290, 0.034
32.405, -0.004, -0.290, 0.034
32.422, -0.004, -0.290, 0.034
32.439, -0.004, -0.290, 0.034
32.456, -0.004, -0.290, 0.034
32.472, -0.004, -0.290, 0.034
32.488, -0.004, -0.290, 0.034
32.505, -0.004, -0.290, 0.034
32.522, -0.004, -0.290, 0.034
32.540, -0.004, -0.290, 0.034
32.555, -0.004, -0.290, 0.034
32.572, -0.004, -0.290, 0.034
32.588, -0.004, -0.290, 0.034
32.605, -0.004, -0.290, 0.034
32.622, -0.004, -0.290, 0.034
32.639, -0.004, -0.290, 0.034
32.655, -0.004, -0.290, 0.034
32.672, -0.004, -0.290, 0.034
32.688, -0.004, -0.290, 0.034
32.705, -0.004, -0.290, 0.034
32.722, -0.004, -0.290, 0.034
32.739, -0.004, -0.290, 0.034
32.755, -0.004, -0.290, 0.034
32.771, -0.004, -0.290, 0.034
32.788, -0.004, -0.290, 0.034
32.805, -0.004, -0.290, 0.034
32.822, -0.004, -0.290, 0.034
32.838, -0.004, -0.290, 0.034
32.855, -0.004, -0.290, 0.034
32.872, -0.004, -0.290, 0.034
32.888, -0.004, -0.290, 0.034
32.905, -0.004, -0.290, 0.034
32.922, -0.004, -0.290, 0.034
32.939, -0.004, -0.290, 0.034
32.955, -0.004, -0.290, 0.034
32.972, -0.004, -0.290, 0.034
32.988, -0.004, -0.290, 0.034
33.005, -0.004, -0.290, 0.034
33.022, -0.004, -0.290, 0.034
33.038, -0.004, -0.290, 0.034
33.055, -0.004, -0.290, 0.034
33.073, -0.004, -0.290, 0.034
33.088, -0.004, -0.290, 0.034
33.105, -0.004, -0.290, 0.034
33.121, -0.004, -0.290, 0.034
33.138, -0.004, -0.290, 0.034
33.155, -0.004, -0.290, 0.034
33.171, -0.004, -0.290, 0.034
33.188, -0.004, -0.290, 0.034
33.204, -0.004, -0.290, 0.034
33.221, -0.004, -0.290, 0.034
33.238, -0.004, -0.290, 0.034
33.255, -0.004, -0.290, 0.034
33.272, -0.004, -0.290, 0.034
33.288, -0.004, -0.290, 0.034
33.304, -0.004, -0.290, 0.034
33.321, -0.004, -0.290, 0.034
33.339, -0.004, -0.290, 0.034
33.354, -0.004, -0.290, 0.034
33.371, -0.004, -0.290, 0.034
33.388, -0.004, -0.290, 0.034
33.405, -0.004, -0.290, 0.034
33.421, -0.004, -0.290, 0.034
33.438, -0.004, -0.290, 0.034
33.454, -0.004, -0.290, 0.034
33.472, -0.004, -0.290, 0.034
33.488, -0.004, -0.290, 0.034
33.504, -0.004, -0.290, 0.034
33.521, -0.004, -0.290, 0.034
33.539, -0.004, -0.290, 0.034
33.554, -0.004, -0.290, 0.034
33.571, -0.004, -0.290, 0.034
33.588, -0.004, -0.290, 0.034
33.605, -0.004, -0.290, 0.034
33.621, -0.004, -0.290, 0.034
33.638, -0.004, -0.290, 0.034
33.654, -0.004, -0.290, 0.034
33.672, -0.004, -0.290, 0.034
33.688, -0.004, -0.290, 0.034
33.704, -0.004, -0.290, 0.034
33.722, -0.004, -0.290, 0.034
33.738, -0.004, -0.290, 0.034
33.754, -0.004, -0.290, 0.034
33.771, -0.004, -0.290, 0.034
33.788, -0.004, -0.290, 0.034
33.805, -0.004, -0.290, 0.034
33.821, -0.004, -0.290, 0.034
33.838, -0.004, -0.290, 0.034
33.854, -0.004, -0.290, 0.034
33.872, -0.004, -0.290, 0.034
33.888, -0.004, -0.290, 0.034
33.905, -0.004, -0.290, 0.034
33.921, -0.004, -0.290, 0.034
33.939, -0.004, -0.290, 0.034
33.954, -0.004, -0.290, 0.034
33.971, -0.004, -0.290, 0.034
33.988, -0.004, -0.290, 0.034
34.005, -0.004, -0.290, 0.034
34.021, -0.004, -0.290, 0.034
34.038, -0.004, -0.290, 0.034
34.055, -0.004, -0.290, 0.034
34.072, -0.004, -0.290, 0.034
34.088, -0.004, -0.290, 0.034
34.105, -0.004, -0.290, 0.034
34.121, -0.004, -0.290, 0.034
34.138, -0.004, -0.290, 0.034
34.155, -0.004, -0.290, 0.034
34.171, -0.004, -0.290, 0.034
34.188, -0.004, -0.290, 0.034
34.205, -0.004, -0.290, 0.034
34.221, -0.004, -0.290, 0.034
34.238, -0.004, -0.290, 0.034
34.255, -0.004, -0.290, 0.034
34.271, -0.004, -0.290, 0.034
34.288, -0.004, -0.290, 0.034
34.305, -0.004, -0.290, 0.034
34.321, -0.004, -0.290, 0.034
34.338, -0.004, -0.290, 0.034
34.355, -0.004, -0.290, 0.034
34.372, -0.004, -0.290, 0.034
34.388, -0.004, -0.290, 0.034
34.405, -0.004, -0.290, 0.034
34.421, -0.004, -0.290, 0.034
34.438, -0.004, -0.290, 0.034
34.455, -0.004, -0.290, 0.034
34.471, -0.004, -0.290, 0.034
34.488, -0.004, -0.290, 0.034
34.505, -0.004, -0.290, 0.034
34.521, -0.004, -0.290, 0.034
34.538, -0.004, -0.290, 0.034
34.555, -0.004, -0.290, 0.034
34.572, -0.004, -0.290, 0.034
34.588, -0.004, -0.290, 0.034
34.605, -0.004, -0.290, 0.034
34.621, -0.004, -0.290, 0.034
34.639, -0.004, -0.290, 0.034
34.658, -0.004, -0.290, 0.034
34.671, -0.004, -0.290, 0.034
34.688, -0.004, -0.290, 0.034
34.705, -0.004, -0.290, 0.034
34.722, -0.004, -0.290, 0.034
34.738, -0.004, -0.290, 0.034
34.755, -0.004, -0.290, 0.034
34.772, -0.004, -0.290, 0.034
34.789, -0.004, -0.290, 0.034
34.805, -0.004, -0.290, 0.034
34.821, -0.004, -0.290, 0.034
34.838, -0.004, -0.290, 0.034
34.855, -0.004, -0.290, 0.034
34.871, -0.004, -0.290, 0.034
34.889, -0.004, -0.290, 0.034
34.905, -0.004, -0.290, 0.034
34.922, -0.004, -0.290, 0.034
34.938, -0.004, -0.290, 0.034
34.955, -0.004, -0.290, 0.034
34.972, -0.004, -0.290, 0.034
34.989, -0.004, -0.290, 0.034
35.005, -0.004, -0.290, 0.034
35.022, -0.004, -0.290, 0.034
35.038, -0.004, -0.290, 0.034
35.055, -0.004, -0.290, 0.034
35.072, -0.004, -0.290, 0.034
35.088, -0.004, -0.290, 0.034
35.105, -0.004, -0.290, 0.034
35.122, -0.004, -0.290, 0.034
35.138, -0.004, -0.290, 0.034
35.155, -0.004, -0.290, 0.034
35.172, -0.004, -0.290, 0.034
35.188, -0.004, -0.290, 0.034
35.205, -0.004, -0.290, 0.034
35.221, -0.004, -0.290, 0.034
35.238, -0.004, -0.290, 0.034
35.255, -0.004, -0.290, 0.034
35.271, -0.004, -0.290, 0.034
35.288, -0.004, -0.290, 0.034
35.305, -0.004, -0.290, 0.034
35.321, -0.004, -0.290, 0.034
35.338, -0.004, -0.290, 0.034
