0.066, 0.000, 0.000, 0.000
0.083, 0.000, 0.000, 0.000
0.099, 0.000, 0.000, 0.000
0.116, 0.000, 0.000, 0.000
0.133, 0.000, 0.000, 0.000
0.149, 0.000, 0.000, 0.000
0.166, 0.000, 0.000, 0.000
0.183, 0.000, 0.000, 0.000
0.199, 0.000, 0.000, 0.000
0.216, 0.000, 0.000, 0.000
0.233, 0.000, 0.000, 0.000
0.249, 0.000, 0.000, 0.000
0.271, 0.000, 0.000, 0.000
0.283, 0.000, 0.000, 0.000
0.299, 0.000, 0.000, 0.000
0.316, 0.000, 0.000, 0.000
0.333, 0.000, 0.000, 0.000
0.349, 0.000, 0.000, 0.000
0.366, 0.000, 0.000, 0.000
0.383, 0.000, 0.000, 0.000
0.399, 0.000, 0.000, 0.000
0.416, 0.000, 0.000, 0.000
0.433, 0.000, 0.000, 0.000
0.450, 0.000, 0.000, 0.000
0.466, 0.000, 0.000, 0.000
0.483, 0.000, 0.000, 0.000
0.500, 0.000, 0.000, 0.000
0.516, 0.000, 0.000, 0.000
0.533, 0.000, 0.000, 0.000
0.550, -0.348, 0.275, 0.032
0.566, -0.348, 0.275, 0.032
0.583, -0.348, 0.275, 0.032
0.600, -0.348, 0.275, 0.032
0.616, -0.348, 0.275, 0.032
0.633, -0.348, 0.275, 0.032
0.649, -0.348, 0.275, 0.032
0.666, -0.348, 0.275, 0.032
0.683, -0.348, 0.275, 0.032
0.699, -0.348, 0.275, 0.032
0.716, -0.348, 0.275, 0.032
0.733, -0.348, 0.275, 0.032
0.750, -0.348, 0.275, 0.032
0.766, -0.348, 0.275, 0.032
0.783, -0.348, 0.275, 0.032
0.799, -0.348, 0.275, 0.032
0.816, -0.348, 0.275, 0.032
0.833, -0.348, 0.275, 0.032
0.849, -0.348, 0.275, 0.032
0.866, -0.348, 0.275, 0.032
0.883, -0.348, 0.275, 0.032
0.900, -0.348, 0.275, 0.032
0.916, -0.348, 0.275, 0.032
0.933, -0.348, 0.275, 0.032
0.949, -0.348, 0.275, 0.032
0.966, -0.348, 0.275, 0.032
0.983, -0.348, 0.275, 0.032
0.999, -0.348, 0.275, 0.032
1.016, -0.348, 0.275, 0.032
1.033, -0.348, 0.275, 0.032
1.049, -0.348, 0.275, 0.032
1.066, -0.348, 0.275, 0.032
1.083, -0.348, 0.275, 0.032
1.099, -0.348, 0.275, 0.032
1.116, -0.348, 0.275, 0.032
1.133, -0.348, 0.275, 0.032
1.149, -0.348, 0.275, 0.032
1.166, -0.348, 0.275, 0.032
1.183, -0.348, 0.275, 0.032
1.200, -0.348, 0.275, 0.032
1.216, -0.348, 0.275, 0.032
1.233, -0.348, 0.275, 0.032
1.250, -0.348, 0.275, 0.032
1.266, -0.348, 0.275, 0.032
1.283, -0.348, 0.275, 0.031
1.299, -0.348, 0.275, 0.032
1.316, -0.348, 0.275, 0.032
1.333, -0.348, 0.275, 0.032
1.349, -0.348, 0.275, 0.032
1.366, -0.348, 0.275, 0.032
1.383, -0.348, 0.275, 0.032
1.399, -0.348, 0.275, 0.032
1.416, -0.348, 0.275, 0.032
1.433, -0.348, 0.275, 0.032
1.449, -0.348, 0.275, 0.032
1.466, -0.348, 0.275, 0.032
1.483, -0.348, 0.275, 0.032
1.499, -0.348, 0.275, 0.032
1.516, -0.348, 0.275, 0.032
1.533, -0.348, 0.275, 0.032
1.549, -0.348, 0.275, 0.032
1.566, -0.348, 0.275, 0.032
1.583, -0.348, 0.275, 0.032
1.599, -0.348, 0.275, 0.032
1.616, -0.348, 0.275, 0.032
1.633, -0.348, 0.275, 0.032
1.649, -0.348, 0.275, 0.032
1.666, -0.348, 0.275, 0.032
1.683, -0.348, 0.275, 0.032
1.699, -0.348, 0.275, 0.032
1.716, -0.348, 0.275, 0.032
1.733, -0.348, 0.275, 0.032
1.749, -0.348, 0.275, 0.032
1.766, -0.348, 0.275, 0.032
1.783, -0.348, 0.275, 0.032
1.799, -0.348, 0.275, 0.032
1.816, -0.348, 0.275, 0.032
1.833, -0.348, 0.275, 0.032
1.849, -0.348, 0.275, 0.032
1.866, -0.348, 0.275, 0.032
1.883, -0.348, 0.275, 0.032
1.900, -0.348, 0.275, 0.032
1.916, -0.348, 0.275, 0.032
1.933, -0.348, 0.275, 0.032
1.950, -0.348, 0.275, 0.032
1.967, -0.348, 0.275, 0.032
1.983, -0.348, 0.275, 0.032
1.999, -0.348, 0.275, 0.032
2.017, -0.348, 0.275, 0.032
2.033, -0.348, 0.275, 0.032
2.049, -0.348, 0.275, 0.032
2.066, -0.348, 0.275, 0.032
2.083, -0.348, 0.275, 0.032
2.099, -0.348, 0.275, 0.032
2.116, -0.348, 0.275, 0.032
2.133, -0.348, 0.275, 0.032
2.150, -0.348, 0.275, 0.032
2.166, -0.348, 0.275, 0.032
2.183, -0.348, 0.275, 0.032
2.199, -0.348, 0.275, 0.032
2.216, -0.348, 0.275, 0.032
2.233, -0.348, 0.275, 0.032
2.249, -0.348, 0.275, 0.032
2.266, -0.348, 0.275, 0.032
2.283, -0.348, 0.275, 0.032
2.299, -0.348, 0.275, 0.032
2.316, -0.348, 0.275, 0.032
2.333, -0.348, 0.275, 0.032
2.350, -0.348, 0.275, 0.032
2.366, -0.348, 0.275, 0.032
2.383, -0.348, 0.275, 0.032
2.399, -0.348, 0.275, 0.032
2.416, -0.348, 0.275, 0.032
2.433, -0.348, 0.275, 0.032
2.449, -0.348, 0.275, 0.032
2.466, -0.348, 0.275, 0.032
2.483, -0.348, 0.275, 0.032
2.499, -0.348, 0.275, 0.032
2.516, -0.348, 0.275, 0.032
2.533, -0.348, 0.275, 0.032
2.549, -0.348, 0.275, 0.032
2.566, -0.348, 0.275, 0.032
2.583, -0.348, 0.275, 0.032
2.599, -0.348, 0.275, 0.032
2.616, -0.348, 0.275, 0.032
2.633, -0.348, 0.275, 0.032
2.650, -0.348, 0.275, 0.032
2.666, -0.348, 0.275, 0.032
2.683, -0.348, 0.275, 0.032
2.699, -0.348, 0.275, 0.032
2.716, -0.348, 0.275, 0.032
2.733, -0.348, 0.275, 0.032
2.749, -0.348, 0.275, 0.032
2.766, -0.348, 0.275, 0.032
2.783, -0.348, 0.275, 0.032
2.799, -0.348, 0.275, 0.032
2.816, -0.348, 0.275, 0.032
2.833, -0.348, 0.275, 0.032
2.849, -0.348, 0.275, 0.032
2.866, -0.348, 0.275, 0.032
2.883, -0.348, 0.275, 0.031
2.899, -0.348, 0.275, 0.032
2.916, -0.348, 0.275, 0.032
2.933, -0.348, 0.275, 0.032
2.949, -0.348, 0.275, 0.032
2.966, -0.348, 0.275, 0.032
2.983, -0.348, 0.275, 0.032
2.999, -0.348, 0.275, 0.032
3.016, -0.348, 0.275, 0.032
3.033, -0.348, 0.275, 0.032
3.049, -0.348, 0.275, 0.032
3.066, -0.348, 0.275, 0.032
3.083, -0.348, 0.275, 0.032
3.099, -0.348, 0.275, 0.032
3.116, -0.348, 0.275, 0.032
3.133, -0.348, 0.275, 0.032
3.149, -0.348, 0.275, 0.032
3.172, -0.348, 0.275, 0.031
3.183, -0.348, 0.275, 0.031
3.199, -0.348, 0.275, 0.031
3.216, -0.348, 0.275, 0.032
3.233, -0.348, 0.275, 0.032
3.249, -0.348, 0.275, 0.032
3.266, -0.348, 0.275, 0.032
3.283, -0.348, 0.275, 0.032
3.299, -0.348, 0.275, 0.032
3.316, -0.348, 0.275, 0.032
3.333, -0.348, 0.275, 0.032
3.350, -0.348, 0.275, 0.032
3.366, -0.348, 0.275, 0.032
3.383, -0.348, 0.275, 0.032
3.399, -0.348, 0.275, 0.032
3.416, -0.348, 0.275, 0.032
3.433, -0.348, 0.275, 0.032
3.449, -0.348, 0.275, 0.032
3.466, -0.348, 0.275, 0.032
3.483, -0.348, 0.275, 0.032
3.499, -0.348, 0.275, 0.032
3.516, -0.348, 0.275, 0.032
3.533, -0.348, 0.275, 0.032
3.549, -0.348, 0.275, 0.032
3.566, -0.348, 0.275, 0.031
3.583, -0.348, 0.275, 0.032
3.599, -0.348, 0.275, 0.032
3.616, -0.348, 0.275, 0.032
3.633, -0.348, 0.275, 0.032
3.649, -0.348, 0.275, 0.032
3.669, -0.348, 0.275, 0.032
3.683, -0.348, 0.275, 0.032
3.699, -0.348, 0.275, 0.032
3.716, -0.348, 0.275, 0.032
3.733, -0.348, 0.275, 0.032
3.750, -0.348, 0.275, 0.032
3.766, -0.348, 0.275, 0.032
3.783, -0.348, 0.275, 0.032
3.802, -0.348, 0.275, 0.032
3.817, -0.348, 0.275, 0.032
3.833, -0.348, 0.275, 0.032
3.850, -0.348, 0.275, 0.032
3.866, -0.348, 0.275, 0.032
3.883, -0.348, 0.275, 0.032
3.899, -0.348, 0.275, 0.032
3.916, -0.348, 0.275, 0.032
3.933, -0.348, 0.275, 0.032
3.950, -0.348, 0.275, 0.032
3.966, -0.348, 0.275, 0.032
3.983, -0.348, 0.275, 0.032
3.999, -0.348, 0.275, 0.032
4.016, -0.348, 0.275, 0.032
4.033, -0.348, 0.275, 0.031
4.050, -0.348, 0.275, 0.032
4.066, -0.348, 0.275, 0.032
4.083, -0.348, 0.275, 0.032
4.100, -0.348, 0.275, 0.032
4.116, -0.348, 0.275, 0.032
4.133, -0.348, 0.275, 0.032
4.150, -0.348, 0.275, 0.032
4.166, -0.348, 0.275, 0.032
4.183, -0.348, 0.275, 0.033
4.199, -0.348, 0.275, 0.031
4.216, -0.348, 0.275, 0.031
4.233, -0.348, 0.275, 0.032
4.249, -0.348, 0.275, 0.032
4.266, -0.348, 0.275, 0.032
4.283, -0.348, 0.275, 0.032
4.299, -0.348, 0.275, 0.031
4.316, -0.348, 0.275, 0.031
4.333, -0.348, 0.275, 0.031
4.350, -0.348, 0.275, 0.032
4.366, -0.348, 0.275, 0.032
4.383, -0.348, 0.275, 0.032
4.400, -0.348, 0.275, 0.032
4.416, -0.348, 0.275, 0.032
4.433, -0.348, 0.275, 0.032
4.450, -0.348, 0.275, 0.032
4.466, -0.348, 0.275, 0.032
4.483, -0.348, 0.275, 0.032
4.499, -0.348, 0.275, 0.032
4.516, -0.348, 0.275, 0.032
4.533, -0.348, 0.275, 0.032
4.550, -0.348, 0.275, 0.031
4.566, -0.348, 0.275, 0.031
4.583, -0.348, 0.275, 0.031
4.599, -0.348, 0.275, 0.031
4.616, -0.348, 0.275, 0.031
4.633, -0.348, 0.275, 0.031
4.652, -0.348, 0.275, 0.031
4.666, -0.348, 0.275, 0.032
4.683, -0.348, 0.275, 0.032
4.700, -0.348, 0.275, 0.032
4.716, -0.348, 0.275, 0.032
4.733, -0.348, 0.275, 0.032
4.750, -0.348, 0.275, 0.032
4.766, -0.348, 0.275, 0.031
4.783, -0.348, 0.275, 0.032
4.800, -0.348, 0.275, 0.031
4.816, -0.348, 0.275, 0.031
4.833, -0.348, 0.275, 0.032
4.850, -0.348, 0.275, 0.032
4.866, -0.348, 0.275, 0.032
4.885, -0.348, 0.275, 0.032
4.900, -0.348, 0.275, 0.032
4.916, -0.348, 0.275, 0.032
4.933, -0.348, 0.275, 0.032
4.950, -0.348, 0.275, 0.032
4.966, -0.348, 0.275, 0.032
4.983, -0.348, 0.275, 0.032
4.999, -0.348, 0.275, 0.032
5.016, -0.348, 0.275, 0.032
5.033, -0.348, 0.275, 0.032
5.049, -0.348, 0.275, 0.032
5.066, -0.348, 0.275, 0.032
5.083, -0.348, 0.275, 0.032
5.099, -0.348, 0.275, 0.032
5.116, -0.348, 0.275, 0.032
5.133, -0.348, 0.275, 0.032
5.149, -0.348, 0.275, 0.032
5.166, -0.348, 0.275, 0.032
5.183, -0.348, 0.275, 0.032
5.200, -0.348, 0.275, 0.032
5.216, -0.348, 0.275, 0.032
5.233, -0.348, 0.275, 0.032
5.249, -0.348, 0.275, 0.032
5.266, -0.348, 0.275, 0.032
5.283, -0.348, 0.275, 0.032
5.299, -0.348, 0.275, 0.032
5.316, -0.348, 0.275, 0.031
5.333, -0.348, 0.275, 0.032
5.349, -0.348, 0.275, 0.032
5.366, -0.348, 0.275, 0.032
5.383, -0.348, 0.275, 0.032
5.399, -0.348, 0.275, 0.032
5.416, -0.348, 0.275, 0.032
5.433, -0.348, 0.275, 0.032
5.449, -0.348, 0.275, 0.031
5.466, -0.348, 0.275, 0.032
5.483, -0.348, 0.275, 0.032
5.499, -0.348, 0.275, 0.032
5.522, -0.348, 0.275, 0.032
5.533, -0.348, 0.275, 0.032
5.550, -0.348, 0.275, 0.032
5.566, -0.348, 0.275, 0.032
5.583, -0.348, 0.275, 0.032
5.600, -0.348, 0.275, 0.032
5.616, -0.348, 0.275, 0.032
5.633, -0.348, 0.275, 0.032
5.650, -0.348, 0.275, 0.032
5.666, -0.348, 0.275, 0.032
5.683, -0.348, 0.275, 0.032
5.699, -0.348, 0.275, 0.032
5.716, -0.348, 0.275, 0.032
5.733, -0.348, 0.275, 0.032
5.749, -0.348, 0.275, 0.032
5.766, -0.348, 0.275, 0.032
5.783, -0.348, 0.275, 0.032
5.800, -0.348, 0.275, 0.032
5.816, -0.348, 0.275, 0.032
5.833, -0.348, 0.275, 0.032
5.850, -0.348, 0.275, 0.032
5.866, -0.348, 0.275, 0.032
5.883, -0.348, 0.275, 0.032
5.899, -0.348, 0.275, 0.032
5.916, -0.348, 0.275, 0.032
5.933, -0.348, 0.275, 0.032
5.950, -0.348, 0.275, 0.032
5.966, -0.348, 0.275, 0.032
5.983, -0.348, 0.275, 0.032
5.999, -0.348, 0.275, 0.032
6.016, -0.348, 0.275, 0.032
6.033, -0.348, 0.275, 0.032
6.050, -0.348, 0.275, 0.032
6.066, -0.348, 0.275, 0.032
6.083, -0.348, 0.275, 0.032
6.100, -0.348, 0.275, 0.032
6.116, -0.348, 0.275, 0.032
6.133, -0.348, 0.275, 0.032
6.149, -0.348, 0.275, 0.032
6.166, -0.348, 0.275, 0.032
6.183, -0.348, 0.275, 0.032
6.199, -0.348, 0.275, 0.032
6.216, -0.348, 0.275, 0.032
6.233, -0.348, 0.275, 0.032
6.249, -0.348, 0.275, 0.032
6.266, -0.348, 0.275, 0.032
6.283, -0.348, 0.275, 0.032
6.299, -0.348, 0.275, 0.032
6.316, -0.348, 0.275, 0.032
6.333, -0.348, 0.275, 0.032
6.349, -0.348, 0.275, 0.032
6.366, -0.348, 0.275, 0.032
6.383, -0.348, 0.275, 0.032
6.399, -0.348, 0.275, 0.032
6.416, -0.348, 0.275, 0.032
6.433, -0.348, 0.275, 0.033
6.449, -0.348, 0.275, 0.032
6.466, -0.348, 0.275, 0.032
6.483, -0.348, 0.275, 0.032
6.500, -0.348, 0.275, 0.032
6.516, -0.348, 0.275, 0.032
6.533, -0.348, 0.275, 0.032
6.549, -0.348, 0.275, 0.032
6.566, -0.348, 0.275, 0.032
6.583, -0.348, 0.275, 0.032
6.599, -0.348, 0.275, 0.032
6.616, -0.348, 0.275, 0.032
6.633, -0.348, 0.275, 0.032
6.650, -0.348, 0.275, 0.032
6.666, -0.348, 0.275, 0.032
6.683, -0.348, 0.275, 0.032
6.699, -0.348, 0.275, 0.032
6.716, -0.348, 0.275, 0.032
6.733, -0.348, 0.275, 0.032
6.750, -0.348, 0.275, 0.032
6.766, -0.348, 0.275, 0.032
6.783, -0.348, 0.275, 0.032
6.799, -0.348, 0.275, 0.032
6.816, -0.348, 0.275, 0.032
6.833, -0.348, 0.275, 0.032
6.850, -0.348, 0.275, 0.032
6.866, -0.348, 0.275, 0.032
6.883, -0.348, 0.275, 0.032
6.899, -0.348, 0.275, 0.032
6.916, -0.348, 0.275, 0.032
6.933, -0.348, 0.275, 0.032
6.950, -0.348, 0.275, 0.032
6.966, -0.348, 0.275, 0.032
6.983, -0.348, 0.275, 0.032
6.999, -0.348, 0.275, 0.032
7.016, -0.348, 0.275, 0.032
7.033, -0.348, 0.275, 0.032
7.050, -0.348, 0.275, 0.032
7.066, -0.348, 0.275, 0.032
7.083, -0.348, 0.275, 0.032
7.099, -0.348, 0.275, 0.032
7.116, -0.348, 0.275, 0.033
7.133, -0.348, 0.275, 0.033
7.150, -0.348, 0.275, 0.032
7.166, -0.348, 0.275, 0.032
7.183, -0.348, 0.275, 0.032
7.200, -0.348, 0.275, 0.032
7.216, -0.348, 0.275, 0.032
7.234, -0.348, 0.275, 0.032
7.250, -0.348, 0.275, 0.032
7.266, -0.348, 0.275, 0.032
7.283, -0.348, 0.275, 0.032
7.299, -0.348, 0.275, 0.032
7.316, -0.348, 0.275, 0.032
7.333, -0.348, 0.275, 0.032
7.349, -0.348, 0.275, 0.032
7.366, -0.348, 0.275, 0.032
7.383, -0.348, 0.275, 0.033
7.399, -0.348, 0.274, 0.033
7.416, -0.348, 0.274, 0.033
7.433, -0.348, 0.274, 0.033
7.450, -0.348, 0.275, 0.033
7.466, -0.348, 0.275, 0.033
7.483, -0.348, 0.274, 0.033
7.499, -0.348, 0.275, 0.033
7.516, -0.348, 0.275, 0.032
7.533, -0.348, 0.275, 0.033
7.549, -0.348, 0.275, 0.033
7.566, -0.348, 0.275, 0.033
7.583, -0.348, 0.275, 0.033
7.599, -0.348, 0.275, 0.033
7.616, -0.348, 0.275, 0.033
7.633, -0.348, 0.275, 0.033
7.650, -0.348, 0.275, 0.033
7.669, -0.348, 0.275, 0.033
7.683, -0.348, 0.275, 0.033
7.699, -0.348, 0.274, 0.033
7.716, -0.348, 0.275, 0.033
7.733, -0.348, 0.275, 0.033
7.749, -0.348, 0.274, 0.033
7.766, -0.348, 0.274, 0.033
7.783, -0.348, 0.274, 0.033
7.800, -0.348, 0.274, 0.033
7.816, -0.348, 0.274, 0.033
7.833, -0.348, 0.274, 0.033
7.850, -0.348, 0.274, 0.033
7.866, -0.348, 0.274, 0.033
7.883, -0.348, 0.274, 0.033
7.899, -0.348, 0.274, 0.033
7.916, -0.348, 0.274, 0.033
7.933, -0.350, 0.273, 0.034
7.950, -0.350, 0.273, 0.034
7.966, -0.350, 0.273, 0.034
7.983, -0.349, 0.272, 0.034
7.999, -0.349, 0.272, 0.034
8.016, -0.350, 0.270, 0.036
8.033, -0.350, 0.269, 0.035
8.049, -0.350, 0.268, 0.036
8.066, -0.350, 0.268, 0.036
8.083, -0.350, 0.266, 0.036
8.099, -0.350, 0.264, 0.037
8.116, -0.350, 0.264, 0.037
8.133, -0.350, 0.264, 0.037
8.150, -0.350, 0.259, 0.038
8.166, -0.350, 0.259, 0.038
8.183, -0.350, 0.256, 0.039
8.199, -0.349, 0.252, 0.040
8.216, -0.349, 0.251, 0.041
8.233, -0.349, 0.249, 0.042
8.249, -0.349, 0.245, 0.044
8.266, -0.348, 0.243, 0.044
8.283, -0.348, 0.243, 0.044
8.300, -0.348, 0.243, 0.044
8.316, -0.348, 0.243, 0.044
8.333, -0.348, 0.243, 0.044
8.350, -0.346, 0.227, 0.054
8.366, -0.346, 0.225, 0.054
8.383, -0.346, 0.225, 0.054
8.400, -0.346, 0.225, 0.054
8.417, -0.344, 0.216, 0.060
8.433, -0.343, 0.212, 0.061
8.450, -0.343, 0.209, 0.064
8.466, -0.343, 0.209, 0.064
8.483, -0.343, 0.209, 0.064
8.500, -0.343, 0.209, 0.064
8.516, -0.343, 0.209, 0.064
8.533, -0.339, 0.190, 0.079
8.549, -0.338, 0.184, 0.084
8.566, -0.337, 0.181, 0.086
8.583, -0.337, 0.177, 0.090
8.600, -0.335, 0.171, 0.096
8.616, -0.334, 0.169, 0.098
8.633, -0.333, 0.165, 0.102
8.649, -0.331, 0.158, 0.109
8.666, -0.331, 0.156, 0.111
8.683, -0.329, 0.152, 0.116
8.699, -0.327, 0.145, 0.123
8.717, -0.327, 0.143, 0.126
8.733, -0.325, 0.139, 0.131
8.750, -0.323, 0.134, 0.139
8.766, -0.322, 0.132, 0.141
8.783, -0.320, 0.129, 0.147
8.800, -0.317, 0.125, 0.155
8.816, -0.315, 0.123, 0.158
8.833, -0.313, 0.121, 0.163
8.849, -0.310, 0.119, 0.171
8.866, -0.308, 0.118, 0.174
8.883, -0.306, 0.117, 0.180
8.899, -0.301, 0.116, 0.188
8.916, -0.299, 0.116, 0.191
8.933, -0.296, 0.116, 0.197
8.949, -0.291, 0.116, 0.205
8.966, -0.290, 0.117, 0.208
8.983, -0.286, 0.118, 0.214
8.999, -0.281, 0.119, 0.222
9.016, -0.279, 0.120, 0.225
9.033, -0.275, 0.122, 0.231
9.049, -0.269, 0.125, 0.240
9.066, -0.267, 0.127, 0.243
9.083, -0.263, 0.130, 0.249
9.099, -0.257, 0.135, 0.258
9.116, -0.255, 0.136, 0.261
9.133, -0.250, 0.141, 0.267
9.149, -0.244, 0.147, 0.276
9.166, -0.242, 0.149, 0.279
9.183, -0.238, 0.154, 0.285
9.199, -0.232, 0.163, 0.294
9.216, -0.230, 0.166, 0.297
9.233, -0.226, 0.171, 0.303
9.249, -0.222, 0.178, 0.308
9.266, -0.219, 0.185, 0.314
9.283, -0.215, 0.191, 0.319
9.299, -0.210, 0.202, 0.328
9.316, -0.208, 0.206, 0.330
9.333, -0.205, 0.214, 0.336
9.349, -0.200, 0.226, 0.344
9.366, -0.199, 0.231, 0.346
9.383, -0.196, 0.239, 0.351
9.399, -0.192, 0.252, 0.359
9.416, -0.191, 0.257, 0.362
9.433, -0.188, 0.266, 0.367
9.449, -0.185, 0.280, 0.374
9.466, -0.184, 0.285, 0.376
9.483, -0.183, 0.294, 0.381
9.499, -0.180, 0.309, 0.387
9.516, -0.179, 0.314, 0.389
9.533, -0.178, 0.324, 0.394
9.549, -0.176, 0.339, 0.400
9.566, -0.176, 0.344, 0.402
9.583, -0.175, 0.354, 0.405
9.599, -0.174, 0.369, 0.410
9.616, -0.174, 0.374, 0.412
9.634, -0.173, 0.384, 0.415
9.650, -0.173, 0.398, 0.420
9.666, -0.173, 0.403, 0.422
9.683, -0.172, 0.413, 0.424
9.701, -0.172, 0.426, 0.429
9.716, -0.172, 0.431, 0.430
9.733, -0.172, 0.440, 0.432
9.749, -0.173, 0.449, 0.435
9.766, -0.173, 0.457, 0.437
9.783, -0.173, 0.466, 0.439
9.799, -0.174, 0.478, 0.442
9.816, -0.174, 0.482, 0.443
9.833, -0.174, 0.489, 0.445
9.849, -0.175, 0.500, 0.448
9.866, -0.176, 0.504, 0.448
9.883, -0.176, 0.510, 0.450
9.899, -0.177, 0.520, 0.452
9.916, -0.178, 0.523, 0.453
9.933, -0.178, 0.528, 0.454
9.949, -0.179, 0.534, 0.456
9.966, -0.180, 0.539, 0.457
9.983, -0.181, 0.544, 0.458
10.000, -0.182, 0.551, 0.460
10.016, -0.182, 0.553, 0.461
10.033, -0.183, 0.556, 0.462
10.049, -0.185, 0.561, 0.464
10.066, -0.185, 0.563, 0.465
10.083, -0.186, 0.566, 0.466
10.099, -0.187, 0.569, 0.468
10.116, -0.188, 0.571, 0.469
10.133, -0.189, 0.573, 0.471
10.149, -0.190, 0.575, 0.473
10.166, -0.190, 0.576, 0.474
10.183, -0.191, 0.577, 0.475
10.199, -0.192, 0.578, 0.477
10.216, -0.192, 0.578, 0.478
10.233, -0.193, 0.578, 0.479
10.249, -0.194, 0.578, 0.481
10.266, -0.194, 0.578, 0.482
10.283, -0.195, 0.578, 0.483
10.299, -0.195, 0.577, 0.486
10.316, -0.196, 0.576, 0.486
10.333, -0.196, 0.576, 0.488
10.349, -0.197, 0.575, 0.489
10.366, -0.197, 0.574, 0.491
10.383, -0.197, 0.573, 0.492
10.399, -0.198, 0.571, 0.494
10.416, -0.198, 0.570, 0.495
10.433, -0.198, 0.569, 0.496
10.454, -0.198, 0.567, 0.498
10.466, -0.198, 0.566, 0.499
10.483, -0.198, 0.565, 0.500
10.500, -0.199, 0.562, 0.502
10.516, -0.198, 0.562, 0.503
10.533, -0.198, 0.560, 0.504
10.549, -0.198, 0.558, 0.506
10.567, -0.198, 0.557, 0.507
10.583, -0.198, 0.556, 0.508
10.600, -0.197, 0.554, 0.510
10.616, -0.197, 0.553, 0.510
10.633, -0.197, 0.552, 0.511
10.650, -0.196, 0.550, 0.513
10.666, -0.196, 0.549, 0.514
10.683, -0.196, 0.548, 0.515
10.700, -0.195, 0.546, 0.516
10.716, -0.195, 0.546, 0.517
10.733, -0.195, 0.545, 0.518
10.750, -0.194, 0.544, 0.519
10.767, -0.194, 0.543, 0.520
10.783, -0.193, 0.543, 0.521
10.800, -0.192, 0.542, 0.522
10.816, -0.192, 0.541, 0.523
10.833, -0.192, 0.541, 0.524
10.849, -0.191, 0.540, 0.525
10.866, -0.191, 0.540, 0.525
10.883, -0.190, 0.540, 0.526
10.900, -0.189, 0.540, 0.528
10.916, -0.189, 0.540, 0.528
10.933, -0.189, 0.540, 0.529
10.949, -0.188, 0.540, 0.530
10.966, -0.188, 0.540, 0.530
10.983, -0.187, 0.540, 0.531
11.000, -0.187, 0.541, 0.532
11.016, -0.187, 0.541, 0.533
11.033, -0.186, 0.542, 0.533
11.049, -0.186, 0.542, 0.534
11.067, -0.186, 0.543, 0.535
11.083, -0.186, 0.543, 0.536
11.100, -0.186, 0.544, 0.537
11.116, -0.185, 0.545, 0.537
11.133, -0.185, 0.546, 0.538
11.149, -0.185, 0.547, 0.539
11.167, -0.185, 0.547, 0.539
11.183, -0.185, 0.548, 0.540
11.199, -0.185, 0.550, 0.541
11.216, -0.186, 0.550, 0.541
11.233, -0.186, 0.551, 0.542
11.250, -0.186, 0.553, 0.542
11.266, -0.186, 0.553, 0.543
11.283, -0.187, 0.554, 0.543
11.299, -0.187, 0.556, 0.544
11.316, -0.187, 0.556, 0.544
11.333, -0.187, 0.557, 0.545
11.349, -0.188, 0.559, 0.546
11.367, -0.188, 0.559, 0.546
11.383, -0.189, 0.560, 0.546
11.399, -0.189, 0.562, 0.547
11.416, -0.190, 0.562, 0.547
11.433, -0.190, 0.563, 0.548
11.449, -0.191, 0.565, 0.548
11.467, -0.191, 0.565, 0.549
11.483, -0.192, 0.566, 0.549
11.499, -0.193, 0.567, 0.549
11.516, -0.193, 0.568, 0.550
11.533, -0.193, 0.569, 0.550
11.549, -0.194, 0.570, 0.550
11.566, -0.195, 0.570, 0.550
11.583, -0.195, 0.571, 0.551
11.599, -0.196, 0.572, 0.551
11.616, -0.196, 0.572, 0.551
11.633, -0.197, 0.573, 0.551
11.649, -0.198, 0.574, 0.551
11.666, -0.198, 0.574, 0.551
11.683, -0.199, 0.574, 0.551
11.699, -0.200, 0.575, 0.551
11.716, -0.200, 0.575, 0.551
11.733, -0.201, 0.576, 0.551
11.749, -0.201, 0.576, 0.551
11.766, -0.202, 0.576, 0.551
11.783, -0.202, 0.577, 0.551
11.799, -0.203, 0.577, 0.551
11.816, -0.203, 0.577, 0.551
11.833, -0.204, 0.577, 0.551
11.849, -0.204, 0.578, 0.551
11.866, -0.205, 0.578, 0.551
11.883, -0.205, 0.578, 0.551
11.899, -0.205, 0.579, 0.551
11.916, -0.205, 0.579, 0.551
11.933, -0.206, 0.579, 0.551
11.949, -0.206, 0.580, 0.551
11.966, -0.206, 0.580, 0.552
11.983, -0.206, 0.580, 0.552
11.999, -0.206, 0.581, 0.552
12.016, -0.206, 0.581, 0.552
12.033, -0.206, 0.581, 0.552
12.049, -0.206, 0.582, 0.553
12.066, -0.206, 0.582, 0.553
12.083, -0.206, 0.583, 0.553
12.099, -0.206, 0.583, 0.554
12.116, -0.206, 0.583, 0.554
12.133, -0.205, 0.584, 0.555
12.149, -0.205, 0.584, 0.555
12.166, -0.205, 0.585, 0.556
12.183, -0.205, 0.585, 0.556
12.199, -0.204, 0.586, 0.557
12.216, -0.204, 0.586, 0.558
12.233, -0.203, 0.587, 0.558
12.249, -0.203, 0.588, 0.559
12.266, -0.203, 0.588, 0.559
12.283, -0.202, 0.589, 0.560
12.299, -0.201, 0.589, 0.561
12.316, -0.201, 0.590, 0.561
12.333, -0.201, 0.590, 0.562
12.349, -0.200, 0.591, 0.563
12.366, -0.200, 0.592, 0.563
12.383, -0.199, 0.592, 0.564
12.400, -0.198, 0.593, 0.565
12.416, -0.198, 0.593, 0.565
12.433, -0.198, 0.594, 0.566
12.449, -0.197, 0.595, 0.566
12.466, -0.197, 0.595, 0.567
12.483, -0.196, 0.596, 0.567
12.499, -0.196, 0.597, 0.567
12.516, -0.196, 0.597, 0.568
12.533, -0.195, 0.597, 0.568
12.549, -0.195, 0.598, 0.568
12.566, -0.195, 0.599, 0.568
12.583, -0.195, 0.599, 0.568
12.599, -0.195, 0.600, 0.568
12.616, -0.194, 0.600, 0.568
12.633, -0.194, 0.600, 0.568
12.649, -0.194, 0.601, 0.568
12.666, -0.194, 0.601, 0.568
12.683, -0.194, 0.601, 0.567
12.699, -0.195, 0.602, 0.567
12.716, -0.195, 0.602, 0.567
12.733, -0.195, 0.602, 0.566
12.749, -0.195, 0.603, 0.566
12.766, -0.195, 0.603, 0.565
12.783, -0.196, 0.603, 0.565
12.799, -0.196, 0.603, 0.563
12.816, -0.197, 0.603, 0.563
12.833, -0.197, 0.603, 0.562
12.849, -0.198, 0.603, 0.560
12.866, -0.198, 0.603, 0.560
12.883, -0.199, 0.603, 0.559
12.899, -0.200, 0.603, 0.557
12.916, -0.200, 0.603, 0.557
12.933, -0.201, 0.603, 0.555
12.949, -0.202, 0.603, 0.553
12.967, -0.202, 0.602, 0.553
12.983, -0.203, 0.603, 0.552
13.000, -0.204, 0.602, 0.550
13.016, -0.204, 0.602, 0.549
13.033, -0.205, 0.602, 0.548
13.049, -0.206, 0.602, 0.547
13.066, -0.206, 0.602, 0.546
13.083, -0.206, 0.601, 0.545
13.100, -0.207, 0.601, 0.544
13.116, -0.208, 0.601, 0.544
13.133, -0.208, 0.601, 0.543
13.149, -0.210, 0.601, 0.542
13.166, -0.210, 0.601, 0.541
13.183, -0.210, 0.601, 0.540
13.199, -0.211, 0.601, 0.539
13.216, -0.212, 0.601, 0.539
13.233, -0.212, 0.601, 0.539
13.249, -0.213, 0.601, 0.537
13.266, -0.214, 0.601, 0.537
13.283, -0.214, 0.600, 0.536
13.299, -0.215, 0.600, 0.536
13.316, -0.215, 0.601, 0.535
13.333, -0.216, 0.600, 0.535
13.353, -0.217, 0.600, 0.534
13.366, -0.217, 0.600, 0.534
13.383, -0.217, 0.600, 0.533
13.399, -0.218, 0.600, 0.533
13.416, -0.218, 0.600, 0.532
13.433, -0.218, 0.600, 0.531
13.449, -0.219, 0.599, 0.531
13.466, -0.219, 0.599, 0.531
13.483, -0.220, 0.599, 0.531
13.499, -0.220, 0.598, 0.530
13.516, -0.220, 0.598, 0.530
13.533, -0.221, 0.598, 0.530
13.549, -0.221, 0.597, 0.530
13.566, -0.221, 0.597, 0.530
13.583, -0.221, 0.596, 0.530
13.600, -0.222, 0.595, 0.531
13.617, -0.222, 0.595, 0.531
13.633, -0.222, 0.594, 0.531
13.649, -0.223, 0.592, 0.531
13.666, -0.223, 0.592, 0.531
13.683, -0.223, 0.591, 0.531
13.699, -0.223, 0.590, 0.531
13.716, -0.223, 0.589, 0.531
13.733, -0.224, 0.588, 0.532
13.749, -0.224, 0.587, 0.532
13.766, -0.224, 0.587, 0.532
13.783, -0.224, 0.586, 0.532
13.799, -0.224, 0.584, 0.531
13.816, -0.224, 0.584, 0.531
13.833, -0.224, 0.583, 0.531
13.850, -0.224, 0.581, 0.531
13.866, -0.225, 0.581, 0.531
13.883, -0.225, 0.580, 0.530
13.899, -0.225, 0.579, 0.529
13.916, -0.225, 0.579, 0.529
13.933, -0.225, 0.578, 0.528
13.949, -0.224, 0.577, 0.527
13.966, -0.224, 0.576, 0.527
13.983, -0.224, 0.576, 0.526
13.999, -0.224, 0.575, 0.525
14.016, -0.224, 0.575, 0.525
14.033, -0.224, 0.574, 0.524
14.049, -0.224, 0.574, 0.522
14.066, -0.224, 0.573, 0.522
14.083, -0.223, 0.573, 0.521
14.099, -0.223, 0.572, 0.520
14.116, -0.223, 0.572, 0.519
14.133, -0.222, 0.572, 0.518
14.149, -0.222, 0.572, 0.517
14.166, -0.222, 0.572, 0.517
14.183, -0.221, 0.572, 0.516
14.199, -0.221, 0.572, 0.515
14.216, -0.220, 0.572, 0.514
14.233, -0.220, 0.572, 0.514
14.249, -0.219, 0.573, 0.512
14.266, -0.219, 0.573, 0.512
14.283, -0.218, 0.573, 0.511
14.299, -0.218, 0.574, 0.511
14.316, -0.217, 0.574, 0.510
14.333, -0.217, 0.574, 0.509
14.349, -0.216, 0.575, 0.509
14.366, -0.216, 0.576, 0.508
14.383, -0.215, 0.576, 0.507
14.399, -0.214, 0.577, 0.507
14.416, -0.214, 0.578, 0.507
14.433, -0.213, 0.578, 0.506
14.449, -0.212, 0.579, 0.505
14.466, -0.212, 0.580, 0.505
14.483, -0.211, 0.581, 0.505
14.499, -0.210, 0.582, 0.504
14.516, -0.209, 0.582, 0.503
14.533, -0.209, 0.583, 0.503
14.549, -0.208, 0.584, 0.503
14.566, -0.207, 0.584, 0.503
14.583, -0.207, 0.585, 0.502
14.599, -0.206, 0.586, 0.502
14.616, -0.205, 0.587, 0.502
14.633, -0.205, 0.587, 0.501
14.649, -0.204, 0.589, 0.501
14.666, -0.203, 0.589, 0.501
14.683, -0.202, 0.589, 0.501
14.699, -0.201, 0.590, 0.500
14.716, -0.201, 0.591, 0.500
14.733, -0.200, 0.591, 0.501
14.749, -0.199, 0.592, 0.501
14.766, -0.198, 0.593, 0.501
14.783, -0.197, 0.593, 0.500
14.799, -0.196, 0.593, 0.500
14.816, -0.195, 0.594, 0.500
14.833, -0.194, 0.594, 0.500
14.849, -0.193, 0.594, 0.500
14.866, -0.192, 0.595, 0.500
14.883, -0.191, 0.595, 0.500
14.899, -0.190, 0.595, 0.500
14.916, -0.189, 0.595, 0.500
14.933, -0.188, 0.596, 0.499
14.949, -0.186, 0.596, 0.499
14.966, -0.186, 0.596, 0.499
14.983, -0.184, 0.596, 0.499
14.999, -0.182, 0.597, 0.499
15.016, -0.182, 0.597, 0.498
15.033, -0.180, 0.597, 0.498
15.049, -0.178, 0.597, 0.498
15.066, -0.178, 0.598, 0.498
15.083, -0.176, 0.598, 0.498
15.099, -0.174, 0.598, 0.498
15.116, -0.173, 0.598, 0.498
15.133, -0.172, 0.599, 0.498
15.149, -0.170, 0.599, 0.498
15.166, -0.169, 0.599, 0.498
15.183, -0.168, 0.599, 0.498
15.199, -0.166, 0.600, 0.498
15.216, -0.165, 0.600, 0.498
15.233, -0.164, 0.600, 0.498
15.249, -0.162, 0.600, 0.498
15.266, -0.162, 0.600, 0.498
15.283, -0.161, 0.600, 0.498
15.299, -0.160, 0.600, 0.498
15.316, -0.159, 0.600, 0.498
15.333, -0.159, 0.600, 0.498
15.349, -0.158, 0.600, 0.497
15.366, -0.158, 0.600, 0.497
15.383, -0.157, 0.600, 0.497
15.399, -0.157, 0.599, 0.496
15.416, -0.157, 0.599, 0.496
15.433, -0.157, 0.599, 0.496
15.449, -0.157, 0.599, 0.495
15.466, -0.157, 0.599, 0.495
15.483, -0.157, 0.598, 0.494
15.499, -0.158, 0.597, 0.493
15.516, -0.158, 0.597, 0.493
15.533, -0.158, 0.597, 0.493
15.549, -0.159, 0.596, 0.492
15.566, -0.159, 0.596, 0.492
15.583, -0.160, 0.595, 0.492
15.600, -0.161, 0.595, 0.492
15.616, -0.161, 0.594, 0.492
15.633, -0.162, 0.594, 0.491
15.649, -0.163, 0.593, 0.491
15.666, -0.163, 0.592, 0.491
15.683, -0.164, 0.592, 0.491
15.699, -0.165, 0.591, 0.491
15.716, -0.166, 0.590, 0.491
15.733, -0.167, 0.590, 0.491
15.749, -0.168, 0.589, 0.491
15.766, -0.169, 0.588, 0.491
15.783, -0.170, 0.587, 0.491
15.799, -0.171, 0.586, 0.491
15.816, -0.172, 0.586, 0.492
15.833, -0.173, 0.585, 0.492
15.853, -0.174, 0.584, 0.492
15.866, -0.175, 0.584, 0.493
15.883, -0.176, 0.583, 0.493
15.900, -0.178, 0.582, 0.494
15.916, -0.178, 0.581, 0.494
15.933, -0.179, 0.580, 0.494
15.949, -0.181, 0.579, 0.495
15.969, -0.181, 0.579, 0.495
15.983, -0.182, 0.578, 0.496
15.999, -0.184, 0.577, 0.496
16.016, -0.184, 0.577, 0.497
16.033, -0.185, 0.576, 0.497
16.049, -0.187, 0.575, 0.497
16.069, -0.187, 0.575, 0.498
16.083, -0.188, 0.574, 0.498
16.099, -0.190, 0.573, 0.499
16.116, -0.190, 0.573, 0.499
16.133, -0.191, 0.572, 0.500
16.149, -0.192, 0.571, 0.500
16.166, -0.193, 0.571, 0.500
16.184, -0.193, 0.571, 0.501
16.199, -0.195, 0.570, 0.501
16.216, -0.195, 0.570, 0.501
16.233, -0.196, 0.570, 0.502
16.249, -0.197, 0.569, 0.502
16.267, -0.197, 0.569, 0.502
16.283, -0.198, 0.568, 0.503
16.299, -0.198, 0.568, 0.503
16.316, -0.199, 0.567, 0.503
16.333, -0.199, 0.567, 0.503
16.349, -0.200, 0.566, 0.503
16.366, -0.200, 0.565, 0.503
16.383, -0.200, 0.564, 0.503
16.399, -0.201, 0.563, 0.503
16.416, -0.201, 0.562, 0.503
16.433, -0.201, 0.561, 0.503
16.449, -0.201, 0.558, 0.502
16.466, -0.201, 0.557, 0.502
16.483, -0.201, 0.556, 0.502
16.499, -0.201, 0.553, 0.501
16.516, -0.201, 0.551, 0.500
16.533, -0.201, 0.549, 0.499
16.549, -0.201, 0.545, 0.498
16.567, -0.201, 0.543, 0.498
16.583, -0.200, 0.541, 0.497
16.601, -0.200, 0.536, 0.495
16.616, -0.200, 0.534, 0.494
16.633, -0.199, 0.530, 0.493
16.649, -0.198, 0.525, 0.491
16.668, -0.198, 0.523, 0.491
16.683, -0.197, 0.519, 0.489
16.699, -0.196, 0.513, 0.487
16.716, -0.196, 0.511, 0.486
16.734, -0.195, 0.506, 0.485
16.749, -0.193, 0.499, 0.483
16.766, -0.193, 0.497, 0.482
16.783, -0.191, 0.490, 0.480
16.800, -0.190, 0.485, 0.478
16.816, -0.189, 0.482, 0.478
16.833, -0.188, 0.477, 0.477
16.849, -0.186, 0.469, 0.475
16.866, -0.185, 0.466, 0.474
16.883, -0.184, 0.461, 0.473
16.899, -0.182, 0.453, 0.471
16.916, -0.181, 0.450, 0.471
16.933, -0.179, 0.444, 0.469
16.949, -0.177, 0.436, 0.468
16.966, -0.176, 0.433, 0.468
16.983, -0.175, 0.427, 0.467
16.999, -0.172, 0.418, 0.466
17.016, -0.171, 0.415, 0.465
17.033, -0.170, 0.409, 0.465
17.049, -0.168, 0.401, 0.463
17.066, -0.167, 0.398, 0.463
17.083, -0.165, 0.392, 0.463
17.100, -0.163, 0.383, 0.462
17.116, -0.162, 0.380, 0.461
17.134, -0.161, 0.374, 0.461
17.150, -0.158, 0.365, 0.460
17.167, -0.158, 0.362, 0.460
17.183, -0.156, 0.356, 0.460
17.199, -0.154, 0.348, 0.459
17.217, -0.153, 0.345, 0.459
17.233, -0.152, 0.339, 0.459
17.249, -0.150, 0.331, 0.459
17.266, -0.149, 0.328, 0.459
17.283, -0.148, 0.323, 0.458
17.300, -0.146, 0.315, 0.459
17.316, -0.145, 0.312, 0.459
17.333, -0.144, 0.307, 0.459
17.350, -0.143, 0.302, 0.459
17.367, -0.142, 0.296, 0.459
17.383, -0.141, 0.291, 0.460
17.400, -0.140, 0.283, 0.460
17.416, -0.139, 0.281, 0.461
17.433, -0.139, 0.276, 0.461
17.449, -0.138, 0.268, 0.462
17.468, -0.137, 0.265, 0.462
17.483, -0.137, 0.260, 0.463
17.501, -0.137, 0.258, 0.463
17.516, -0.136, 0.250, 0.463
17.533, -0.135, 0.245, 0.463
17.550, -0.135, 0.237, 0.464
17.567, -0.135, 0.234, 0.464
17.583, -0.134, 0.229, 0.464
17.599, -0.134, 0.222, 0.464
17.616, -0.133, 0.219, 0.464
17.633, -0.133, 0.214, 0.464
17.649, -0.132, 0.206, 0.464
17.666, -0.132, 0.204, 0.464
17.683, -0.132, 0.199, 0.464
17.700, -0.131, 0.191, 0.464
17.716, -0.131, 0.189, 0.464
17.733, -0.131, 0.184, 0.464
17.750, -0.130, 0.176, 0.464
17.767, -0.130, 0.174, 0.464
17.783, -0.129, 0.169, 0.464
17.799, -0.128, 0.162, 0.463
17.816, -0.128, 0.159, 0.463
17.833, -0.127, 0.154, 0.463
17.849, -0.126, 0.147, 0.463
17.866, -0.126, 0.145, 0.463
17.883, -0.125, 0.140, 0.462
17.899, -0.124, 0.133, 0.462
17.916, -0.124, 0.130, 0.462
17.934, -0.123, 0.126, 0.461
17.949, -0.122, 0.119, 0.461
17.966, -0.121, 0.116, 0.461
17.983, -0.121, 0.112, 0.461
18.000, -0.119, 0.105, 0.460
18.017, -0.119, 0.103, 0.460
18.033, -0.118, 0.098, 0.460
18.050, -0.117, 0.091, 0.460
18.067, -0.117, 0.089, 0.459
18.083, -0.116, 0.084, 0.459
18.099, -0.115, 0.078, 0.459
18.116, -0.114, 0.075, 0.458
18.133, -0.114, 0.071, 0.458
18.150, -0.112, 0.064, 0.457
18.167, -0.112, 0.061, 0.457
18.183, -0.111, 0.057, 0.457
18.199, -0.110, 0.050, 0.456
18.216, -0.109, 0.047, 0.456
18.233, -0.109, 0.045, 0.456
18.250, -0.107, 0.036, 0.455
18.267, -0.107, 0.034, 0.455
18.284, -0.106, 0.029, 0.455
18.300, -0.104, 0.022, 0.454
18.316, -0.104, 0.020, 0.454
18.334, -0.103, 0.015, 0.454
18.351, -0.102, 0.008, 0.454
18.367, -0.101, 0.005, 0.454
18.383, -0.100, 0.001, 0.454
18.399, -0.098, -0.007, 0.454
18.416, -0.098, -0.009, 0.454
18.433, -0.097, -0.014, 0.454
18.449, -0.096, -0.021, 0.455
18.466, -0.095, -0.024, 0.456
18.483, -0.094, -0.029, 0.456
18.499, -0.093, -0.036, 0.458
18.516, -0.093, -0.039, 0.458
18.540, -0.093, -0.044, 0.459
18.549, -0.092, -0.051, 0.460
18.566, -0.091, -0.054, 0.461
18.583, -0.091, -0.059, 0.462
18.602, -0.090, -0.066, 0.463
18.616, -0.090, -0.069, 0.464
18.633, -0.090, -0.074, 0.465
18.649, -0.089, -0.081, 0.466
18.667, -0.089, -0.083, 0.466
18.683, -0.088, -0.088, 0.467
18.700, -0.088, -0.096, 0.467
18.716, -0.087, -0.098, 0.468
18.735, -0.087, -0.103, 0.468
18.749, -0.086, -0.111, 0.468
18.766, -0.086, -0.113, 0.468
18.783, -0.085, -0.118, 0.468
18.801, -0.084, -0.126, 0.468
18.816, -0.084, -0.128, 0.468
18.833, -0.083, -0.133, 0.468
18.853, -0.083, -0.141, 0.468
18.866, -0.082, -0.144, 0.468
18.883, -0.082, -0.149, 0.468
18.900, -0.081, -0.157, 0.468
18.916, -0.081, -0.159, 0.468
18.934, -0.081, -0.165, 0.468
18.949, -0.080, -0.173, 0.468
18.966, -0.080, -0.175, 0.468
18.983, -0.080, -0.180, 0.468
19.001, -0.079, -0.188, 0.468
19.016, -0.079, -0.191, 0.468
19.033, -0.079, -0.196, 0.469
19.049, -0.078, -0.204, 0.468
19.066, -0.078, -0.207, 0.468
19.083, -0.078, -0.212, 0.469
19.100, -0.077, -0.220, 0.468
19.116, -0.077, -0.223, 0.468
19.135, -0.076, -0.228, 0.468
19.150, -0.076, -0.236, 0.467
19.166, -0.075, -0.239, 0.467
19.183, -0.075, -0.244, 0.466
19.200, -0.074, -0.252, 0.466
19.216, -0.074, -0.255, 0.465
19.233, -0.073, -0.261, 0.465
19.249, -0.072, -0.269, 0.464
19.266, -0.072, -0.272, 0.464
19.283, -0.071, -0.277, 0.463
19.299, -0.070, -0.286, 0.462
19.316, -0.070, -0.288, 0.461
19.333, -0.070, -0.294, 0.461
19.349, -0.068, -0.302, 0.460
19.368, -0.068, -0.304, 0.459
19.383, -0.068, -0.310, 0.458
19.402, -0.067, -0.317, 0.457
19.416, -0.067, -0.320, 0.457
19.433, -0.066, -0.325, 0.456
19.449, -0.065, -0.333, 0.454
19.467, -0.065, -0.335, 0.454
19.483, -0.064, -0.340, 0.454
19.499, -0.063, -0.347, 0.453
19.516, -0.063, -0.350, 0.452
19.533, -0.062, -0.355, 0.452
19.550, -0.061, -0.362, 0.451
19.568, -0.061, -0.364, 0.451
19.583, -0.060, -0.369, 0.451
19.599, -0.059, -0.376, 0.450
19.617, -0.059, -0.378, 0.450
19.633, -0.059, -0.382, 0.450
19.649, -0.058, -0.389, 0.450
19.666, -0.057, -0.391, 0.450
19.683, -0.057, -0.395, 0.450
19.699, -0.056, -0.402, 0.450
19.716, -0.056, -0.404, 0.450
19.733, -0.055, -0.408, 0.450
19.749, -0.054, -0.414, 0.451
19.766, -0.054, -0.416, 0.451
19.783, -0.053, -0.420, 0.451
19.799, -0.052, -0.426, 0.451
19.816, -0.052, -0.428, 0.452
19.833, -0.051, -0.432, 0.451
19.849, -0.050, -0.438, 0.452
19.866, -0.049, -0.440, 0.452
19.883, -0.049, -0.444, 0.452
19.899, -0.047, -0.450, 0.452
19.916, -0.047, -0.452, 0.453
19.933, -0.046, -0.456, 0.453
19.950, -0.045, -0.462, 0.453
19.966, -0.045, -0.464, 0.453
19.983, -0.044, -0.468, 0.453
20.001, -0.043, -0.473, 0.453
20.016, -0.043, -0.475, 0.453
20.033, -0.042, -0.479, 0.454
20.049, -0.041, -0.485, 0.454
20.066, -0.040, -0.487, 0.454
20.083, -0.040, -0.491, 0.454
20.099, -0.039, -0.496, 0.454
20.116, -0.038, -0.498, 0.454
20.133, -0.038, -0.502, 0.454
20.150, -0.037, -0.507, 0.454
20.166, -0.037, -0.509, 0.454
20.183, -0.036, -0.512, 0.454
20.200, -0.035, -0.517, 0.453
20.216, -0.035, -0.519, 0.453
20.233, -0.034, -0.522, 0.452
20.249, -0.034, -0.526, 0.451
20.266, -0.033, -0.528, 0.451
20.283, -0.033, -0.530, 0.449
20.300, -0.032, -0.534, 0.447
20.316, -0.032, -0.535, 0.447
20.333, -0.031, -0.538, 0.445
20.350, -0.031, -0.541, 0.442
20.366, -0.031, -0.542, 0.441
20.383, -0.030, -0.544, 0.439
20.400, -0.030, -0.546, 0.435
20.416, -0.029, -0.547, 0.434
20.433, -0.029, -0.549, 0.431
20.450, -0.028, -0.550, 0.427
20.466, -0.028, -0.551, 0.425
20.483, -0.028, -0.552, 0.422
20.500, -0.027, -0.553, 0.417
20.516, -0.027, -0.554, 0.415
20.533, -0.026, -0.554, 0.412
20.550, -0.026, -0.555, 0.406
20.566, -0.026, -0.555, 0.405
20.583, -0.025, -0.556, 0.401
20.600, -0.025, -0.556, 0.395
20.616, -0.025, -0.556, 0.393
20.633, -0.024, -0.556, 0.389
20.650, -0.024, -0.555, 0.383
20.666, -0.024, -0.555, 0.381
20.683, -0.023, -0.555, 0.378
20.700, -0.023, -0.554, 0.372
20.716, -0.023, -0.554, 0.370
20.733, -0.022, -0.553, 0.366
20.750, -0.022, -0.552, 0.360
20.766, -0.022, -0.552, 0.358
20.783, -0.021, -0.551, 0.355
20.800, -0.021, -0.549, 0.349
20.816, -0.021, -0.549, 0.347
20.833, -0.021, -0.548, 0.344
20.849, -0.020, -0.546, 0.338
20.867, -0.020, -0.546, 0.337
20.883, -0.020, -0.544, 0.333
20.900, -0.019, -0.542, 0.328
20.916, -0.019, -0.542, 0.326
20.933, -0.019, -0.540, 0.323
20.950, -0.018, -0.538, 0.318
20.966, -0.018, -0.538, 0.317
20.983, -0.018, -0.536, 0.313
21.000, -0.017, -0.534, 0.309
21.016, -0.017, -0.533, 0.307
21.033, -0.016, -0.532, 0.304
21.050, -0.016, -0.530, 0.300
21.066, -0.016, -0.529, 0.298
21.083, -0.015, -0.527, 0.296
21.100, -0.015, -0.525, 0.292
21.116, -0.014, -0.525, 0.290
21.133, -0.014, -0.523, 0.288
21.150, -0.013, -0.521, 0.284
21.166, -0.013, -0.520, 0.282
21.183, -0.013, -0.519, 0.280
21.200, -0.012, -0.517, 0.276
21.217, -0.012, -0.517, 0.275
21.233, -0.011, -0.516, 0.272
21.250, -0.011, -0.514, 0.268
21.267, -0.011, -0.514, 0.267
21.283, -0.010, -0.513, 0.264
21.300, -0.010, -0.512, 0.260
21.316, -0.009, -0.511, 0.259
21.333, -0.009, -0.510, 0.256
21.350, -0.008, -0.510, 0.252
21.368, -0.008, -0.509, 0.249
21.383, -0.008, -0.509, 0.248
21.400, -0.007, -0.508, 0.244
21.416, -0.007, -0.508, 0.242
21.433, -0.006, -0.508, 0.239
21.450, -0.006, -0.507, 0.235
21.466, -0.006, -0.507, 0.234
21.483, -0.005, -0.507, 0.232
21.500, -0.005, -0.507, 0.227
21.517, -0.004, -0.507, 0.226
21.533, -0.004, -0.507, 0.223
21.549, -0.004, -0.507, 0.220
21.566, -0.003, -0.507, 0.218
21.583, -0.003, -0.508, 0.215
21.600, -0.003, -0.508, 0.212
21.616, -0.002, -0.508, 0.210
21.633, -0.002, -0.508, 0.207
21.649, -0.002, -0.509, 0.203
21.666, -0.002, -0.509, 0.202
21.683, -0.002, -0.510, 0.199
21.700, -0.002, -0.511, 0.195
21.716, -0.001, -0.511, 0.194
21.733, -0.001, -0.512, 0.191
21.749, -0.001, -0.513, 0.187
21.767, -0.001, -0.513, 0.186
21.783, -0.001, -0.514, 0.184
21.800, -0.001, -0.515, 0.180
21.816, -0.001, -0.515, 0.179
21.833, -0.001, -0.516, 0.177
21.849, -0.001, -0.517, 0.174
21.867, -0.001, -0.518, 0.173
21.883, -0.001, -0.519, 0.171
21.900, -0.002, -0.520, 0.168
21.916, -0.002, -0.520, 0.167
21.933, -0.002, -0.521, 0.166
21.949, -0.002, -0.523, 0.164
21.966, -0.002, -0.523, 0.163
21.983, -0.003, -0.524, 0.162
22.000, -0.003, -0.525, 0.160
22.016, -0.003, -0.526, 0.160
22.033, -0.004, -0.527, 0.159
22.050, -0.004, -0.528, 0.159
22.066, -0.004, -0.528, 0.158
22.083, -0.005, -0.529, 0.158
22.100, -0.005, -0.530, 0.158
22.117, -0.005, -0.530, 0.157
22.133, -0.006, -0.530, 0.157
22.149, -0.006, -0.531, 0.157
22.166, -0.006, -0.531, 0.158
22.183, -0.006, -0.532, 0.158
22.200, -0.007, -0.532, 0.158
22.217, -0.007, -0.533, 0.159
22.233, -0.007, -0.533, 0.159
22.253, -0.007, -0.533, 0.160
22.267, -0.007, -0.533, 0.160
22.283, -0.008, -0.534, 0.161
22.299, -0.008, -0.534, 0.162
22.316, -0.008, -0.534, 0.162
22.333, -0.008, -0.534, 0.163
22.349, -0.008, -0.534, 0.164
22.366, -0.009, -0.534, 0.164
22.383, -0.009, -0.533, 0.165
22.400, -0.009, -0.533, 0.166
22.416, -0.009, -0.533, 0.166
22.433, -0.009, -0.533, 0.167
22.450, -0.009, -0.532, 0.169
22.467, -0.009, -0.532, 0.169
22.483, -0.010, -0.532, 0.170
22.500, -0.010, -0.531, 0.172
22.516, -0.010, -0.531, 0.172
22.533, -0.010, -0.530, 0.173
22.549, -0.010, -0.530, 0.175
22.566, -0.010, -0.529, 0.175
22.583, -0.010, -0.529, 0.176
22.600, -0.010, -0.528, 0.178
22.617, -0.010, -0.528, 0.179
22.633, -0.010, -0.527, 0.179
22.649, -0.009, -0.527, 0.179
22.667, -0.009, -0.526, 0.179
22.683, -0.009, -0.526, 0.177
22.700, -0.008, -0.525, 0.172
22.717, -0.008, -0.525, 0.169
22.733, -0.007, -0.525, 0.163
22.749, -0.005, -0.524, 0.150
22.766, -0.005, -0.524, 0.145
22.784, -0.003, -0.523, 0.134
22.799, 0.000, -0.523, 0.113
22.816, 0.001, -0.523, 0.105
22.833, 0.003, -0.523, 0.087
22.849, 0.008, -0.522, 0.057
22.866, 0.004, -0.518, 0.051
22.883, -0.007, -0.511, 0.043
22.899, -0.011, -0.508, 0.048
22.916, -0.012, -0.508, 0.050
22.933, -0.013, -0.508, 0.051
22.949, -0.013, -0.508, 0.049
22.966, -0.014, -0.507, 0.047
22.983, -0.017, -0.507, 0.043
22.999, -0.021, -0.504, 0.036
23.016, -0.020, -0.503, 0.035
23.033, -0.021, -0.502, 0.035
23.049, -0.021, -0.501, 0.035
23.066, -0.021, -0.502, 0.035
23.083, -0.020, -0.502, 0.034
23.099, -0.020, -0.502, 0.034
23.116, -0.020, -0.502, 0.034
23.133, -0.020, -0.502, 0.034
23.149, -0.020, -0.502, 0.034
23.166, -0.020, -0.502, 0.034
23.183, -0.020, -0.502, 0.034
23.199, -0.020, -0.502, 0.034
23.216, -0.020, -0.502, 0.034
23.233, -0.020, -0.502, 0.034
23.249, -0.020, -0.502, 0.034
23.266, -0.020, -0.502, 0.034
23.283, -0.020, -0.502, 0.034
23.300, -0.020, -0.502, 0.034
23.316, -0.020, -0.502, 0.034
23.333, -0.020, -0.502, 0.034
23.349, -0.020, -0.502, 0.034
23.366, -0.020, -0.502, 0.034
23.383, -0.020, -0.502, 0.034
23.399, -0.020, -0.502, 0.034
23.416, -0.020, -0.502, 0.034
23.433, -0.020, -0.502, 0.034
23.449, -0.020, -0.502, 0.034
23.466, -0.020, -0.502, 0.034
23.483, -0.020, -0.502, 0.034
23.499, -0.020, -0.502, 0.034
23.516, -0.020, -0.502, 0.034
23.533, -0.020, -0.502, 0.034
23.549, -0.020, -0.502, 0.034
23.566, -0.020, -0.502, 0.034
23.583, -0.020, -0.502, 0.034
23.600, -0.020, -0.502, 0.034
23.617, -0.020, -0.502, 0.034
23.633, -0.020, -0.502, 0.034
23.650, -0.020, -0.502, 0.034
23.666, -0.020, -0.502, 0.034
23.683, -0.020, -0.502, 0.034
23.699, -0.020, -0.502, 0.034
23.717, -0.020, -0.502, 0.034
23.733, -0.020, -0.502, 0.034
23.749, -0.020, -0.502, 0.034
23.767, -0.020, -0.502, 0.034
23.783, -0.020, -0.502, 0.034
23.800, -0.020, -0.502, 0.034
23.816, -0.020, -0.502, 0.034
23.833, -0.020, -0.502, 0.034
23.849, -0.020, -0.502, 0.034
23.866, -0.020, -0.502, 0.034
23.883, -0.020, -0.502, 0.034
23.899, -0.020, -0.502, 0.034
23.916, -0.020, -0.502, 0.034
23.933, -0.020, -0.502, 0.034
23.949, -0.020, -0.502, 0.034
23.966, -0.020, -0.502, 0.034
23.983, -0.020, -0.502, 0.034
24.000, -0.020, -0.502, 0.034
24.016, -0.020, -0.502, 0.034
24.034, -0.020, -0.502, 0.034
24.049, -0.020, -0.502, 0.034
24.066, -0.020, -0.502, 0.034
24.083, -0.020, -0.502, 0.034
24.099, -0.020, -0.502, 0.034
24.116, -0.020, -0.502, 0.034
24.133, -0.020, -0.502, 0.034
24.149, -0.020, -0.502, 0.034
24.166, -0.020, -0.502, 0.034
24.183, -0.020, -0.502, 0.034
24.199, -0.020, -0.502, 0.034
24.216, -0.020, -0.502, 0.034
24.233, -0.020, -0.502, 0.034
24.249, -0.020, -0.502, 0.034
24.266, -0.020, -0.502, 0.034
24.283, -0.020, -0.502, 0.034
24.301, -0.020, -0.502, 0.034
24.316, -0.020, -0.502, 0.034
24.333, -0.020, -0.502, 0.034
24.350, -0.020, -0.502, 0.034
24.366, -0.020, -0.502, 0.034
24.383, -0.020, -0.502, 0.034
24.399, -0.020, -0.502, 0.034
24.416, -0.020, -0.502, 0.034
24.434, -0.020, -0.502, 0.034
24.450, -0.020, -0.502, 0.034
24.466, -0.020, -0.502, 0.034
24.483, -0.020, -0.502, 0.034
24.499, -0.020, -0.502, 0.034
24.516, -0.020, -0.502, 0.034
24.533, -0.020, -0.502, 0.034
24.549, -0.020, -0.502, 0.034
24.566, -0.020, -0.502, 0.034
24.583, -0.020, -0.502, 0.034
24.599, -0.020, -0.502, 0.034
24.616, -0.020, -0.502, 0.034
24.633, -0.020, -0.502, 0.034
24.650, -0.020, -0.502, 0.034
24.666, -0.020, -0.502, 0.034
24.683, -0.020, -0.502, 0.034
24.699, -0.020, -0.502, 0.034
24.716, -0.020, -0.502, 0.034
24.733, -0.020, -0.502, 0.034
24.750, -0.020, -0.502, 0.034
24.766, -0.020, -0.502, 0.034
24.785, -0.020, -0.502, 0.034
24.799, -0.020, -0.502, 0.034
24.816, -0.020, -0.502, 0.034
24.833, -0.020, -0.502, 0.034
24.850, -0.020, -0.502, 0.034
24.866, -0.020, -0.502, 0.034
24.883, -0.020, -0.502, 0.034
24.901, -0.020, -0.502, 0.034
