0.104, 0.000, 0.000, 0.000
0.121, 0.000, 0.000, 0.000
0.137, 0.000, 0.000, 0.000
0.154, 0.000, 0.000, 0.000
0.170, 0.000, 0.000, 0.000
0.187, 0.000, 0.000, 0.000
0.204, 0.000, 0.000, 0.000
0.220, 0.000, 0.000, 0.000
0.237, 0.000, 0.000, 0.000
0.254, 0.000, 0.000, 0.000
0.270, 0.000, 0.000, 0.000
0.287, 0.000, 0.000, 0.000
0.304, 0.000, 0.000, 0.000
0.321, -0.657, 0.146, 0.034
0.338, -0.657, 0.146, 0.035
0.354, -0.657, 0.146, 0.034
0.370, -0.657, 0.146, 0.034
0.387, -0.657, 0.146, 0.035
0.404, -0.657, 0.146, 0.034
0.420, -0.657, 0.146, 0.034
0.437, -0.657, 0.146, 0.034
0.454, -0.657, 0.146, 0.034
0.470, -0.657, 0.146, 0.035
0.487, -0.657, 0.146, 0.034
0.504, -0.657, 0.146, 0.034
0.520, -0.657, 0.146, 0.034
0.537, -0.657, 0.146, 0.034
0.554, -0.657, 0.146, 0.035
0.570, -0.657, 0.146, 0.035
0.587, -0.657, 0.146, 0.035
0.604, -0.657, 0.146, 0.035
0.620, -0.657, 0.146, 0.034
0.637, -0.657, 0.146, 0.034
0.654, -0.657, 0.146, 0.035
0.670, -0.657, 0.146, 0.034
0.687, -0.657, 0.146, 0.035
0.704, -0.657, 0.146, 0.035
0.721, -0.657, 0.146, 0.034
0.737, -0.657, 0.146, 0.035
0.754, -0.657, 0.146, 0.034
0.770, -0.657, 0.146, 0.035
0.787, -0.657, 0.146, 0.034
0.804, -0.657, 0.146, 0.035
0.820, -0.657, 0.146, 0.035
0.837, -0.657, 0.146, 0.034
0.854, -0.657, 0.146, 0.035
0.870, -0.657, 0.146, 0.035
0.887, -0.657, 0.146, 0.034
0.904, -0.657, 0.146, 0.034
0.920, -0.657, 0.146, 0.035
0.937, -0.657, 0.146, 0.034
0.954, -0.657, 0.146, 0.034
0.970, -0.657, 0.146, 0.035
0.987, -0.657, 0.146, 0.034
1.004, -0.657, 0.146, 0.034
1.020, -0.657, 0.146, 0.035
1.037, -0.657, 0.146, 0.034
1.054, -0.657, 0.146, 0.035
1.070, -0.657, 0.146, 0.035
1.087, -0.657, 0.146, 0.034
1.104, -0.657, 0.146, 0.035
1.120, -0.657, 0.146, 0.035
1.137, -0.657, 0.146, 0.034
1.154, -0.657, 0.146, 0.034
1.170, -0.657, 0.146, 0.035
1.187, -0.657, 0.146, 0.034
1.204, -0.657, 0.146, 0.034
1.220, -0.657, 0.146, 0.035
1.237, -0.657, 0.146, 0.034
1.254, -0.657, 0.146, 0.034
1.270, -0.657, 0.146, 0.035
1.287, -0.657, 0.146, 0.035
1.304, -0.657, 0.146, 0.034
1.320, -0.657, 0.146, 0.034
1.337, -0.657, 0.146, 0.035
1.354, -0.657, 0.146, 0.034
1.371, -0.657, 0.146, 0.034
1.387, -0.657, 0.146, 0.034
1.404, -0.657, 0.146, 0.034
1.420, -0.657, 0.146, 0.035
1.437, -0.657, 0.146, 0.034
1.454, -0.657, 0.146, 0.034
1.470, -0.657, 0.146, 0.035
1.487, -0.657, 0.146, 0.034
1.504, -0.657, 0.146, 0.034
1.520, -0.657, 0.146, 0.034
1.537, -0.657, 0.146, 0.035
1.554, -0.657, 0.146, 0.035
1.571, -0.657, 0.146, 0.034
1.587, -0.657, 0.146, 0.035
1.604, -0.657, 0.146, 0.035
1.621, -0.657, 0.146, 0.034
1.637, -0.657, 0.146, 0.035
1.654, -0.657, 0.146, 0.034
1.670, -0.657, 0.146, 0.034
1.687, -0.657, 0.146, 0.035
1.704, -0.657, 0.146, 0.035
1.720, -0.657, 0.146, 0.034
1.737, -0.657, 0.146, 0.035
1.754, -0.657, 0.146, 0.035
1.770, -0.657, 0.146, 0.034
1.787, -0.657, 0.146, 0.035
1.804, -0.657, 0.146, 0.035
1.820, -0.657, 0.146, 0.034
1.837, -0.657, 0.146, 0.035
1.854, -0.657, 0.146, 0.035
1.870, -0.657, 0.146, 0.035
1.887, -0.657, 0.146, 0.034
1.904, -0.657, 0.146, 0.034
1.920, -0.657, 0.146, 0.035
1.937, -0.657, 0.146, 0.035
1.954, -0.657, 0.146, 0.035
1.970, -0.657, 0.146, 0.034
1.987, -0.657, 0.146, 0.035
2.004, -0.657, 0.146, 0.035
2.020, -0.657, 0.146, 0.034
2.037, -0.657, 0.146, 0.035
2.054, -0.657, 0.146, 0.035
2.070, -0.657, 0.146, 0.035
2.087, -0.657, 0.146, 0.034
2.104, -0.657, 0.146, 0.035
2.121, -0.657, 0.146, 0.035
2.137, -0.657, 0.146, 0.034
2.154, -0.657, 0.146, 0.035
2.170, -0.657, 0.146, 0.034
2.187, -0.657, 0.146, 0.035
2.204, -0.657, 0.146, 0.035
2.220, -0.657, 0.146, 0.035
2.237, -0.657, 0.146, 0.035
2.254, -0.657, 0.146, 0.035
2.270, -0.657, 0.146, 0.035
2.287, -0.657, 0.146, 0.034
2.304, -0.657, 0.146, 0.035
2.320, -0.657, 0.146, 0.035
2.337, -0.657, 0.146, 0.034
2.354, -0.657, 0.146, 0.034
2.370, -0.657, 0.146, 0.035
2.387, -0.657, 0.146, 0.034
2.404, -0.657, 0.146, 0.034
2.420, -0.657, 0.146, 0.035
2.437, -0.657, 0.146, 0.034
2.454, -0.657, 0.146, 0.034
2.470, -0.657, 0.146, 0.035
2.487, -0.657, 0.146, 0.034
2.504, -0.657, 0.146, 0.034
2.520, -0.657, 0.146, 0.035
2.537, -0.657, 0.146, 0.034
2.554, -0.657, 0.146, 0.034
2.571, -0.657, 0.146, 0.035
2.587, -0.657, 0.146, 0.034
2.604, -0.657, 0.146, 0.034
2.620, -0.657, 0.146, 0.035
2.637, -0.657, 0.146, 0.034
2.654, -0.657, 0.146, 0.034
2.670, -0.657, 0.146, 0.035
2.687, -0.657, 0.146, 0.035
2.704, -0.657, 0.146, 0.034
2.720, -0.657, 0.146, 0.034
2.737, -0.657, 0.146, 0.034
2.754, -0.657, 0.146, 0.035
2.770, -0.657, 0.146, 0.034
2.787, -0.657, 0.146, 0.035
2.804, -0.657, 0.146, 0.034
2.820, -0.657, 0.146, 0.034
2.837, -0.657, 0.146, 0.035
2.854, -0.657, 0.146, 0.034
2.870, -0.657, 0.146, 0.034
2.887, -0.657, 0.146, 0.035
2.904, -0.657, 0.146, 0.034
2.920, -0.657, 0.146, 0.035
2.937, -0.657, 0.146, 0.035
2.954, -0.657, 0.146, 0.034
2.971, -0.657, 0.146, 0.035
2.987, -0.657, 0.146, 0.034
3.004, -0.657, 0.146, 0.034
3.020, -0.657, 0.146, 0.035
3.037, -0.657, 0.146, 0.035
3.054, -0.657, 0.146, 0.034
3.070, -0.657, 0.146, 0.034
3.087, -0.657, 0.146, 0.035
3.104, -0.657, 0.146, 0.034
3.120, -0.657, 0.146, 0.034
3.137, -0.657, 0.146, 0.035
3.154, -0.657, 0.146, 0.035
3.170, -0.657, 0.146, 0.034
3.187, -0.657, 0.146, 0.035
3.204, -0.657, 0.146, 0.035
3.220, -0.657, 0.146, 0.034
3.238, -0.657, 0.146, 0.035
3.254, -0.657, 0.146, 0.035
3.271, -0.657, 0.146, 0.034
3.287, -0.657, 0.146, 0.035
3.306, -0.657, 0.146, 0.035
0.111, 0.000, 0.000, 0.000
0.128, 0.000, 0.000, 0.000
0.145, 0.000, 0.000, 0.000
0.162, 0.000, 0.000, 0.000
0.178, 0.000, 0.000, 0.000
0.196, 0.000, 0.000, 0.000
0.212, 0.000, 0.000, 0.000
0.228, 0.000, 0.000, 0.000
0.245, 0.000, 0.000, 0.000
0.261, 0.000, 0.000, 0.000
0.278, 0.000, 0.000, 0.000
0.295, 0.000, 0.000, 0.000
0.311, 0.000, 0.000, 0.000
0.328, 0.000, 0.000, 0.000
0.345, 0.000, 0.000, 0.000
0.361, 0.000, 0.000, 0.000
0.378, 0.000, 0.000, 0.000
0.395, 0.000, 0.000, 0.000
0.412, -0.657, 0.146, 0.035
0.429, -0.657, 0.146, 0.034
0.445, -0.657, 0.146, 0.034
0.462, -0.657, 0.146, 0.034
0.478, -0.657, 0.146, 0.035
0.495, -0.657, 0.146, 0.034
0.512, -0.657, 0.146, 0.034
0.528, -0.657, 0.146, 0.035
0.545, -0.657, 0.146, 0.034
0.562, -0.657, 0.146, 0.035
0.578, -0.657, 0.146, 0.035
0.595, -0.657, 0.146, 0.034
0.612, -0.657, 0.146, 0.034
0.628, -0.657, 0.146, 0.035
0.645, -0.657, 0.146, 0.034
0.662, -0.657, 0.146, 0.034
0.678, -0.657, 0.146, 0.035
0.695, -0.657, 0.146, 0.034
0.712, -0.657, 0.146, 0.034
0.728, -0.657, 0.146, 0.035
0.745, -0.657, 0.146, 0.034
0.762, -0.657, 0.146, 0.034
0.778, -0.657, 0.146, 0.035
0.795, -0.657, 0.146, 0.034
0.811, -0.657, 0.146, 0.035
0.828, -0.657, 0.146, 0.035
0.845, -0.657, 0.146, 0.034
0.861, -0.657, 0.146, 0.034
0.878, -0.657, 0.146, 0.035
0.895, -0.657, 0.146, 0.034
0.911, -0.657, 0.146, 0.034
0.928, -0.657, 0.146, 0.035
0.945, -0.657, 0.146, 0.034
0.961, -0.657, 0.146, 0.034
0.978, -0.657, 0.146, 0.035
0.995, -0.657, 0.146, 0.035
1.011, -0.657, 0.146, 0.034
1.028, -0.657, 0.146, 0.035
1.045, -0.657, 0.146, 0.034
1.061, -0.657, 0.146, 0.034
1.079, -0.657, 0.146, 0.035
1.095, -0.657, 0.146, 0.034
1.112, -0.657, 0.146, 0.034
1.128, -0.657, 0.146, 0.035
1.145, -0.657, 0.146, 0.035
1.162, -0.657, 0.146, 0.034
1.178, -0.657, 0.146, 0.035
1.195, -0.657, 0.146, 0.034
1.212, -0.657, 0.146, 0.035
1.228, -0.657, 0.146, 0.034
1.245, -0.657, 0.146, 0.035
1.261, -0.657, 0.146, 0.035
1.278, -0.657, 0.146, 0.034
1.295, -0.657, 0.146, 0.035
1.312, -0.657, 0.146, 0.035
1.328, -0.657, 0.146, 0.034
1.345, -0.657, 0.146, 0.035
1.361, -0.657, 0.146, 0.035
1.378, -0.657, 0.146, 0.034
1.395, -0.657, 0.146, 0.035
1.411, -0.657, 0.146, 0.035
1.428, -0.657, 0.146, 0.034
1.445, -0.657, 0.146, 0.035
1.461, -0.657, 0.146, 0.035
1.478, -0.657, 0.146, 0.034
1.495, -0.657, 0.146, 0.035
1.512, -0.657, 0.146, 0.035
1.528, -0.657, 0.146, 0.034
1.545, -0.657, 0.146, 0.035
1.561, -0.657, 0.146, 0.035
1.578, -0.657, 0.146, 0.034
1.595, -0.657, 0.146, 0.034
1.612, -0.657, 0.146, 0.035
1.628, -0.657, 0.146, 0.035
1.645, -0.657, 0.146, 0.034
1.661, -0.657, 0.146, 0.035
1.678, -0.657, 0.146, 0.034
1.695, -0.657, 0.146, 0.034
1.711, -0.657, 0.146, 0.035
1.728, -0.657, 0.146, 0.034
1.745, -0.657, 0.146, 0.034
1.761, -0.657, 0.146, 0.035
1.778, -0.657, 0.146, 0.034
1.795, -0.657, 0.146, 0.034
1.811, -0.657, 0.146, 0.035
1.828, -0.657, 0.146, 0.034
1.845, -0.657, 0.146, 0.034
1.861, -0.657, 0.146, 0.035
1.878, -0.657, 0.146, 0.034
1.895, -0.657, 0.146, 0.034
1.911, -0.657, 0.146, 0.035
1.928, -0.657, 0.146, 0.035
1.945, -0.657, 0.146, 0.035
1.961, -0.657, 0.146, 0.034
1.978, -0.657, 0.146, 0.035
1.995, -0.657, 0.146, 0.034
2.011, -0.657, 0.146, 0.034
2.028, -0.657, 0.146, 0.035
2.045, -0.657, 0.146, 0.034
2.062, -0.657, 0.146, 0.034
2.078, -0.657, 0.146, 0.035
2.095, -0.657, 0.146, 0.034
2.111, -0.657, 0.146, 0.034
2.128, -0.657, 0.146, 0.035
2.145, -0.657, 0.146, 0.034
2.162, -0.657, 0.146, 0.034
2.178, -0.657, 0.146, 0.035
2.195, -0.657, 0.146, 0.034
2.211, -0.657, 0.146, 0.034
2.228, -0.657, 0.146, 0.035
2.245, -0.657, 0.146, 0.034
2.262, -0.657, 0.146, 0.034
2.278, -0.657, 0.146, 0.035
2.295, -0.657, 0.146, 0.034
2.312, -0.657, 0.146, 0.034
2.328, -0.657, 0.146, 0.035
2.345, -0.657, 0.146, 0.035
2.362, -0.657, 0.146, 0.034
2.378, -0.657, 0.146, 0.035
2.395, -0.657, 0.146, 0.035
2.412, -0.657, 0.146, 0.034
2.428, -0.657, 0.146, 0.035
2.445, -0.657, 0.146, 0.035
2.462, -0.657, 0.146, 0.034
2.478, -0.657, 0.146, 0.035
2.495, -0.657, 0.146, 0.035
2.512, -0.657, 0.146, 0.034
2.529, -0.657, 0.146, 0.035
2.545, -0.657, 0.146, 0.035
2.562, -0.657, 0.146, 0.034
2.578, -0.657, 0.146, 0.035
2.595, -0.657, 0.146, 0.035
2.612, -0.657, 0.146, 0.034
2.628, -0.657, 0.146, 0.035
2.645, -0.657, 0.146, 0.035
2.662, -0.657, 0.146, 0.034
2.678, -0.657, 0.146, 0.034
2.695, -0.657, 0.146, 0.035
2.712, -0.657, 0.146, 0.035
2.728, -0.657, 0.146, 0.034
2.745, -0.657, 0.146, 0.035
2.762, -0.657, 0.146, 0.035
2.778, -0.657, 0.146, 0.034
2.795, -0.657, 0.146, 0.035
2.811, -0.657, 0.146, 0.035
2.828, -0.657, 0.146, 0.034
2.845, -0.657, 0.146, 0.035
2.861, -0.657, 0.146, 0.035
2.878, -0.657, 0.146, 0.034
2.895, -0.657, 0.146, 0.035
2.912, -0.657, 0.146, 0.035
2.928, -0.657, 0.146, 0.034
2.945, -0.657, 0.146, 0.035
2.962, -0.657, 0.146, 0.035
2.978, -0.657, 0.146, 0.034
2.995, -0.657, 0.146, 0.035
3.012, -0.657, 0.146, 0.035
3.028, -0.657, 0.146, 0.034
3.045, -0.657, 0.146, 0.035
3.062, -0.657, 0.146, 0.035
3.078, -0.657, 0.146, 0.035
3.095, -0.657, 0.146, 0.034
3.112, -0.657, 0.146, 0.034
3.128, -0.657, 0.146, 0.035
3.145, -0.657, 0.146, 0.034
3.162, -0.657, 0.146, 0.035
3.178, -0.657, 0.146, 0.034
3.195, -0.657, 0.146, 0.034
3.212, -0.657, 0.146, 0.035
3.228, -0.657, 0.146, 0.034
3.245, -0.657, 0.146, 0.034
3.262, -0.657, 0.146, 0.035
3.278, -0.657, 0.146, 0.034
3.296, -0.657, 0.146, 0.034
3.312, -0.657, 0.146, 0.035
3.328, -0.657, 0.146, 0.034
3.345, -0.657, 0.146, 0.034
3.362, -0.657, 0.146, 0.034
3.378, -0.657, 0.146, 0.035
3.395, -0.657, 0.146, 0.034
3.412, -0.657, 0.146, 0.035
3.428, -0.657, 0.146, 0.035
3.445, -0.657, 0.146, 0.034
3.462, -0.657, 0.146, 0.035
3.479, -0.657, 0.146, 0.035
3.495, -0.657, 0.146, 0.034
3.512, -0.657, 0.146, 0.034
3.529, -0.657, 0.146, 0.035
3.545, -0.657, 0.146, 0.034
3.562, -0.657, 0.146, 0.034
3.578, -0.657, 0.146, 0.035
3.595, -0.657, 0.146, 0.034
3.612, -0.657, 0.146, 0.034
3.628, -0.657, 0.146, 0.035
3.645, -0.657, 0.146, 0.034
3.662, -0.657, 0.146, 0.034
3.678, -0.657, 0.146, 0.035
3.695, -0.657, 0.146, 0.034
3.712, -0.657, 0.146, 0.034
3.728, -0.657, 0.146, 0.035
3.745, -0.657, 0.146, 0.034
3.762, -0.657, 0.146, 0.034
3.778, -0.657, 0.146, 0.035
3.795, -0.657, 0.146, 0.034
3.812, -0.657, 0.146, 0.034
3.828, -0.657, 0.146, 0.035
3.845, -0.657, 0.146, 0.034
3.862, -0.657, 0.146, 0.034
3.878, -0.657, 0.146, 0.034
3.895, -0.657, 0.146, 0.035
3.912, -0.657, 0.146, 0.035
3.928, -0.657, 0.146, 0.035
3.945, -0.657, 0.146, 0.035
3.961, -0.657, 0.146, 0.035
3.978, -0.657, 0.146, 0.035
3.995, -0.657, 0.146, 0.035
4.012, -0.657, 0.146, 0.035
4.028, -0.657, 0.146, 0.035
4.045, -0.657, 0.146, 0.035
4.062, -0.657, 0.146, 0.035
4.078, -0.657, 0.146, 0.035
4.095, -0.657, 0.146, 0.035
4.112, -0.657, 0.146, 0.034
4.128, -0.657, 0.146, 0.035
4.145, -0.657, 0.146, 0.035
4.162, -0.657, 0.146, 0.035
4.178, -0.657, 0.146, 0.034
4.195, -0.657, 0.146, 0.035
4.212, -0.657, 0.146, 0.035
4.228, -0.657, 0.146, 0.034
4.245, -0.657, 0.146, 0.034
4.262, -0.657, 0.146, 0.035
4.278, -0.657, 0.146, 0.034
4.295, -0.657, 0.146, 0.035
4.312, -0.657, 0.146, 0.035
4.328, -0.657, 0.146, 0.034
4.345, -0.657, 0.146, 0.035
4.362, -0.657, 0.146, 0.035
4.378, -0.657, 0.146, 0.034
4.395, -0.657, 0.146, 0.035
4.411, -0.657, 0.146, 0.035
4.428, -0.657, 0.146, 0.034
4.445, -0.657, 0.146, 0.035
4.462, -0.657, 0.146, 0.035
4.479, -0.657, 0.146, 0.034
4.495, -0.657, 0.146, 0.034
4.512, -0.657, 0.146, 0.035
4.528, -0.657, 0.146, 0.034
4.545, -0.657, 0.146, 0.034
4.562, -0.657, 0.146, 0.034
4.579, -0.657, 0.146, 0.035
4.595, -0.657, 0.146, 0.034
4.612, -0.657, 0.146, 0.034
4.628, -0.657, 0.146, 0.035
4.645, -0.657, 0.146, 0.034
4.662, -0.657, 0.146, 0.034
4.678, -0.657, 0.146, 0.035
4.695, -0.657, 0.146, 0.034
4.712, -0.657, 0.146, 0.034
4.728, -0.657, 0.146, 0.035
4.745, -0.657, 0.146, 0.034
4.762, -0.657, 0.146, 0.034
4.778, -0.657, 0.146, 0.035
4.795, -0.657, 0.146, 0.034
4.811, -0.657, 0.146, 0.034
4.828, -0.657, 0.146, 0.034
4.845, -0.657, 0.146, 0.035
4.861, -0.657, 0.146, 0.034
4.878, -0.657, 0.146, 0.035
4.895, -0.657, 0.146, 0.034
4.912, -0.657, 0.146, 0.035
4.928, -0.657, 0.146, 0.035
4.945, -0.657, 0.146, 0.034
4.962, -0.657, 0.146, 0.034
4.978, -0.657, 0.146, 0.035
4.995, -0.657, 0.146, 0.034
5.011, -0.657, 0.146, 0.034
5.028, -0.657, 0.146, 0.035
5.045, -0.657, 0.146, 0.035
5.062, -0.657, 0.146, 0.034
5.078, -0.657, 0.146, 0.035
5.095, -0.657, 0.146, 0.034
5.112, -0.657, 0.146, 0.034
5.128, -0.657, 0.146, 0.035
5.145, -0.657, 0.146, 0.035
5.162, -0.657, 0.146, 0.034
5.178, -0.657, 0.146, 0.035
5.195, -0.657, 0.146, 0.034
5.212, -0.657, 0.146, 0.034
5.228, -0.657, 0.146, 0.035
5.245, -0.657, 0.146, 0.034
5.262, -0.657, 0.146, 0.034
5.278, -0.657, 0.146, 0.035
5.295, -0.657, 0.146, 0.035
5.311, -0.657, 0.146, 0.034
5.328, -0.657, 0.146, 0.034
5.345, -0.657, 0.146, 0.035
5.362, -0.657, 0.146, 0.035
5.378, -0.657, 0.146, 0.034
5.395, -0.657, 0.146, 0.035
5.411, -0.657, 0.146, 0.035
5.428, -0.657, 0.146, 0.034
5.445, -0.657, 0.146, 0.035
5.461, -0.657, 0.146, 0.035
5.478, -0.657, 0.146, 0.034
5.495, -0.657, 0.146, 0.035
5.512, -0.657, 0.146, 0.035
5.528, -0.657, 0.146, 0.034
5.545, -0.657, 0.146, 0.035
5.562, -0.657, 0.146, 0.035
5.578, -0.657, 0.146, 0.034
5.595, -0.657, 0.146, 0.035
5.612, -0.657, 0.146, 0.035
5.628, -0.657, 0.146, 0.034
5.645, -0.657, 0.146, 0.035
5.662, -0.657, 0.146, 0.035
5.678, -0.657, 0.146, 0.034
5.695, -0.657, 0.146, 0.035
5.711, -0.657, 0.146, 0.035
5.729, -0.657, 0.146, 0.034
5.745, -0.657, 0.146, 0.035
5.762, -0.657, 0.146, 0.035
5.778, -0.657, 0.146, 0.034
5.795, -0.657, 0.146, 0.035
5.811, -0.657, 0.146, 0.035
5.828, -0.657, 0.146, 0.034
5.845, -0.657, 0.146, 0.035
5.862, -0.657, 0.146, 0.035
5.878, -0.657, 0.146, 0.034
5.895, -0.657, 0.146, 0.034
5.912, -0.657, 0.146, 0.035
5.928, -0.657, 0.146, 0.034
5.945, -0.657, 0.146, 0.035
5.962, -0.657, 0.146, 0.035
5.978, -0.657, 0.146, 0.034
5.995, -0.657, 0.146, 0.035
6.012, -0.657, 0.146, 0.034
6.029, -0.657, 0.146, 0.035
6.045, -0.657, 0.146, 0.034
6.062, -0.657, 0.146, 0.034
6.078, -0.657, 0.146, 0.035
6.095, -0.657, 0.146, 0.034
6.111, -0.657, 0.146, 0.034
6.128, -0.657, 0.146, 0.035
6.145, -0.657, 0.146, 0.034
6.162, -0.657, 0.146, 0.034
6.178, -0.657, 0.146, 0.035
6.195, -0.657, 0.146, 0.034
6.211, -0.657, 0.146, 0.034
6.228, -0.657, 0.146, 0.035
6.245, -0.657, 0.146, 0.034
6.262, -0.657, 0.146, 0.034
6.278, -0.657, 0.146, 0.035
6.295, -0.657, 0.146, 0.034
6.312, -0.657, 0.146, 0.034
6.328, -0.657, 0.146, 0.035
6.345, -0.657, 0.146, 0.034
6.362, -0.657, 0.146, 0.035
6.379, -0.657, 0.146, 0.034
6.397, -0.657, 0.146, 0.034
6.412, -0.657, 0.146, 0.035
6.428, -0.657, 0.146, 0.034
6.445, -0.657, 0.146, 0.034
6.462, -0.657, 0.146, 0.034
6.478, -0.657, 0.146, 0.035
6.495, -0.657, 0.146, 0.035
6.512, -0.657, 0.146, 0.034
6.529, -0.657, 0.146, 0.035
6.545, -0.657, 0.146, 0.035
6.562, -0.657, 0.146, 0.034
6.578, -0.657, 0.146, 0.035
6.595, -0.657, 0.146, 0.035
6.612, -0.657, 0.146, 0.034
6.628, -0.657, 0.146, 0.035
6.645, -0.657, 0.146, 0.034
6.662, -0.657, 0.146, 0.034
6.678, -0.657, 0.146, 0.035
6.695, -0.657, 0.146, 0.035
6.711, -0.657, 0.146, 0.034
6.729, -0.657, 0.146, 0.035
6.745, -0.657, 0.146, 0.035
6.762, -0.657, 0.146, 0.034
6.778, -0.657, 0.146, 0.035
6.795, -0.657, 0.146, 0.035
6.811, -0.657, 0.146, 0.035
6.828, -0.657, 0.146, 0.034
6.845, -0.657, 0.146, 0.035
6.862, -0.657, 0.146, 0.035
6.878, -0.657, 0.146, 0.034
6.895, -0.657, 0.146, 0.035
6.912, -0.657, 0.146, 0.035
6.928, -0.657, 0.146, 0.034
6.945, -0.657, 0.146, 0.035
6.962, -0.657, 0.146, 0.035
6.978, -0.657, 0.146, 0.034
6.995, -0.657, 0.146, 0.035
7.012, -0.657, 0.146, 0.035
7.028, -0.657, 0.146, 0.034
7.045, -0.657, 0.146, 0.035
7.062, -0.657, 0.146, 0.035
7.078, -0.657, 0.146, 0.034
7.095, -0.657, 0.146, 0.035
7.112, -0.657, 0.146, 0.035
7.128, -0.657, 0.146, 0.034
7.145, -0.657, 0.146, 0.034
7.162, -0.657, 0.146, 0.034
7.178, -0.657, 0.146, 0.035
7.195, -0.657, 0.146, 0.034
7.212, -0.657, 0.146, 0.034
7.228, -0.657, 0.146, 0.035
7.245, -0.657, 0.146, 0.034
7.262, -0.657, 0.146, 0.035
7.278, -0.657, 0.146, 0.034
7.295, -0.657, 0.146, 0.034
7.312, -0.657, 0.146, 0.035
7.328, -0.657, 0.146, 0.034
7.345, -0.657, 0.146, 0.034
7.362, -0.657, 0.146, 0.035
7.378, -0.657, 0.146, 0.035
7.395, -0.657, 0.146, 0.034
7.412, -0.657, 0.146, 0.035
7.428, -0.657, 0.146, 0.035
7.445, -0.657, 0.146, 0.034
7.462, -0.657, 0.146, 0.035
7.478, -0.657, 0.146, 0.034
7.495, -0.657, 0.146, 0.035
7.511, -0.657, 0.146, 0.035
7.528, -0.657, 0.146, 0.034
7.545, -0.657, 0.146, 0.035
7.562, -0.657, 0.146, 0.034
7.578, -0.657, 0.146, 0.034
7.595, -0.657, 0.146, 0.034
7.612, -0.657, 0.146, 0.034
7.628, -0.657, 0.146, 0.035
7.645, -0.657, 0.146, 0.034
7.662, -0.657, 0.146, 0.034
7.678, -0.657, 0.146, 0.035
7.695, -0.657, 0.146, 0.034
7.712, -0.657, 0.146, 0.034
7.728, -0.657, 0.146, 0.035
7.745, -0.657, 0.146, 0.034
7.762, -0.657, 0.146, 0.034
7.778, -0.657, 0.146, 0.035
7.795, -0.657, 0.146, 0.034
7.812, -0.657, 0.146, 0.034
7.828, -0.657, 0.146, 0.035
7.845, -0.657, 0.146, 0.034
7.862, -0.657, 0.146, 0.034
7.878, -0.657, 0.146, 0.035
7.895, -0.657, 0.146, 0.034
7.911, -0.657, 0.146, 0.034
7.928, -0.657, 0.146, 0.035
7.945, -0.657, 0.146, 0.035
7.962, -0.657, 0.146, 0.035
7.978, -0.657, 0.146, 0.035
7.995, -0.657, 0.146, 0.035
8.011, -0.657, 0.146, 0.035
8.028, -0.657, 0.146, 0.034
8.045, -0.657, 0.146, 0.035
8.062, -0.657, 0.146, 0.034
8.078, -0.657, 0.146, 0.035
8.095, -0.657, 0.146, 0.035
8.111, -0.657, 0.146, 0.035
8.128, -0.657, 0.146, 0.035
8.145, -0.657, 0.146, 0.035
8.161, -0.657, 0.146, 0.034
8.178, -0.657, 0.146, 0.035
8.195, -0.657, 0.146, 0.035
8.212, -0.657, 0.146, 0.034
8.228, -0.657, 0.146, 0.035
8.245, -0.657, 0.146, 0.035
8.262, -0.657, 0.146, 0.035
8.278, -0.657, 0.146, 0.034
8.295, -0.657, 0.146, 0.035
8.312, -0.657, 0.146, 0.035
8.328, -0.657, 0.146, 0.034
8.345, -0.657, 0.146, 0.035
8.362, -0.657, 0.146, 0.035
8.378, -0.657, 0.146, 0.034
8.395, -0.657, 0.146, 0.035
8.411, -0.657, 0.146, 0.035
8.428, -0.657, 0.146, 0.034
8.445, -0.657, 0.146, 0.035
8.462, -0.657, 0.146, 0.035
8.478, -0.657, 0.146, 0.034
8.495, -0.657, 0.146, 0.035
8.511, -0.657, 0.146, 0.035
8.528, -0.657, 0.146, 0.034
8.545, -0.657, 0.146, 0.035
8.562, -0.657, 0.146, 0.035
8.578, -0.657, 0.146, 0.034
8.595, -0.657, 0.146, 0.035
8.612, -0.657, 0.146, 0.035
8.628, -0.657, 0.146, 0.035
8.645, -0.657, 0.146, 0.035
8.662, -0.657, 0.146, 0.035
8.678, -0.657, 0.146, 0.035
8.695, -0.657, 0.146, 0.035
8.711, -0.657, 0.146, 0.035
8.728, -0.658, 0.146, 0.035
8.745, -0.658, 0.146, 0.035
8.762, -0.658, 0.146, 0.035
8.778, -0.658, 0.146, 0.035
8.795, -0.658, 0.146, 0.035
8.811, -0.658, 0.146, 0.035
8.828, -0.658, 0.146, 0.035
8.845, -0.658, 0.146, 0.035
8.862, -0.658, 0.146, 0.035
8.878, -0.658, 0.146, 0.035
8.895, -0.658, 0.146, 0.035
8.912, -0.658, 0.146, 0.035
8.928, -0.658, 0.146, 0.035
8.945, -0.658, 0.146, 0.035
8.962, -0.658, 0.146, 0.035
8.978, -0.658, 0.146, 0.035
8.995, -0.658, 0.146, 0.035
9.012, -0.658, 0.146, 0.035
9.028, -0.658, 0.146, 0.035
9.045, -0.658, 0.146, 0.035
9.062, -0.658, 0.146, 0.035
9.078, -0.658, 0.146, 0.035
9.095, -0.658, 0.146, 0.035
9.112, -0.658, 0.146, 0.035
9.128, -0.658, 0.146, 0.035
9.145, -0.658, 0.146, 0.035
9.162, -0.658, 0.146, 0.035
9.178, -0.658, 0.146, 0.035
9.195, -0.658, 0.146, 0.035
9.212, -0.658, 0.146, 0.035
9.229, -0.658, 0.146, 0.035
9.245, -0.658, 0.146, 0.035
9.262, -0.658, 0.146, 0.035
9.278, -0.658, 0.146, 0.035
9.295, -0.658, 0.145, 0.035
9.312, -0.658, 0.146, 0.035
9.328, -0.658, 0.146, 0.035
9.345, -0.658, 0.146, 0.035
9.362, -0.658, 0.146, 0.034
9.378, -0.658, 0.146, 0.035
9.395, -0.658, 0.146, 0.035
9.411, -0.658, 0.146, 0.035
9.428, -0.658, 0.146, 0.035
9.445, -0.658, 0.146, 0.035
9.462, -0.658, 0.146, 0.035
9.478, -0.658, 0.146, 0.035
9.495, -0.658, 0.146, 0.035
9.511, -0.658, 0.146, 0.035
9.528, -0.658, 0.146, 0.035
9.545, -0.658, 0.146, 0.035
9.562, -0.658, 0.146, 0.035
9.578, -0.658, 0.146, 0.035
9.595, -0.658, 0.146, 0.035
9.611, -0.658, 0.146, 0.035
9.628, -0.658, 0.146, 0.035
9.645, -0.658, 0.146, 0.035
9.662, -0.658, 0.146, 0.035
9.678, -0.658, 0.146, 0.035
9.695, -0.658, 0.146, 0.035
9.712, -0.658, 0.146, 0.035
9.728, -0.659, 0.146, 0.035
9.745, -0.659, 0.146, 0.035
9.762, -0.659, 0.146, 0.035
9.778, -0.659, 0.146, 0.035
9.795, -0.659, 0.146, 0.035
9.812, -0.659, 0.146, 0.035
9.828, -0.659, 0.146, 0.035
9.845, -0.660, 0.146, 0.035
9.862, -0.660, 0.146, 0.035
9.878, -0.660, 0.147, 0.036
9.895, -0.661, 0.147, 0.036
9.911, -0.661, 0.147, 0.036
9.928, -0.661, 0.147, 0.036
9.945, -0.662, 0.147, 0.036
9.962, -0.662, 0.147, 0.037
9.978, -0.663, 0.148, 0.037
9.995, -0.664, 0.148, 0.037
10.012, -0.664, 0.148, 0.037
10.028, -0.665, 0.149, 0.038
10.045, -0.666, 0.149, 0.038
10.062, -0.667, 0.149, 0.038
10.078, -0.669, 0.150, 0.039
10.095, -0.670, 0.151, 0.039
10.112, -0.671, 0.151, 0.040
10.128, -0.673, 0.151, 0.040
10.145, -0.675, 0.152, 0.040
10.162, -0.676, 0.152, 0.041
10.178, -0.680, 0.153, 0.041
10.195, -0.682, 0.154, 0.042
10.211, -0.684, 0.155, 0.042
10.228, -0.688, 0.156, 0.043
10.245, -0.691, 0.157, 0.043
10.262, -0.692, 0.157, 0.044
10.278, -0.697, 0.159, 0.045
10.295, -0.701, 0.160, 0.046
10.311, -0.703, 0.160, 0.047
10.328, -0.709, 0.162, 0.049
10.345, -0.713, 0.163, 0.050
10.362, -0.715, 0.164, 0.051
10.378, -0.722, 0.166, 0.054
10.395, -0.727, 0.167, 0.056
10.411, -0.729, 0.168, 0.057
10.428, -0.737, 0.170, 0.060
10.445, -0.742, 0.171, 0.063
10.462, -0.745, 0.172, 0.064
10.478, -0.753, 0.175, 0.067
10.495, -0.759, 0.176, 0.070
10.511, -0.762, 0.177, 0.071
10.528, -0.771, 0.180, 0.076
10.545, -0.777, 0.182, 0.079
10.562, -0.780, 0.182, 0.080
10.578, -0.790, 0.186, 0.086
10.595, -0.797, 0.187, 0.089
10.611, -0.800, 0.189, 0.091
10.629, -0.811, 0.192, 0.098
10.645, -0.818, 0.193, 0.102
10.662, -0.821, 0.195, 0.104
10.678, -0.832, 0.198, 0.111
10.695, -0.839, 0.200, 0.115
10.712, -0.842, 0.201, 0.118
10.728, -0.853, 0.205, 0.125
10.745, -0.859, 0.206, 0.130
10.761, -0.863, 0.207, 0.132
10.778, -0.872, 0.210, 0.140
10.795, -0.878, 0.212, 0.144
10.812, -0.882, 0.212, 0.147
10.828, -0.890, 0.215, 0.154
10.845, -0.895, 0.215, 0.159
10.862, -0.897, 0.216, 0.162
10.878, -0.904, 0.217, 0.169
10.895, -0.908, 0.217, 0.174
10.911, -0.910, 0.217, 0.177
10.928, -0.915, 0.217, 0.184
10.945, -0.918, 0.217, 0.189
10.961, -0.919, 0.216, 0.192
10.978, -0.922, 0.215, 0.199
10.995, -0.923, 0.214, 0.204
11.012, -0.924, 0.213, 0.206
11.028, -0.925, 0.211, 0.214
11.045, -0.924, 0.208, 0.219
11.062, -0.924, 0.207, 0.221
11.078, -0.923, 0.203, 0.228
11.095, -0.921, 0.201, 0.234
11.112, -0.921, 0.199, 0.236
11.128, -0.917, 0.194, 0.243
11.145, -0.915, 0.190, 0.248
11.162, -0.913, 0.187, 0.250
11.178, -0.908, 0.181, 0.258
11.195, -0.904, 0.176, 0.262
11.212, -0.902, 0.174, 0.265
11.228, -0.895, 0.166, 0.272
11.245, -0.890, 0.161, 0.276
11.261, -0.888, 0.158, 0.279
11.279, -0.880, 0.150, 0.286
11.295, -0.874, 0.144, 0.291
11.311, -0.871, 0.141, 0.293
11.328, -0.862, 0.132, 0.299
11.345, -0.855, 0.125, 0.304
11.362, -0.852, 0.122, 0.306
11.378, -0.843, 0.112, 0.312
11.395, -0.836, 0.106, 0.317
11.411, -0.833, 0.102, 0.319
11.428, -0.823, 0.093, 0.325
11.445, -0.816, 0.086, 0.329
11.462, -0.813, 0.082, 0.331
11.478, -0.802, 0.073, 0.336
11.495, -0.796, 0.066, 0.340
11.512, -0.792, 0.063, 0.342
11.528, -0.782, 0.053, 0.347
11.545, -0.776, 0.047, 0.350
11.562, -0.772, 0.044, 0.352
11.578, -0.763, 0.034, 0.357
11.595, -0.757, 0.028, 0.360
11.612, -0.754, 0.025, 0.361
11.628, -0.745, 0.016, 0.366
11.645, -0.739, 0.010, 0.369
11.662, -0.736, 0.008, 0.370
11.679, -0.728, -0.001, 0.374
11.695, -0.723, -0.006, 0.377
11.712, -0.720, -0.009, 0.378
11.729, -0.713, -0.016, 0.382
11.745, -0.708, -0.021, 0.385
11.762, -0.706, -0.023, 0.386
11.778, -0.700, -0.030, 0.390
11.795, -0.696, -0.035, 0.393
11.812, -0.694, -0.037, 0.394
11.828, -0.689, -0.042, 0.398
11.845, -0.686, -0.046, 0.400
11.862, -0.685, -0.048, 0.401
11.878, -0.681, -0.053, 0.405
11.895, -0.678, -0.056, 0.407
11.911, -0.677, -0.058, 0.408
11.928, -0.674, -0.062, 0.412
11.945, -0.672, -0.065, 0.414
11.962, -0.671, -0.066, 0.415
11.978, -0.669, -0.070, 0.418
11.995, -0.668, -0.072, 0.421
12.012, -0.668, -0.073, 0.421
12.028, -0.667, -0.076, 0.425
12.045, -0.666, -0.078, 0.427
12.062, -0.666, -0.079, 0.428
12.078, -0.666, -0.081, 0.431
12.095, -0.666, -0.082, 0.433
12.112, -0.666, -0.083, 0.434
12.128, -0.666, -0.085, 0.436
12.145, -0.667, -0.086, 0.438
12.162, -0.667, -0.086, 0.439
12.178, -0.668, -0.087, 0.441
12.195, -0.668, -0.088, 0.442
12.212, -0.669, -0.089, 0.443
12.228, -0.670, -0.090, 0.445
12.245, -0.671, -0.090, 0.447
12.262, -0.672, -0.091, 0.447
12.278, -0.673, -0.091, 0.449
12.295, -0.674, -0.091, 0.450
12.312, -0.675, -0.092, 0.451
12.329, -0.676, -0.092, 0.452
12.345, -0.678, -0.092, 0.453
12.361, -0.678, -0.092, 0.454
12.378, -0.680, -0.093, 0.455
12.395, -0.681, -0.093, 0.456
12.411, -0.682, -0.093, 0.457
12.428, -0.683, -0.093, 0.457
12.445, -0.684, -0.093, 0.458
12.462, -0.685, -0.093, 0.458
12.478, -0.686, -0.094, 0.459
12.495, -0.687, -0.093, 0.460
12.511, -0.688, -0.093, 0.460
12.528, -0.689, -0.094, 0.461
12.545, -0.690, -0.094, 0.462
12.561, -0.690, -0.094, 0.462
12.578, -0.691, -0.094, 0.462
12.595, -0.692, -0.094, 0.463
12.611, -0.692, -0.094, 0.464
12.628, -0.693, -0.094, 0.464
12.645, -0.693, -0.095, 0.464
12.662, -0.693, -0.094, 0.465
12.678, -0.694, -0.095, 0.465
12.695, -0.694, -0.095, 0.465
12.711, -0.695, -0.095, 0.466
12.728, -0.695, -0.095, 0.466
12.745, -0.695, -0.096, 0.466
12.762, -0.695, -0.096, 0.466
12.778, -0.695, -0.096, 0.467
12.795, -0.696, -0.096, 0.467
12.812, -0.696, -0.096, 0.467
12.828, -0.696, -0.097, 0.468
12.845, -0.696, -0.097, 0.468
12.862, -0.696, -0.097, 0.468
12.878, -0.696, -0.098, 0.469
12.895, -0.695, -0.098, 0.469
12.912, -0.695, -0.098, 0.469
12.928, -0.695, -0.099, 0.470
12.945, -0.695, -0.099, 0.470
12.962, -0.695, -0.099, 0.470
12.978, -0.695, -0.100, 0.471
12.995, -0.694, -0.100, 0.471
13.012, -0.694, -0.100, 0.472
13.028, -0.694, -0.101, 0.472
13.045, -0.694, -0.101, 0.472
13.062, -0.694, -0.102, 0.473
13.078, -0.693, -0.102, 0.473
13.095, -0.693, -0.102, 0.473
13.111, -0.693, -0.103, 0.473
13.128, -0.693, -0.103, 0.474
13.145, -0.692, -0.104, 0.474
13.162, -0.692, -0.104, 0.474
13.179, -0.692, -0.104, 0.475
13.195, -0.692, -0.104, 0.475
13.211, -0.692, -0.105, 0.475
13.228, -0.692, -0.105, 0.475
13.245, -0.692, -0.105, 0.475
13.262, -0.691, -0.105, 0.476
13.278, -0.691, -0.106, 0.476
13.295, -0.691, -0.106, 0.476
13.312, -0.691, -0.106, 0.476
13.328, -0.691, -0.106, 0.476
13.345, -0.691, -0.107, 0.476
13.362, -0.691, -0.107, 0.476
13.378, -0.691, -0.107, 0.477
13.395, -0.691, -0.107, 0.477
13.411, -0.691, -0.107, 0.477
13.428, -0.691, -0.107, 0.477
13.445, -0.691, -0.107, 0.477
13.462, -0.691, -0.107, 0.477
13.478, -0.692, -0.107, 0.477
13.495, -0.692, -0.108, 0.477
13.511, -0.692, -0.108, 0.477
13.528, -0.692, -0.108, 0.477
13.545, -0.692, -0.108, 0.478
13.562, -0.692, -0.108, 0.477
13.578, -0.692, -0.108, 0.478
13.595, -0.692, -0.108, 0.478
13.612, -0.692, -0.108, 0.477
13.628, -0.692, -0.108, 0.477
13.645, -0.692, -0.107, 0.477
13.662, -0.692, -0.107, 0.477
13.678, -0.692, -0.107, 0.477
13.695, -0.692, -0.107, 0.477
13.712, -0.692, -0.107, 0.477
13.728, -0.692, -0.107, 0.477
13.745, -0.692, -0.107, 0.477
13.762, -0.692, -0.107, 0.477
13.778, -0.692, -0.107, 0.476
13.795, -0.692, -0.107, 0.477
13.811, -0.692, -0.107, 0.476
13.828, -0.692, -0.107, 0.476
13.845, -0.691, -0.107, 0.476
13.861, -0.691, -0.107, 0.476
13.878, -0.691, -0.107, 0.476
13.895, -0.691, -0.107, 0.476
13.911, -0.691, -0.107, 0.476
13.928, -0.690, -0.106, 0.475
13.945, -0.690, -0.106, 0.475
13.962, -0.690, -0.106, 0.475
13.978, -0.690, -0.106, 0.475
13.995, -0.689, -0.106, 0.475
14.012, -0.689, -0.106, 0.475
14.029, -0.689, -0.106, 0.475
14.045, -0.689, -0.106, 0.475
14.062, -0.689, -0.105, 0.475
14.078, -0.688, -0.105, 0.475
14.095, -0.688, -0.105, 0.475
14.112, -0.688, -0.105, 0.475
14.128, -0.688, -0.105, 0.475
14.145, -0.687, -0.104, 0.474
14.162, -0.687, -0.104, 0.474
14.178, -0.687, -0.104, 0.474
14.195, -0.687, -0.104, 0.473
14.212, -0.686, -0.104, 0.473
14.228, -0.686, -0.103, 0.472
14.245, -0.686, -0.103, 0.472
14.262, -0.686, -0.103, 0.472
14.278, -0.685, -0.103, 0.471
14.295, -0.685, -0.102, 0.470
14.312, -0.685, -0.102, 0.470
14.328, -0.685, -0.102, 0.469
14.345, -0.685, -0.101, 0.469
14.362, -0.684, -0.101, 0.469
14.378, -0.684, -0.101, 0.468
14.395, -0.684, -0.101, 0.467
14.411, -0.684, -0.100, 0.467
14.428, -0.684, -0.100, 0.467
14.445, -0.684, -0.100, 0.466
14.462, -0.684, -0.100, 0.466
14.478, -0.683, -0.099, 0.465
14.495, -0.683, -0.099, 0.464
14.512, -0.683, -0.099, 0.464
14.528, -0.683, -0.099, 0.463
14.545, -0.683, -0.099, 0.463
14.562, -0.683, -0.098, 0.463
14.578, -0.683, -0.098, 0.462
14.595, -0.683, -0.098, 0.461
14.612, -0.683, -0.098, 0.461
14.628, -0.683, -0.098, 0.460
14.645, -0.684, -0.098, 0.460
14.661, -0.684, -0.098, 0.459
14.678, -0.684, -0.098, 0.458
14.695, -0.684, -0.098, 0.458
14.712, -0.684, -0.098, 0.457
14.728, -0.684, -0.098, 0.457
14.745, -0.684, -0.098, 0.456
14.762, -0.685, -0.098, 0.456
14.778, -0.685, -0.098, 0.455
14.795, -0.685, -0.098, 0.454
14.812, -0.685, -0.098, 0.454
14.829, -0.686, -0.098, 0.453
14.845, -0.686, -0.098, 0.453
14.862, -0.686, -0.099, 0.453
14.878, -0.686, -0.098, 0.452
14.895, -0.687, -0.099, 0.451
14.912, -0.687, -0.099, 0.451
14.928, -0.687, -0.099, 0.451
14.945, -0.687, -0.099, 0.450
14.962, -0.688, -0.099, 0.450
14.978, -0.688, -0.100, 0.449
14.995, -0.688, -0.100, 0.448
15.012, -0.688, -0.100, 0.448
15.028, -0.689, -0.100, 0.447
15.045, -0.689, -0.101, 0.447
15.062, -0.689, -0.101, 0.446
15.078, -0.689, -0.101, 0.445
15.095, -0.690, -0.101, 0.444
15.111, -0.690, -0.101, 0.444
15.128, -0.690, -0.102, 0.443
15.145, -0.690, -0.102, 0.442
15.162, -0.690, -0.102, 0.442
15.178, -0.691, -0.103, 0.441
15.195, -0.691, -0.103, 0.440
15.212, -0.691, -0.103, 0.439
15.228, -0.691, -0.103, 0.438
15.245, -0.691, -0.104, 0.438
15.261, -0.691, -0.104, 0.437
15.278, -0.692, -0.104, 0.436
15.295, -0.692, -0.104, 0.435
15.312, -0.692, -0.105, 0.435
15.328, -0.692, -0.105, 0.434
15.345, -0.692, -0.105, 0.433
15.361, -0.692, -0.106, 0.433
15.378, -0.693, -0.106, 0.432
15.395, -0.693, -0.106, 0.431
15.411, -0.693, -0.106, 0.431
15.428, -0.693, -0.107, 0.430
15.445, -0.693, -0.107, 0.429
15.462, -0.693, -0.107, 0.429
15.479, -0.693, -0.108, 0.428
15.495, -0.694, -0.108, 0.427
15.512, -0.694, -0.108, 0.427
15.528, -0.694, -0.108, 0.426
15.545, -0.694, -0.108, 0.426
15.561, -0.694, -0.108, 0.426
15.578, -0.694, -0.109, 0.425
15.595, -0.694, -0.109, 0.424
15.611, -0.694, -0.109, 0.424
15.628, -0.694, -0.109, 0.423
15.645, -0.694, -0.109, 0.423
15.661, -0.694, -0.109, 0.423
15.678, -0.695, -0.109, 0.422
15.695, -0.694, -0.109, 0.421
15.712, -0.694, -0.110, 0.421
15.728, -0.694, -0.110, 0.419
15.745, -0.694, -0.110, 0.419
15.762, -0.694, -0.110, 0.418
15.778, -0.694, -0.110, 0.417
15.795, -0.694, -0.110, 0.417
15.811, -0.694, -0.110, 0.416
15.829, -0.694, -0.110, 0.415
15.845, -0.694, -0.110, 0.414
15.862, -0.694, -0.110, 0.414
15.878, -0.694, -0.110, 0.412
15.895, -0.693, -0.110, 0.411
15.912, -0.693, -0.109, 0.411
15.928, -0.693, -0.109, 0.410
15.945, -0.693, -0.110, 0.409
15.962, -0.693, -0.110, 0.408
15.978, -0.693, -0.109, 0.407
15.995, -0.693, -0.109, 0.406
16.011, -0.693, -0.109, 0.406
16.028, -0.693, -0.109, 0.405
16.045, -0.692, -0.109, 0.404
16.062, -0.692, -0.109, 0.404
16.078, -0.692, -0.109, 0.403
16.095, -0.692, -0.109, 0.402
16.111, -0.692, -0.109, 0.402
16.128, -0.692, -0.109, 0.401
16.145, -0.692, -0.108, 0.401
16.162, -0.692, -0.108, 0.400
16.178, -0.692, -0.108, 0.400
16.195, -0.692, -0.108, 0.399
16.211, -0.692, -0.108, 0.399
16.228, -0.692, -0.107, 0.398
16.245, -0.691, -0.107, 0.398
16.262, -0.691, -0.107, 0.398
16.278, -0.691, -0.106, 0.397
16.295, -0.691, -0.106, 0.397
16.311, -0.691, -0.106, 0.397
16.328, -0.691, -0.105, 0.397
16.345, -0.691, -0.105, 0.397
16.362, -0.691, -0.104, 0.397
16.378, -0.691, -0.103, 0.398
16.395, -0.691, -0.102, 0.398
16.412, -0.691, -0.102, 0.398
16.429, -0.691, -0.101, 0.398
16.445, -0.691, -0.100, 0.398
16.462, -0.692, -0.100, 0.399
16.478, -0.692, -0.098, 0.399
16.495, -0.692, -0.097, 0.400
16.511, -0.692, -0.097, 0.400
16.528, -0.692, -0.095, 0.400
16.545, -0.692, -0.094, 0.401
16.562, -0.692, -0.094, 0.401
16.578, -0.693, -0.093, 0.401
16.595, -0.693, -0.092, 0.402
16.611, -0.693, -0.091, 0.402
16.628, -0.693, -0.090, 0.402
16.645, -0.693, -0.089, 0.403
16.661, -0.693, -0.088, 0.403
16.678, -0.694, -0.087, 0.403
16.695, -0.694, -0.086, 0.403
16.711, -0.694, -0.085, 0.404
16.728, -0.694, -0.084, 0.403
16.745, -0.694, -0.083, 0.404
16.762, -0.694, -0.083, 0.404
16.778, -0.695, -0.082, 0.404
16.795, -0.695, -0.081, 0.404
16.811, -0.695, -0.081, 0.404
16.828, -0.695, -0.080, 0.404
16.845, -0.695, -0.079, 0.405
16.862, -0.695, -0.079, 0.405
16.878, -0.696, -0.078, 0.405
16.895, -0.696, -0.078, 0.405
16.912, -0.696, -0.077, 0.405
16.928, -0.696, -0.077, 0.405
16.945, -0.696, -0.077, 0.405
16.962, -0.696, -0.076, 0.405
16.978, -0.697, -0.076, 0.405
16.995, -0.697, -0.076, 0.405
17.011, -0.697, -0.075, 0.405
17.028, -0.697, -0.075, 0.405
17.045, -0.697, -0.075, 0.406
17.062, -0.697, -0.075, 0.406
17.078, -0.697, -0.075, 0.406
17.095, -0.697, -0.075, 0.406
17.111, -0.697, -0.075, 0.406
17.128, -0.697, -0.075, 0.406
17.145, -0.697, -0.075, 0.406
17.162, -0.697, -0.075, 0.406
17.178, -0.697, -0.076, 0.406
17.195, -0.697, -0.076, 0.406
17.212, -0.697, -0.076, 0.406
17.228, -0.697, -0.076, 0.406
17.245, -0.697, -0.077, 0.405
17.262, -0.697, -0.077, 0.405
17.278, -0.697, -0.078, 0.405
17.295, -0.697, -0.078, 0.404
17.311, -0.697, -0.078, 0.404
17.328, -0.697, -0.079, 0.404
17.345, -0.697, -0.080, 0.403
17.361, -0.697, -0.080, 0.403
17.378, -0.697, -0.081, 0.402
17.395, -0.697, -0.081, 0.402
17.412, -0.697, -0.082, 0.401
17.428, -0.697, -0.083, 0.400
17.445, -0.697, -0.083, 0.400
17.461, -0.697, -0.084, 0.399
17.478, -0.697, -0.085, 0.398
17.495, -0.697, -0.085, 0.398
17.511, -0.697, -0.085, 0.397
17.528, -0.697, -0.086, 0.396
17.545, -0.697, -0.087, 0.395
17.562, -0.697, -0.087, 0.394
17.578, -0.696, -0.088, 0.393
17.595, -0.696, -0.089, 0.392
17.612, -0.696, -0.089, 0.392
17.628, -0.696, -0.090, 0.390
17.645, -0.696, -0.091, 0.389
17.662, -0.696, -0.092, 0.388
17.678, -0.696, -0.092, 0.387
17.695, -0.696, -0.093, 0.386
17.711, -0.696, -0.093, 0.385
17.728, -0.696, -0.094, 0.384
17.745, -0.696, -0.095, 0.383
17.761, -0.696, -0.095, 0.383
17.778, -0.697, -0.096, 0.382
17.795, -0.697, -0.097, 0.381
17.811, -0.697, -0.097, 0.381
17.828, -0.697, -0.098, 0.380
17.845, -0.697, -0.098, 0.380
17.862, -0.697, -0.099, 0.379
17.878, -0.697, -0.099, 0.379
17.895, -0.698, -0.100, 0.378
17.911, -0.698, -0.101, 0.379
17.928, -0.698, -0.101, 0.379
17.945, -0.699, -0.101, 0.379
17.962, -0.699, -0.102, 0.378
17.978, -0.699, -0.102, 0.379
17.995, -0.700, -0.103, 0.379
18.012, -0.700, -0.103, 0.379
18.028, -0.700, -0.104, 0.379
18.045, -0.701, -0.104, 0.379
18.062, -0.701, -0.104, 0.379
18.078, -0.702, -0.105, 0.379
18.095, -0.702, -0.105, 0.380
18.111, -0.702, -0.105, 0.380
18.128, -0.703, -0.105, 0.380
18.145, -0.703, -0.106, 0.380
18.162, -0.703, -0.106, 0.380
18.178, -0.704, -0.106, 0.381
18.195, -0.704, -0.107, 0.381
18.212, -0.705, -0.107, 0.381
18.228, -0.705, -0.107, 0.381
18.245, -0.706, -0.107, 0.381
18.261, -0.706, -0.108, 0.381
18.278, -0.706, -0.108, 0.381
18.295, -0.707, -0.108, 0.381
18.312, -0.707, -0.109, 0.381
18.328, -0.707, -0.109, 0.381
18.345, -0.708, -0.109, 0.382
18.362, -0.708, -0.109, 0.382
18.378, -0.708, -0.110, 0.381
18.395, -0.708, -0.110, 0.381
18.411, -0.708, -0.110, 0.382
18.429, -0.709, -0.110, 0.382
18.445, -0.709, -0.111, 0.382
18.462, -0.709, -0.111, 0.382
18.478, -0.709, -0.111, 0.382
18.495, -0.709, -0.111, 0.382
18.512, -0.709, -0.111, 0.382
18.528, -0.710, -0.112, 0.382
18.545, -0.710, -0.112, 0.382
18.562, -0.710, -0.112, 0.382
18.578, -0.710, -0.112, 0.382
18.595, -0.710, -0.113, 0.382
18.612, -0.710, -0.112, 0.382
18.628, -0.710, -0.113, 0.382
18.645, -0.710, -0.113, 0.383
18.661, -0.710, -0.113, 0.383
18.678, -0.710, -0.113, 0.383
18.695, -0.710, -0.114, 0.383
18.712, -0.710, -0.114, 0.383
18.729, -0.711, -0.114, 0.383
18.745, -0.711, -0.114, 0.384
18.762, -0.711, -0.114, 0.384
18.778, -0.711, -0.115, 0.384
18.795, -0.711, -0.115, 0.384
18.812, -0.711, -0.115, 0.385
18.828, -0.711, -0.115, 0.385
18.845, -0.711, -0.116, 0.386
18.861, -0.711, -0.116, 0.386
18.878, -0.712, -0.116, 0.387
18.895, -0.712, -0.117, 0.387
18.911, -0.712, -0.117, 0.387
18.928, -0.712, -0.117, 0.388
18.945, -0.712, -0.118, 0.388
18.962, -0.712, -0.118, 0.388
18.978, -0.712, -0.118, 0.388
18.995, -0.713, -0.119, 0.389
19.012, -0.713, -0.119, 0.389
19.028, -0.713, -0.119, 0.389
19.045, -0.713, -0.120, 0.389
19.062, -0.713, -0.120, 0.389
19.078, -0.713, -0.120, 0.390
19.095, -0.713, -0.121, 0.390
19.111, -0.713, -0.121, 0.390
19.128, -0.713, -0.122, 0.390
19.145, -0.713, -0.122, 0.390
19.162, -0.713, -0.122, 0.389
19.178, -0.713, -0.123, 0.390
19.195, -0.713, -0.123, 0.390
19.212, -0.713, -0.123, 0.390
19.229, -0.713, -0.124, 0.390
19.245, -0.713, -0.124, 0.390
19.262, -0.713, -0.124, 0.390
19.278, -0.713, -0.125, 0.390
19.295, -0.713, -0.125, 0.391
19.311, -0.713, -0.125, 0.391
19.328, -0.713, -0.125, 0.391
19.345, -0.713, -0.125, 0.391
19.361, -0.713, -0.126, 0.391
19.378, -0.713, -0.126, 0.392
19.395, -0.713, -0.126, 0.391
19.411, -0.713, -0.126, 0.391
19.429, -0.713, -0.126, 0.392
19.445, -0.713, -0.126, 0.392
19.462, -0.713, -0.126, 0.392
19.478, -0.713, -0.125, 0.392
19.495, -0.713, -0.125, 0.392
19.512, -0.713, -0.125, 0.392
19.528, -0.713, -0.125, 0.391
19.545, -0.713, -0.124, 0.391
19.562, -0.713, -0.124, 0.391
19.578, -0.713, -0.124, 0.390
19.595, -0.712, -0.123, 0.390
19.611, -0.712, -0.123, 0.390
19.628, -0.712, -0.122, 0.389
19.645, -0.712, -0.122, 0.389
19.662, -0.712, -0.121, 0.389
19.678, -0.712, -0.120, 0.388
19.695, -0.712, -0.120, 0.387
19.711, -0.712, -0.119, 0.387
19.728, -0.712, -0.118, 0.386
19.745, -0.711, -0.117, 0.385
19.762, -0.711, -0.117, 0.385
19.778, -0.711, -0.116, 0.383
19.795, -0.711, -0.115, 0.382
19.811, -0.711, -0.114, 0.382
19.828, -0.710, -0.113, 0.381
19.845, -0.710, -0.112, 0.379
19.862, -0.710, -0.112, 0.379
19.878, -0.710, -0.110, 0.377
19.895, -0.709, -0.109, 0.376
19.912, -0.709, -0.109, 0.375
19.929, -0.709, -0.108, 0.374
19.945, -0.708, -0.107, 0.372
19.962, -0.708, -0.106, 0.372
19.978, -0.707, -0.105, 0.370
19.995, -0.707, -0.104, 0.369
20.012, -0.707, -0.104, 0.368
20.028, -0.706, -0.103, 0.366
20.045, -0.706, -0.102, 0.365
20.062, -0.706, -0.101, 0.364
20.078, -0.705, -0.101, 0.362
20.095, -0.704, -0.100, 0.361
20.111, -0.704, -0.100, 0.360
20.128, -0.703, -0.099, 0.358
20.145, -0.703, -0.098, 0.357
20.162, -0.703, -0.098, 0.356
20.178, -0.702, -0.097, 0.355
20.195, -0.702, -0.097, 0.353
20.212, -0.701, -0.096, 0.353
20.228, -0.701, -0.096, 0.351
20.245, -0.700, -0.095, 0.350
20.262, -0.700, -0.095, 0.349
20.278, -0.699, -0.095, 0.347
20.295, -0.699, -0.095, 0.346
20.311, -0.699, -0.095, 0.346
20.328, -0.698, -0.094, 0.344
20.345, -0.698, -0.094, 0.342
20.362, -0.698, -0.094, 0.342
20.378, -0.698, -0.094, 0.340
20.395, -0.697, -0.094, 0.339
20.411, -0.697, -0.094, 0.338
20.429, -0.697, -0.094, 0.337
20.445, -0.697, -0.095, 0.336
20.461, -0.697, -0.095, 0.335
20.478, -0.697, -0.095, 0.334
20.495, -0.696, -0.095, 0.333
20.512, -0.696, -0.096, 0.333
20.528, -0.696, -0.096, 0.332
20.545, -0.696, -0.096, 0.331
20.562, -0.696, -0.097, 0.331
20.578, -0.696, -0.097, 0.330
20.595, -0.696, -0.098, 0.329
20.611, -0.696, -0.098, 0.329
20.629, -0.695, -0.099, 0.329
20.645, -0.695, -0.100, 0.329
20.662, -0.695, -0.100, 0.328
20.678, -0.695, -0.101, 0.328
20.695, -0.694, -0.102, 0.328
20.711, -0.694, -0.103, 0.328
20.728, -0.694, -0.104, 0.328
20.745, -0.693, -0.105, 0.329
20.762, -0.693, -0.106, 0.329
20.778, -0.692, -0.107, 0.329
20.795, -0.692, -0.108, 0.329
20.812, -0.692, -0.109, 0.330
20.828, -0.691, -0.110, 0.330
20.845, -0.690, -0.111, 0.331
20.862, -0.690, -0.112, 0.331
20.878, -0.689, -0.113, 0.331
20.895, -0.689, -0.114, 0.332
20.912, -0.689, -0.114, 0.332
20.928, -0.688, -0.116, 0.333
20.945, -0.688, -0.117, 0.333
20.961, -0.687, -0.117, 0.333
20.978, -0.686, -0.119, 0.334
20.995, -0.686, -0.119, 0.335
21.011, -0.686, -0.120, 0.335
21.028, -0.685, -0.121, 0.335
21.045, -0.685, -0.122, 0.336
21.062, -0.685, -0.122, 0.336
21.078, -0.684, -0.123, 0.337
21.095, -0.684, -0.123, 0.337
21.111, -0.684, -0.123, 0.337
21.128, -0.683, -0.124, 0.337
21.145, -0.683, -0.124, 0.338
21.162, -0.683, -0.124, 0.338
21.178, -0.683, -0.124, 0.339
21.195, -0.683, -0.124, 0.339
21.211, -0.683, -0.124, 0.339
21.229, -0.682, -0.123, 0.339
21.245, -0.682, -0.123, 0.340
21.262, -0.683, -0.123, 0.340
21.278, -0.683, -0.122, 0.341
21.295, -0.683, -0.121, 0.341
21.312, -0.683, -0.121, 0.341
21.328, -0.684, -0.120, 0.341
21.345, -0.684, -0.119, 0.341
21.362, -0.684, -0.118, 0.341
21.378, -0.685, -0.117, 0.342
21.395, -0.686, -0.116, 0.342
21.412, -0.686, -0.115, 0.342
21.428, -0.687, -0.114, 0.343
21.445, -0.687, -0.113, 0.343
21.462, -0.688, -0.112, 0.343
21.478, -0.689, -0.110, 0.343
21.495, -0.689, -0.109, 0.344
21.512, -0.690, -0.109, 0.344
21.529, -0.691, -0.107, 0.344
21.545, -0.691, -0.106, 0.344
21.561, -0.692, -0.105, 0.344
21.578, -0.693, -0.103, 0.345
21.595, -0.693, -0.102, 0.345
21.612, -0.694, -0.102, 0.345
21.628, -0.695, -0.100, 0.345
21.645, -0.695, -0.099, 0.345
21.662, -0.696, -0.099, 0.345
21.678, -0.697, -0.097, 0.345
21.695, -0.697, -0.096, 0.345
21.712, -0.697, -0.096, 0.345
21.728, -0.698, -0.095, 0.345
21.745, -0.699, -0.094, 0.345
21.762, -0.699, -0.093, 0.345
21.778, -0.699, -0.092, 0.345
21.795, -0.700, -0.092, 0.345
21.812, -0.700, -0.091, 0.345
21.828, -0.700, -0.090, 0.345
21.845, -0.701, -0.090, 0.345
21.862, -0.701, -0.090, 0.345
21.878, -0.701, -0.089, 0.345
21.895, -0.701, -0.088, 0.345
21.911, -0.701, -0.088, 0.345
21.928, -0.701, -0.088, 0.345
21.945, -0.701, -0.087, 0.345
21.962, -0.701, -0.087, 0.345
21.978, -0.701, -0.087, 0.345
21.995, -0.701, -0.087, 0.345
22.011, -0.701, -0.087, 0.345
22.028, -0.701, -0.087, 0.345
22.045, -0.701, -0.087, 0.345
22.062, -0.701, -0.087, 0.345
22.079, -0.701, -0.087, 0.345
22.095, -0.701, -0.087, 0.345
22.111, -0.700, -0.087, 0.344
22.128, -0.700, -0.087, 0.344
22.145, -0.700, -0.087, 0.344
22.162, -0.700, -0.087, 0.344
22.178, -0.699, -0.088, 0.344
22.195, -0.699, -0.088, 0.344
22.211, -0.699, -0.088, 0.344
22.228, -0.699, -0.088, 0.343
22.245, -0.698, -0.088, 0.343
22.262, -0.698, -0.088, 0.343
22.278, -0.698, -0.088, 0.343
22.295, -0.698, -0.088, 0.343
22.311, -0.697, -0.088, 0.343
22.328, -0.697, -0.087, 0.343
22.345, -0.697, -0.087, 0.343
22.362, -0.696, -0.087, 0.343
22.378, -0.696, -0.087, 0.343
22.395, -0.696, -0.087, 0.343
22.412, -0.696, -0.087, 0.343
22.428, -0.695, -0.087, 0.343
22.445, -0.695, -0.086, 0.343
22.462, -0.695, -0.086, 0.343
22.478, -0.695, -0.086, 0.343
22.495, -0.695, -0.086, 0.344
22.511, -0.694, -0.085, 0.344
22.529, -0.694, -0.085, 0.344
22.545, -0.694, -0.084, 0.344
22.561, -0.694, -0.084, 0.344
22.578, -0.694, -0.084, 0.345
22.595, -0.694, -0.083, 0.345
22.612, -0.694, -0.083, 0.346
22.628, -0.694, -0.082, 0.346
22.645, -0.693, -0.082, 0.346
22.662, -0.693, -0.082, 0.346
22.678, -0.693, -0.082, 0.346
22.695, -0.693, -0.081, 0.347
22.712, -0.693, -0.081, 0.347
22.728, -0.693, -0.081, 0.347
22.745, -0.693, -0.080, 0.347
22.762, -0.693, -0.080, 0.347
22.778, -0.693, -0.080, 0.347
22.795, -0.693, -0.080, 0.347
22.811, -0.693, -0.080, 0.347
22.828, -0.693, -0.080, 0.347
22.845, -0.693, -0.080, 0.347
22.862, -0.692, -0.079, 0.347
22.878, -0.692, -0.079, 0.347
22.895, -0.692, -0.079, 0.346
22.912, -0.692, -0.080, 0.346
22.928, -0.692, -0.080, 0.346
22.945, -0.691, -0.080, 0.346
22.962, -0.691, -0.080, 0.345
22.978, -0.691, -0.080, 0.345
22.995, -0.691, -0.080, 0.345
23.012, -0.691, -0.080, 0.345
23.028, -0.690, -0.081, 0.344
23.045, -0.690, -0.081, 0.344
23.062, -0.690, -0.082, 0.344
23.078, -0.690, -0.082, 0.344
23.095, -0.690, -0.083, 0.344
23.111, -0.690, -0.083, 0.344
23.128, -0.690, -0.084, 0.344
23.145, -0.690, -0.085, 0.344
23.162, -0.690, -0.085, 0.344
23.178, -0.691, -0.086, 0.345
23.195, -0.691, -0.087, 0.345
23.212, -0.691, -0.087, 0.345
23.228, -0.691, -0.089, 0.346
23.245, -0.691, -0.090, 0.346
23.261, -0.692, -0.090, 0.346
23.278, -0.692, -0.092, 0.347
23.295, -0.692, -0.093, 0.347
23.311, -0.693, -0.094, 0.347
23.328, -0.693, -0.095, 0.348
23.345, -0.693, -0.096, 0.348
23.362, -0.694, -0.097, 0.348
23.378, -0.694, -0.098, 0.349
23.395, -0.695, -0.099, 0.349
23.411, -0.695, -0.100, 0.349
23.428, -0.696, -0.101, 0.350
23.445, -0.696, -0.102, 0.350
23.462, -0.697, -0.103, 0.350
23.478, -0.697, -0.104, 0.350
23.495, -0.698, -0.105, 0.350
23.511, -0.698, -0.105, 0.349
23.528, -0.699, -0.106, 0.349
23.545, -0.699, -0.107, 0.349
23.562, -0.699, -0.107, 0.349
23.578, -0.700, -0.108, 0.348
23.595, -0.700, -0.108, 0.348
23.612, -0.701, -0.109, 0.347
23.628, -0.701, -0.109, 0.346
23.645, -0.702, -0.110, 0.345
23.662, -0.702, -0.110, 0.345
23.678, -0.702, -0.110, 0.344
23.695, -0.702, -0.110, 0.343
23.711, -0.703, -0.110, 0.342
23.728, -0.703, -0.110, 0.341
23.745, -0.703, -0.110, 0.340
23.762, -0.703, -0.110, 0.339
23.778, -0.704, -0.110, 0.338
23.795, -0.704, -0.110, 0.337
23.812, -0.704, -0.110, 0.336
23.828, -0.705, -0.109, 0.335
23.845, -0.705, -0.109, 0.334
23.862, -0.705, -0.109, 0.333
23.879, -0.705, -0.108, 0.332
23.896, -0.706, -0.108, 0.331
23.912, -0.706, -0.107, 0.331
23.929, -0.706, -0.107, 0.330
23.945, -0.706, -0.106, 0.329
23.962, -0.706, -0.106, 0.329
23.978, -0.707, -0.105, 0.329
23.995, -0.707, -0.104, 0.328
24.012, -0.707, -0.104, 0.328
24.028, -0.707, -0.103, 0.327
24.045, -0.707, -0.102, 0.327
24.062, -0.708, -0.101, 0.327
24.078, -0.708, -0.100, 0.327
24.095, -0.708, -0.099, 0.326
24.112, -0.708, -0.099, 0.327
24.128, -0.709, -0.098, 0.326
24.145, -0.709, -0.097, 0.326
24.161, -0.709, -0.096, 0.326
24.178, -0.709, -0.095, 0.326
24.195, -0.709, -0.094, 0.326
24.212, -0.710, -0.094, 0.325
24.228, -0.710, -0.093, 0.325
24.245, -0.710, -0.092, 0.325
24.262, -0.710, -0.091, 0.325
24.278, -0.711, -0.090, 0.324
24.296, -0.711, -0.090, 0.324
24.312, -0.711, -0.089, 0.324
24.328, -0.711, -0.089, 0.323
24.345, -0.711, -0.088, 0.323
24.362, -0.711, -0.088, 0.323
24.378, -0.711, -0.087, 0.322
24.395, -0.711, -0.086, 0.322
24.412, -0.711, -0.086, 0.322
24.428, -0.710, -0.085, 0.322
24.445, -0.710, -0.084, 0.321
24.462, -0.710, -0.084, 0.321
24.478, -0.709, -0.083, 0.320
24.495, -0.708, -0.082, 0.320
24.512, -0.708, -0.082, 0.320
24.528, -0.707, -0.081, 0.320
24.545, -0.706, -0.081, 0.320
24.562, -0.705, -0.081, 0.320
24.578, -0.704, -0.080, 0.320
24.595, -0.702, -0.079, 0.320
24.611, -0.702, -0.079, 0.320
24.628, -0.700, -0.078, 0.320
24.645, -0.698, -0.078, 0.320
24.662, -0.698, -0.077, 0.320
24.678, -0.695, -0.077, 0.321
24.695, -0.694, -0.076, 0.321
24.711, -0.693, -0.076, 0.321
24.728, -0.690, -0.076, 0.322
24.745, -0.689, -0.076, 0.322
24.762, -0.688, -0.075, 0.322
24.778, -0.685, -0.075, 0.323
24.795, -0.683, -0.075, 0.324
24.812, -0.682, -0.075, 0.324
24.828, -0.680, -0.075, 0.324
24.845, -0.678, -0.074, 0.325
24.862, -0.677, -0.074, 0.325
24.878, -0.674, -0.074, 0.326
24.895, -0.672, -0.074, 0.326
24.912, -0.671, -0.074, 0.327
24.928, -0.669, -0.074, 0.328
24.945, -0.667, -0.075, 0.328
24.962, -0.666, -0.075, 0.328
24.978, -0.663, -0.075, 0.329
24.995, -0.661, -0.075, 0.329
25.011, -0.661, -0.075, 0.329
25.028, -0.658, -0.076, 0.330
25.045, -0.656, -0.077, 0.330
25.062, -0.656, -0.077, 0.330
25.078, -0.653, -0.078, 0.331
25.095, -0.652, -0.079, 0.331
25.111, -0.651, -0.079, 0.331
25.128, -0.649, -0.080, 0.331
25.145, -0.648, -0.081, 0.331
25.161, -0.647, -0.081, 0.331
25.178, -0.645, -0.083, 0.331
25.195, -0.644, -0.084, 0.331
25.212, -0.643, -0.084, 0.331
25.228, -0.641, -0.086, 0.331
25.245, -0.640, -0.087, 0.332
25.261, -0.640, -0.087, 0.332
25.278, -0.638, -0.089, 0.332
25.295, -0.637, -0.090, 0.332
25.311, -0.637, -0.090, 0.332
25.328, -0.635, -0.092, 0.332
25.345, -0.634, -0.093, 0.332
25.361, -0.634, -0.093, 0.332
25.378, -0.632, -0.094, 0.332
25.395, -0.631, -0.095, 0.332
25.412, -0.631, -0.096, 0.332
25.428, -0.629, -0.097, 0.332
25.445, -0.628, -0.098, 0.332
25.461, -0.628, -0.098, 0.332
25.478, -0.627, -0.099, 0.333
25.495, -0.626, -0.100, 0.333
25.512, -0.625, -0.100, 0.333
25.528, -0.624, -0.101, 0.333
25.545, -0.623, -0.101, 0.333
25.561, -0.622, -0.102, 0.333
25.578, -0.621, -0.103, 0.333
25.595, -0.619, -0.103, 0.333
25.611, -0.619, -0.103, 0.333
25.629, -0.617, -0.104, 0.333
25.645, -0.616, -0.105, 0.333
25.662, -0.615, -0.105, 0.334
25.678, -0.613, -0.105, 0.334
25.695, -0.612, -0.105, 0.334
25.712, -0.611, -0.106, 0.334
25.729, -0.609, -0.106, 0.334
25.745, -0.608, -0.107, 0.334
25.762, -0.607, -0.107, 0.334
25.778, -0.605, -0.107, 0.334
25.795, -0.603, -0.107, 0.334
25.812, -0.603, -0.107, 0.334
25.829, -0.600, -0.108, 0.334
25.845, -0.599, -0.108, 0.334
25.862, -0.598, -0.108, 0.334
25.878, -0.595, -0.108, 0.334
25.895, -0.594, -0.108, 0.334
25.912, -0.593, -0.108, 0.334
25.928, -0.590, -0.109, 0.334
25.945, -0.589, -0.108, 0.334
25.962, -0.588, -0.109, 0.333
25.978, -0.585, -0.109, 0.333
25.995, -0.584, -0.109, 0.333
26.012, -0.583, -0.109, 0.333
26.028, -0.580, -0.109, 0.333
26.045, -0.579, -0.109, 0.333
26.061, -0.578, -0.109, 0.333
26.078, -0.575, -0.109, 0.333
26.095, -0.574, -0.109, 0.332
26.111, -0.573, -0.109, 0.332
26.128, -0.570, -0.109, 0.332
26.145, -0.569, -0.109, 0.332
26.162, -0.568, -0.109, 0.332
26.178, -0.566, -0.108, 0.331
26.195, -0.564, -0.108, 0.331
26.211, -0.563, -0.108, 0.331
26.228, -0.561, -0.108, 0.330
26.245, -0.559, -0.108, 0.330
26.262, -0.558, -0.108, 0.330
26.278, -0.556, -0.108, 0.330
26.295, -0.554, -0.108, 0.329
26.312, -0.553, -0.108, 0.329
26.328, -0.551, -0.108, 0.329
26.345, -0.549, -0.108, 0.329
26.362, -0.549, -0.108, 0.328
26.378, -0.546, -0.108, 0.328
26.395, -0.545, -0.108, 0.328
26.411, -0.544, -0.108, 0.328
26.428, -0.542, -0.108, 0.328
26.445, -0.540, -0.109, 0.328
26.462, -0.539, -0.109, 0.328
26.478, -0.537, -0.109, 0.328
26.495, -0.536, -0.109, 0.328
26.512, -0.535, -0.109, 0.328
26.528, -0.533, -0.110, 0.329
26.545, -0.531, -0.110, 0.329
26.562, -0.530, -0.110, 0.329
26.578, -0.528, -0.111, 0.329
26.595, -0.526, -0.111, 0.330
26.611, -0.526, -0.111, 0.330
26.628, -0.523, -0.112, 0.330
26.645, -0.522, -0.112, 0.330
26.662, -0.521, -0.113, 0.330
26.678, -0.519, -0.113, 0.330
26.695, -0.517, -0.114, 0.330
26.711, -0.516, -0.114, 0.330
26.728, -0.514, -0.115, 0.330
26.745, -0.513, -0.115, 0.330
26.762, -0.512, -0.115, 0.330
26.778, -0.509, -0.117, 0.330
26.795, -0.508, -0.117, 0.330
26.812, -0.507, -0.117, 0.330
26.828, -0.504, -0.118, 0.330
26.845, -0.503, -0.119, 0.330
26.862, -0.502, -0.119, 0.329
26.878, -0.500, -0.120, 0.329
26.895, -0.498, -0.121, 0.328
26.911, -0.497, -0.121, 0.328
26.928, -0.495, -0.122, 0.327
26.945, -0.493, -0.123, 0.327
26.962, -0.492, -0.124, 0.327
26.978, -0.490, -0.125, 0.325
26.995, -0.488, -0.126, 0.325
27.012, -0.487, -0.126, 0.325
27.028, -0.485, -0.128, 0.323
27.045, -0.483, -0.128, 0.323
27.062, -0.482, -0.129, 0.322
27.078, -0.480, -0.130, 0.322
27.095, -0.478, -0.131, 0.321
27.111, -0.478, -0.132, 0.321
27.128, -0.475, -0.133, 0.320
27.145, -0.474, -0.134, 0.320
27.162, -0.473, -0.135, 0.320
27.178, -0.471, -0.137, 0.319
27.195, -0.469, -0.138, 0.319
27.212, -0.469, -0.138, 0.319
27.229, -0.466, -0.140, 0.319
27.245, -0.465, -0.142, 0.319
27.262, -0.464, -0.142, 0.320
27.278, -0.462, -0.145, 0.320
27.295, -0.461, -0.146, 0.320
27.312, -0.460, -0.147, 0.320
27.328, -0.459, -0.149, 0.320
27.345, -0.458, -0.151, 0.320
27.362, -0.457, -0.152, 0.321
27.378, -0.455, -0.154, 0.322
27.395, -0.454, -0.156, 0.322
27.412, -0.454, -0.157, 0.322
27.428, -0.452, -0.159, 0.324
27.445, -0.451, -0.161, 0.324
27.462, -0.450, -0.162, 0.324
27.478, -0.448, -0.165, 0.325
27.495, -0.447, -0.167, 0.326
27.511, -0.447, -0.168, 0.326
27.528, -0.445, -0.171, 0.327
27.545, -0.444, -0.173, 0.327
27.562, -0.443, -0.174, 0.328
27.578, -0.441, -0.177, 0.328
27.595, -0.440, -0.179, 0.329
27.612, -0.440, -0.180, 0.329
27.628, -0.438, -0.182, 0.330
27.645, -0.437, -0.184, 0.330
27.662, -0.436, -0.185, 0.330
27.678, -0.434, -0.187, 0.330
27.695, -0.433, -0.189, 0.330
27.711, -0.432, -0.190, 0.331
27.728, -0.430, -0.192, 0.331
27.745, -0.429, -0.194, 0.331
27.762, -0.428, -0.194, 0.331
27.778, -0.426, -0.197, 0.330
27.795, -0.424, -0.198, 0.331
27.812, -0.423, -0.199, 0.330
27.829, -0.421, -0.201, 0.330
27.845, -0.420, -0.202, 0.330
27.862, -0.419, -0.203, 0.330
27.878, -0.417, -0.205, 0.330
27.895, -0.416, -0.206, 0.330
27.912, -0.415, -0.207, 0.330
27.928, -0.413, -0.209, 0.330
27.945, -0.412, -0.210, 0.330
27.962, -0.411, -0.211, 0.330
27.978, -0.409, -0.213, 0.329
27.995, -0.408, -0.215, 0.329
28.012, -0.407, -0.216, 0.329
28.028, -0.405, -0.218, 0.329
28.045, -0.404, -0.219, 0.330
28.062, -0.403, -0.220, 0.330
28.078, -0.401, -0.223, 0.330
28.095, -0.400, -0.224, 0.330
28.111, -0.399, -0.225, 0.330
28.129, -0.397, -0.227, 0.331
28.145, -0.396, -0.229, 0.331
28.162, -0.395, -0.229, 0.331
28.178, -0.393, -0.232, 0.331
28.195, -0.392, -0.233, 0.332
28.212, -0.391, -0.234, 0.332
28.228, -0.389, -0.236, 0.332
28.245, -0.388, -0.237, 0.332
28.262, -0.387, -0.238, 0.332
28.278, -0.385, -0.240, 0.333
28.295, -0.383, -0.241, 0.333
28.311, -0.382, -0.241, 0.333
28.328, -0.380, -0.243, 0.333
28.345, -0.379, -0.244, 0.333
28.361, -0.378, -0.244, 0.333
28.378, -0.375, -0.246, 0.333
28.395, -0.374, -0.247, 0.333
28.411, -0.373, -0.247, 0.333
28.428, -0.370, -0.248, 0.333
28.445, -0.369, -0.249, 0.333
28.462, -0.368, -0.249, 0.332
28.478, -0.365, -0.250, 0.332
28.495, -0.364, -0.251, 0.332
28.512, -0.363, -0.251, 0.332
28.528, -0.360, -0.252, 0.332
28.545, -0.359, -0.253, 0.331
28.562, -0.358, -0.253, 0.331
28.578, -0.355, -0.254, 0.331
28.595, -0.353, -0.255, 0.330
28.612, -0.352, -0.255, 0.330
28.628, -0.350, -0.257, 0.329
28.645, -0.348, -0.257, 0.329
28.662, -0.347, -0.258, 0.329
28.678, -0.345, -0.259, 0.328
28.695, -0.343, -0.260, 0.327
28.712, -0.343, -0.261, 0.327
28.728, -0.340, -0.262, 0.326
28.745, -0.339, -0.263, 0.326
28.761, -0.338, -0.264, 0.326
28.778, -0.336, -0.265, 0.325
28.795, -0.335, -0.267, 0.324
28.811, -0.334, -0.267, 0.325
28.828, -0.333, -0.269, 0.324
28.845, -0.331, -0.271, 0.324
28.862, -0.331, -0.271, 0.324
28.878, -0.329, -0.274, 0.323
28.895, -0.328, -0.275, 0.323
28.911, -0.327, -0.276, 0.323
28.928, -0.326, -0.279, 0.322
28.945, -0.325, -0.280, 0.322
28.962, -0.324, -0.281, 0.322
28.978, -0.323, -0.284, 0.322
28.995, -0.322, -0.286, 0.321
29.011, -0.322, -0.287, 0.321
29.028, -0.321, -0.290, 0.322
29.045, -0.320, -0.292, 0.322
29.062, -0.320, -0.293, 0.322
29.078, -0.319, -0.296, 0.322
29.095, -0.318, -0.298, 0.322
29.111, -0.318, -0.299, 0.323
29.128, -0.317, -0.301, 0.323
29.145, -0.317, -0.303, 0.323
29.162, -0.317, -0.304, 0.323
29.178, -0.316, -0.307, 0.324
29.195, -0.316, -0.309, 0.324
29.212, -0.315, -0.310, 0.324
29.228, -0.315, -0.312, 0.324
29.245, -0.314, -0.314, 0.324
29.262, -0.314, -0.315, 0.324
29.278, -0.314, -0.317, 0.324
29.295, -0.313, -0.319, 0.323
29.311, -0.313, -0.320, 0.323
29.328, -0.312, -0.322, 0.322
29.345, -0.311, -0.324, 0.322
29.362, -0.311, -0.325, 0.321
29.378, -0.310, -0.327, 0.320
29.395, -0.309, -0.328, 0.319
29.412, -0.309, -0.329, 0.319
29.428, -0.307, -0.331, 0.318
29.445, -0.306, -0.333, 0.317
29.462, -0.306, -0.334, 0.317
29.478, -0.304, -0.336, 0.316
29.495, -0.303, -0.337, 0.315
29.511, -0.303, -0.337, 0.314
29.528, -0.301, -0.339, 0.313
29.545, -0.300, -0.340, 0.313
29.561, -0.299, -0.341, 0.312
29.578, -0.298, -0.342, 0.311
29.595, -0.297, -0.343, 0.311
29.612, -0.296, -0.344, 0.311
29.628, -0.295, -0.345, 0.310
29.645, -0.294, -0.346, 0.309
29.662, -0.293, -0.346, 0.309
29.678, -0.292, -0.348, 0.308
29.695, -0.291, -0.348, 0.308
29.711, -0.290, -0.349, 0.307
29.728, -0.288, -0.350, 0.307
29.745, -0.287, -0.351, 0.306
29.762, -0.286, -0.351, 0.306
29.778, -0.285, -0.353, 0.305
29.795, -0.283, -0.354, 0.305
29.812, -0.283, -0.354, 0.305
29.828, -0.281, -0.356, 0.305
29.845, -0.280, -0.357, 0.305
29.862, -0.279, -0.357, 0.306
29.878, -0.277, -0.359, 0.306
29.895, -0.276, -0.360, 0.307
29.911, -0.275, -0.361, 0.307
29.928, -0.273, -0.363, 0.309
29.945, -0.272, -0.364, 0.310
29.962, -0.271, -0.364, 0.310
29.978, -0.269, -0.366, 0.312
29.995, -0.268, -0.368, 0.313
30.011, -0.267, -0.368, 0.314
30.028, -0.265, -0.370, 0.315
30.045, -0.264, -0.372, 0.316
30.062, -0.263, -0.372, 0.317
30.078, -0.261, -0.374, 0.319
30.095, -0.259, -0.376, 0.320
30.112, -0.258, -0.377, 0.320
30.128, -0.256, -0.379, 0.322
30.145, -0.254, -0.381, 0.323
30.161, -0.253, -0.382, 0.323
30.178, -0.251, -0.385, 0.325
30.195, -0.249, -0.387, 0.326
30.211, -0.248, -0.388, 0.326
30.228, -0.245, -0.391, 0.327
30.245, -0.243, -0.393, 0.327
30.262, -0.242, -0.394, 0.327
30.278, -0.239, -0.397, 0.328
30.295, -0.237, -0.400, 0.328
30.311, -0.236, -0.401, 0.328
30.328, -0.233, -0.404, 0.328
30.345, -0.231, -0.407, 0.328
30.361, -0.230, -0.408, 0.328
30.378, -0.227, -0.411, 0.328
30.395, -0.225, -0.414, 0.328
30.412, -0.224, -0.415, 0.328
30.428, -0.221, -0.419, 0.327
30.445, -0.219, -0.422, 0.327
30.462, -0.218, -0.423, 0.327
30.478, -0.216, -0.427, 0.327
30.495, -0.214, -0.430, 0.327
30.511, -0.213, -0.431, 0.327
30.528, -0.211, -0.435, 0.326
30.545, -0.209, -0.438, 0.326
30.562, -0.208, -0.440, 0.326
30.578, -0.206, -0.444, 0.325
30.595, -0.205, -0.447, 0.324
30.611, -0.205, -0.448, 0.324
30.628, -0.203, -0.453, 0.323
30.645, -0.202, -0.456, 0.323
30.662, -0.201, -0.457, 0.323
30.678, -0.200, -0.461, 0.322
30.695, -0.199, -0.464, 0.322
30.712, -0.199, -0.465, 0.322
30.728, -0.198, -0.469, 0.321
30.745, -0.198, -0.472, 0.321
30.762, -0.197, -0.473, 0.320
30.778, -0.197, -0.477, 0.320
30.795, -0.197, -0.479, 0.319
30.811, -0.196, -0.480, 0.319
30.828, -0.196, -0.483, 0.318
30.845, -0.196, -0.484, 0.318
30.862, -0.196, -0.485, 0.317
30.878, -0.196, -0.488, 0.316
30.895, -0.195, -0.489, 0.316
30.912, -0.196, -0.490, 0.316
30.928, -0.195, -0.492, 0.315
30.945, -0.196, -0.493, 0.314
30.962, -0.195, -0.494, 0.314
30.978, -0.196, -0.495, 0.313
30.995, -0.196, -0.496, 0.312
31.012, -0.196, -0.496, 0.312
31.028, -0.195, -0.497, 0.312
31.045, -0.195, -0.498, 0.311
31.062, -0.195, -0.498, 0.311
31.078, -0.195, -0.498, 0.310
31.095, -0.195, -0.499, 0.310
31.111, -0.195, -0.499, 0.310
31.128, -0.195, -0.499, 0.309
31.145, -0.194, -0.500, 0.308
31.162, -0.194, -0.500, 0.308
31.178, -0.194, -0.500, 0.308
31.195, -0.194, -0.500, 0.307
31.212, -0.193, -0.500, 0.307
31.228, -0.193, -0.501, 0.307
31.245, -0.193, -0.501, 0.307
31.262, -0.193, -0.501, 0.307
31.278, -0.192, -0.502, 0.307
31.295, -0.192, -0.502, 0.307
31.312, -0.192, -0.502, 0.307
31.328, -0.192, -0.503, 0.308
31.345, -0.192, -0.503, 0.308
31.362, -0.192, -0.503, 0.308
31.378, -0.192, -0.504, 0.308
31.395, -0.192, -0.504, 0.309
31.412, -0.192, -0.504, 0.309
31.428, -0.192, -0.505, 0.309
31.445, -0.192, -0.505, 0.309
31.462, -0.192, -0.505, 0.309
31.478, -0.193, -0.505, 0.309
31.495, -0.193, -0.506, 0.310
31.511, -0.193, -0.506, 0.310
31.528, -0.194, -0.506, 0.310
31.545, -0.194, -0.507, 0.310
31.562, -0.194, -0.507, 0.311
31.578, -0.195, -0.507, 0.311
31.595, -0.196, -0.508, 0.312
31.611, -0.196, -0.508, 0.313
31.628, -0.198, -0.508, 0.314
31.645, -0.199, -0.509, 0.315
31.661, -0.199, -0.509, 0.316
31.678, -0.200, -0.509, 0.317
31.695, -0.201, -0.510, 0.318
31.711, -0.202, -0.510, 0.319
31.728, -0.203, -0.511, 0.321
31.745, -0.204, -0.511, 0.322
31.762, -0.205, -0.512, 0.323
31.778, -0.206, -0.512, 0.325
31.795, -0.207, -0.513, 0.326
31.812, -0.207, -0.513, 0.327
31.828, -0.208, -0.514, 0.328
31.845, -0.209, -0.514, 0.330
31.862, -0.209, -0.515, 0.330
31.879, -0.210, -0.515, 0.332
31.895, -0.211, -0.516, 0.334
31.911, -0.211, -0.516, 0.334
31.928, -0.212, -0.517, 0.336
31.945, -0.212, -0.518, 0.337
31.962, -0.212, -0.518, 0.337
31.978, -0.212, -0.519, 0.339
31.995, -0.212, -0.519, 0.340
32.012, -0.212, -0.520, 0.340
32.028, -0.212, -0.521, 0.342
32.045, -0.211, -0.521, 0.343
32.062, -0.211, -0.522, 0.343
32.078, -0.211, -0.522, 0.344
32.095, -0.210, -0.523, 0.345
32.112, -0.210, -0.523, 0.345
32.128, -0.209, -0.524, 0.346
32.145, -0.208, -0.525, 0.347
32.162, -0.208, -0.525, 0.347
32.178, -0.206, -0.526, 0.347
32.196, -0.206, -0.526, 0.348
32.212, -0.205, -0.526, 0.348
32.228, -0.204, -0.527, 0.348
32.245, -0.202, -0.527, 0.349
32.262, -0.202, -0.527, 0.349
32.278, -0.200, -0.528, 0.349
32.295, -0.199, -0.528, 0.349
32.311, -0.199, -0.528, 0.349
32.329, -0.197, -0.529, 0.349
32.345, -0.196, -0.529, 0.350
32.362, -0.195, -0.529, 0.350
32.378, -0.194, -0.529, 0.350
32.395, -0.193, -0.529, 0.350
32.411, -0.192, -0.529, 0.350
32.428, -0.190, -0.529, 0.350
32.445, -0.189, -0.529, 0.350
32.461, -0.189, -0.529, 0.351
32.478, -0.187, -0.529, 0.351
32.496, -0.186, -0.529, 0.351
32.512, -0.186, -0.529, 0.351
32.528, -0.185, -0.528, 0.352
32.545, -0.184, -0.528, 0.352
32.561, -0.184, -0.528, 0.352
32.578, -0.183, -0.528, 0.353
32.595, -0.182, -0.527, 0.353
32.612, -0.182, -0.527, 0.354
32.628, -0.181, -0.526, 0.355
32.645, -0.181, -0.526, 0.355
32.661, -0.181, -0.526, 0.355
32.678, -0.180, -0.525, 0.356
32.695, -0.180, -0.524, 0.357
32.712, -0.180, -0.524, 0.357
32.729, -0.180, -0.523, 0.358
32.745, -0.180, -0.522, 0.359
32.762, -0.180, -0.521, 0.359
32.778, -0.180, -0.520, 0.360
32.795, -0.181, -0.519, 0.360
32.812, -0.181, -0.519, 0.360
32.829, -0.181, -0.517, 0.361
32.845, -0.181, -0.516, 0.361
32.862, -0.182, -0.516, 0.361
32.878, -0.182, -0.514, 0.362
32.895, -0.183, -0.513, 0.362
32.911, -0.183, -0.513, 0.362
32.928, -0.184, -0.511, 0.363
32.945, -0.185, -0.510, 0.363
32.962, -0.185, -0.510, 0.363
32.978, -0.186, -0.508, 0.363
32.995, -0.187, -0.507, 0.363
33.012, -0.187, -0.507, 0.363
33.028, -0.189, -0.505, 0.364
33.045, -0.190, -0.505, 0.364
33.062, -0.190, -0.504, 0.364
33.078, -0.191, -0.503, 0.364
33.095, -0.192, -0.502, 0.364
33.111, -0.193, -0.502, 0.364
33.128, -0.194, -0.501, 0.364
33.145, -0.195, -0.500, 0.364
33.161, -0.195, -0.500, 0.364
33.178, -0.197, -0.499, 0.364
33.195, -0.197, -0.499, 0.364
33.211, -0.198, -0.498, 0.364
33.228, -0.199, -0.497, 0.364
33.245, -0.200, -0.497, 0.364
33.262, -0.200, -0.497, 0.364
33.278, -0.201, -0.496, 0.365
33.295, -0.202, -0.496, 0.365
33.311, -0.202, -0.496, 0.365
33.328, -0.203, -0.495, 0.365
33.345, -0.204, -0.495, 0.366
33.362, -0.204, -0.495, 0.366
33.378, -0.205, -0.495, 0.366
33.395, -0.206, -0.495, 0.366
33.412, -0.206, -0.495, 0.366
33.428, -0.206, -0.496, 0.367
33.445, -0.207, -0.496, 0.367
33.462, -0.207, -0.496, 0.367
33.478, -0.207, -0.497, 0.367
33.495, -0.208, -0.497, 0.367
33.511, -0.208, -0.497, 0.367
33.528, -0.208, -0.498, 0.367
33.545, -0.208, -0.498, 0.368
33.562, -0.208, -0.499, 0.368
33.578, -0.208, -0.500, 0.368
33.595, -0.208, -0.500, 0.369
33.612, -0.208, -0.500, 0.369
33.629, -0.209, -0.501, 0.369
33.645, -0.208, -0.502, 0.369
33.662, -0.208, -0.502, 0.370
33.678, -0.208, -0.503, 0.370
33.695, -0.208, -0.504, 0.371
33.711, -0.208, -0.504, 0.371
33.728, -0.208, -0.505, 0.371
33.745, -0.208, -0.506, 0.372
33.762, -0.208, -0.506, 0.372
33.778, -0.208, -0.507, 0.372
33.795, -0.207, -0.508, 0.373
33.812, -0.207, -0.508, 0.373
33.828, -0.207, -0.509, 0.373
33.845, -0.207, -0.510, 0.373
33.862, -0.206, -0.510, 0.373
33.878, -0.206, -0.511, 0.373
33.895, -0.205, -0.511, 0.374
33.912, -0.205, -0.512, 0.374
33.928, -0.205, -0.513, 0.374
33.945, -0.204, -0.513, 0.374
33.962, -0.204, -0.513, 0.374
33.979, -0.203, -0.514, 0.373
33.995, -0.203, -0.515, 0.373
34.012, -0.203, -0.515, 0.374
34.028, -0.202, -0.516, 0.373
34.045, -0.202, -0.516, 0.373
34.061, -0.202, -0.517, 0.373
34.078, -0.201, -0.517, 0.373
34.095, -0.201, -0.518, 0.373
34.112, -0.201, -0.518, 0.373
34.128, -0.200, -0.518, 0.373
34.145, -0.200, -0.519, 0.372
34.162, -0.200, -0.519, 0.372
34.178, -0.200, -0.519, 0.372
34.195, -0.200, -0.520, 0.371
34.212, -0.200, -0.520, 0.371
34.228, -0.199, -0.520, 0.371
34.245, -0.199, -0.520, 0.370
34.262, -0.199, -0.520, 0.370
34.278, -0.200, -0.520, 0.370
34.295, -0.200, -0.520, 0.370
34.312, -0.200, -0.520, 0.370
34.328, -0.201, -0.521, 0.370
34.345, -0.201, -0.521, 0.370
34.362, -0.201, -0.521, 0.370
34.378, -0.202, -0.521, 0.370
34.395, -0.203, -0.521, 0.370
34.412, -0.203, -0.521, 0.370
34.428, -0.204, -0.521, 0.370
34.445, -0.205, -0.521, 0.370
34.462, -0.205, -0.521, 0.370
34.478, -0.206, -0.521, 0.369
34.495, -0.207, -0.521, 0.369
34.512, -0.208, -0.521, 0.369
34.528, -0.209, -0.520, 0.369
34.545, -0.210, -0.520, 0.368
34.562, -0.210, -0.520, 0.368
34.578, -0.212, -0.520, 0.368
34.595, -0.213, -0.520, 0.368
34.612, -0.213, -0.520, 0.368
34.628, -0.215, -0.520, 0.368
34.645, -0.216, -0.519, 0.368
34.662, -0.216, -0.519, 0.368
34.678, -0.217, -0.519, 0.368
34.695, -0.218, -0.519, 0.368
34.711, -0.219, -0.519, 0.368
34.729, -0.220, -0.519, 0.369
34.745, -0.221, -0.519, 0.369
34.762, -0.221, -0.519, 0.369
34.778, -0.223, -0.519, 0.370
34.795, -0.223, -0.519, 0.370
34.812, -0.223, -0.519, 0.370
34.828, -0.224, -0.519, 0.370
34.845, -0.225, -0.519, 0.370
34.861, -0.225, -0.519, 0.371
34.879, -0.226, -0.519, 0.371
34.895, -0.226, -0.519, 0.371
34.912, -0.226, -0.519, 0.371
34.928, -0.226, -0.519, 0.371
34.945, -0.226, -0.519, 0.371
34.962, -0.226, -0.519, 0.371
34.978, -0.226, -0.519, 0.371
34.995, -0.226, -0.519, 0.371
35.012, -0.226, -0.520, 0.371
35.029, -0.225, -0.520, 0.370
35.045, -0.225, -0.520, 0.370
35.062, -0.225, -0.520, 0.370
35.078, -0.224, -0.520, 0.370
35.095, -0.223, -0.521, 0.370
35.111, -0.223, -0.521, 0.370
35.128, -0.222, -0.521, 0.369
35.145, -0.222, -0.521, 0.369
35.162, -0.221, -0.521, 0.369
35.178, -0.220, -0.522, 0.368
35.195, -0.219, -0.522, 0.369
35.211, -0.219, -0.522, 0.368
35.228, -0.218, -0.523, 0.368
35.245, -0.217, -0.523, 0.368
35.262, -0.217, -0.523, 0.368
35.279, -0.215, -0.524, 0.367
35.295, -0.215, -0.524, 0.367
35.312, -0.214, -0.524, 0.367
35.328, -0.213, -0.525, 0.366
35.345, -0.212, -0.525, 0.366
35.362, -0.211, -0.525, 0.366
35.378, -0.210, -0.526, 0.365
35.395, -0.209, -0.526, 0.365
35.411, -0.208, -0.527, 0.364
35.428, -0.207, -0.527, 0.364
35.445, -0.206, -0.527, 0.363
35.462, -0.206, -0.527, 0.363
35.478, -0.205, -0.528, 0.362
35.495, -0.204, -0.528, 0.362
35.512, -0.203, -0.528, 0.361
35.528, -0.202, -0.529, 0.360
35.545, -0.201, -0.529, 0.360
35.561, -0.201, -0.530, 0.359
35.579, -0.200, -0.530, 0.359
35.595, -0.199, -0.531, 0.358
35.612, -0.199, -0.531, 0.357
35.628, -0.198, -0.531, 0.357
35.645, -0.198, -0.532, 0.356
35.662, -0.198, -0.532, 0.356
35.678, -0.197, -0.533, 0.355
35.695, -0.197, -0.533, 0.355
35.711, -0.197, -0.533, 0.355
35.728, -0.197, -0.534, 0.354
35.745, -0.197, -0.534, 0.353
35.762, -0.197, -0.534, 0.353
35.778, -0.197, -0.535, 0.353
35.796, -0.198, -0.535, 0.352
35.812, -0.198, -0.535, 0.352
35.828, -0.199, -0.535, 0.352
35.845, -0.199, -0.535, 0.352
35.862, -0.199, -0.535, 0.352
35.878, -0.200, -0.535, 0.352
35.895, -0.201, -0.535, 0.352
35.912, -0.202, -0.535, 0.352
35.928, -0.203, -0.535, 0.353
35.945, -0.204, -0.534, 0.353
35.962, -0.204, -0.534, 0.353
35.978, -0.206, -0.533, 0.354
35.995, -0.207, -0.532, 0.355
36.012, -0.207, -0.532, 0.355
36.029, -0.209, -0.530, 0.355
36.045, -0.210, -0.529, 0.356
36.062, -0.211, -0.529, 0.356
36.078, -0.213, -0.526, 0.356
36.095, -0.215, -0.525, 0.357
36.111, -0.215, -0.524, 0.357
36.128, -0.217, -0.521, 0.357
36.145, -0.219, -0.519, 0.357
36.162, -0.219, -0.518, 0.357
36.178, -0.221, -0.515, 0.356
36.195, -0.222, -0.513, 0.356
36.212, -0.223, -0.512, 0.356
36.228, -0.225, -0.509, 0.354
36.245, -0.226, -0.507, 0.354
36.262, -0.226, -0.506, 0.353
36.279, -0.227, -0.503, 0.352
36.295, -0.228, -0.501, 0.350
36.312, -0.228, -0.499, 0.349
36.328, -0.229, -0.497, 0.348
36.345, -0.229, -0.496, 0.346
36.362, -0.229, -0.495, 0.345
36.378, -0.229, -0.493, 0.342
36.395, -0.229, -0.491, 0.340
36.412, -0.229, -0.491, 0.339
36.428, -0.229, -0.489, 0.335
36.445, -0.228, -0.488, 0.333
36.462, -0.228, -0.488, 0.332
36.478, -0.227, -0.487, 0.328
36.495, -0.226, -0.486, 0.325
36.512, -0.226, -0.486, 0.324
36.529, -0.225, -0.486, 0.320
36.545, -0.224, -0.485, 0.317
36.562, -0.223, -0.485, 0.315
36.578, -0.222, -0.486, 0.311
36.595, -0.221, -0.486, 0.308
36.612, -0.221, -0.486, 0.307
36.628, -0.219, -0.487, 0.303
36.645, -0.218, -0.488, 0.300
36.662, -0.217, -0.488, 0.298
36.678, -0.216, -0.490, 0.294
36.695, -0.215, -0.491, 0.291
36.712, -0.214, -0.491, 0.290
36.728, -0.213, -0.493, 0.285
36.745, -0.212, -0.495, 0.283
36.762, -0.212, -0.495, 0.281
36.778, -0.210, -0.497, 0.277
36.795, -0.210, -0.499, 0.274
36.812, -0.209, -0.499, 0.272
36.828, -0.208, -0.501, 0.268
36.845, -0.208, -0.503, 0.265
36.862, -0.208, -0.503, 0.263
36.878, -0.207, -0.506, 0.259
36.895, -0.207, -0.507, 0.256
36.911, -0.207, -0.507, 0.254
36.928, -0.206, -0.509, 0.250
36.945, -0.206, -0.510, 0.247
36.962, -0.206, -0.510, 0.246
36.978, -0.206, -0.512, 0.241
36.995, -0.205, -0.512, 0.237
37.012, -0.205, -0.513, 0.236
37.029, -0.205, -0.514, 0.232
37.045, -0.205, -0.515, 0.228
37.062, -0.205, -0.515, 0.227
37.078, -0.205, -0.516, 0.223
37.095, -0.205, -0.517, 0.219
37.111, -0.205, -0.517, 0.218
37.128, -0.205, -0.517, 0.214
37.145, -0.204, -0.518, 0.211
37.162, -0.205, -0.518, 0.210
37.179, -0.205, -0.519, 0.205
37.195, -0.205, -0.519, 0.202
37.212, -0.205, -0.519, 0.201
37.229, -0.205, -0.519, 0.198
37.245, -0.205, -0.519, 0.196
37.262, -0.206, -0.519, 0.194
37.278, -0.206, -0.519, 0.191
37.295, -0.207, -0.519, 0.189
37.312, -0.207, -0.519, 0.188
37.328, -0.208, -0.519, 0.185
37.345, -0.208, -0.519, 0.184
37.362, -0.208, -0.519, 0.183
37.378, -0.209, -0.519, 0.180
37.395, -0.210, -0.519, 0.179
37.412, -0.210, -0.519, 0.178
37.428, -0.211, -0.519, 0.176
37.445, -0.212, -0.519, 0.174
37.462, -0.212, -0.519, 0.174
37.478, -0.214, -0.519, 0.172
37.495, -0.214, -0.518, 0.171
37.512, -0.215, -0.518, 0.171
37.528, -0.216, -0.518, 0.169
37.545, -0.217, -0.518, 0.169
37.562, -0.217, -0.518, 0.168
37.578, -0.218, -0.518, 0.168
37.595, -0.219, -0.518, 0.167
37.611, -0.219, -0.518, 0.166
37.628, -0.221, -0.518, 0.166
37.645, -0.221, -0.518, 0.165
37.662, -0.222, -0.519, 0.165
37.678, -0.223, -0.519, 0.164
37.695, -0.224, -0.519, 0.164
37.712, -0.224, -0.519, 0.163
37.728, -0.225, -0.519, 0.163
37.745, -0.226, -0.519, 0.162
37.762, -0.226, -0.519, 0.162
37.778, -0.227, -0.520, 0.161
37.795, -0.227, -0.520, 0.161
37.811, -0.228, -0.520, 0.160
37.828, -0.228, -0.521, 0.160
37.845, -0.229, -0.521, 0.159
37.862, -0.229, -0.521, 0.159
37.878, -0.229, -0.522, 0.159
37.895, -0.229, -0.522, 0.158
37.911, -0.229, -0.523, 0.158
37.928, -0.229, -0.524, 0.157
37.945, -0.229, -0.524, 0.157
37.962, -0.229, -0.524, 0.157
37.978, -0.229, -0.525, 0.156
37.995, -0.229, -0.525, 0.156
38.012, -0.229, -0.526, 0.156
38.029, -0.228, -0.526, 0.155
38.046, -0.228, -0.526, 0.155
38.061, -0.228, -0.527, 0.155
38.078, -0.227, -0.527, 0.154
38.095, -0.227, -0.527, 0.154
38.111, -0.227, -0.527, 0.154
38.128, -0.226, -0.528, 0.153
38.145, -0.225, -0.528, 0.153
38.162, -0.225, -0.528, 0.153
38.178, -0.224, -0.528, 0.152
38.195, -0.223, -0.528, 0.152
38.212, -0.222, -0.528, 0.151
38.228, -0.222, -0.528, 0.151
38.245, -0.221, -0.528, 0.150
38.262, -0.221, -0.528, 0.150
38.278, -0.219, -0.528, 0.149
38.295, -0.219, -0.528, 0.149
38.312, -0.218, -0.528, 0.149
38.328, -0.217, -0.528, 0.148
38.345, -0.217, -0.528, 0.147
38.362, -0.216, -0.528, 0.147
38.378, -0.215, -0.528, 0.147
38.395, -0.214, -0.528, 0.147
38.412, -0.214, -0.528, 0.146
38.428, -0.213, -0.528, 0.146
38.445, -0.212, -0.528, 0.145
38.462, -0.212, -0.528, 0.145
38.478, -0.211, -0.528, 0.144
38.495, -0.210, -0.528, 0.144
38.512, -0.210, -0.528, 0.144
38.528, -0.209, -0.528, 0.143
38.545, -0.209, -0.528, 0.143
38.562, -0.209, -0.528, 0.143
38.578, -0.208, -0.528, 0.142
38.595, -0.208, -0.528, 0.142
38.611, -0.207, -0.528, 0.142
38.629, -0.207, -0.527, 0.141
38.645, -0.206, -0.527, 0.141
38.662, -0.206, -0.527, 0.141
38.678, -0.206, -0.527, 0.141
38.695, -0.205, -0.527, 0.140
38.711, -0.205, -0.527, 0.140
38.728, -0.205, -0.526, 0.140
38.745, -0.204, -0.526, 0.140
38.762, -0.204, -0.526, 0.140
38.778, -0.203, -0.526, 0.139
38.795, -0.203, -0.526, 0.139
38.812, -0.203, -0.526, 0.139
38.828, -0.202, -0.525, 0.139
38.845, -0.202, -0.525, 0.138
38.862, -0.202, -0.525, 0.138
38.878, -0.201, -0.525, 0.137
38.895, -0.201, -0.525, 0.137
38.912, -0.201, -0.525, 0.137
38.928, -0.200, -0.526, 0.136
38.945, -0.200, -0.526, 0.136
38.962, -0.200, -0.526, 0.136
38.979, -0.199, -0.526, 0.135
38.995, -0.199, -0.527, 0.134
39.012, -0.199, -0.527, 0.134
39.029, -0.199, -0.528, 0.134
39.045, -0.198, -0.528, 0.133
39.062, -0.198, -0.528, 0.133
39.078, -0.198, -0.529, 0.132
39.095, -0.198, -0.529, 0.130
39.111, -0.198, -0.530, 0.128
39.128, -0.198, -0.530, 0.125
39.145, -0.198, -0.531, 0.120
39.162, -0.198, -0.531, 0.117
39.178, -0.198, -0.532, 0.106
39.195, -0.199, -0.533, 0.097
39.211, -0.199, -0.533, 0.091
39.228, -0.199, -0.535, 0.072
39.245, -0.199, -0.536, 0.057
39.262, -0.200, -0.536, 0.048
39.278, -0.199, -0.535, 0.037
39.295, -0.200, -0.535, 0.042
39.312, -0.201, -0.534, 0.045
39.328, -0.201, -0.534, 0.045
39.345, -0.203, -0.534, 0.043
39.362, -0.203, -0.533, 0.041
39.378, -0.205, -0.534, 0.035
39.395, -0.204, -0.534, 0.037
39.411, -0.204, -0.534, 0.036
39.429, -0.203, -0.535, 0.036
39.445, -0.203, -0.534, 0.035
39.462, -0.203, -0.534, 0.036
39.478, -0.203, -0.535, 0.035
39.495, -0.203, -0.534, 0.036
39.511, -0.203, -0.534, 0.036
39.528, -0.203, -0.534, 0.035
39.545, -0.203, -0.534, 0.035
39.561, -0.203, -0.534, 0.035
39.578, -0.203, -0.534, 0.035
39.595, -0.203, -0.534, 0.035
39.611, -0.203, -0.534, 0.035
39.628, -0.203, -0.534, 0.035
39.645, -0.203, -0.534, 0.035
39.661, -0.203, -0.534, 0.035
39.678, -0.203, -0.534, 0.035
39.695, -0.203, -0.534, 0.035
39.712, -0.203, -0.534, 0.035
39.728, -0.203, -0.534, 0.035
39.745, -0.203, -0.534, 0.035
39.762, -0.203, -0.534, 0.035
39.778, -0.203, -0.534, 0.035
39.795, -0.203, -0.535, 0.035
39.811, -0.203, -0.534, 0.035
39.828, -0.203, -0.534, 0.035
39.845, -0.203, -0.534, 0.035
39.862, -0.203, -0.534, 0.036
39.878, -0.203, -0.534, 0.035
39.895, -0.203, -0.534, 0.035
39.912, -0.203, -0.534, 0.035
39.928, -0.203, -0.534, 0.035
39.945, -0.203, -0.534, 0.035
39.962, -0.203, -0.534, 0.035
39.978, -0.203, -0.534, 0.036
39.995, -0.203, -0.534, 0.035
40.011, -0.203, -0.534, 0.035
40.028, -0.203, -0.534, 0.035
40.045, -0.203, -0.534, 0.035
40.062, -0.203, -0.534, 0.035
40.078, -0.203, -0.534, 0.035
40.095, -0.203, -0.534, 0.035
40.111, -0.203, -0.534, 0.035
40.129, -0.203, -0.534, 0.035
40.145, -0.203, -0.534, 0.035
40.162, -0.203, -0.535, 0.035
40.178, -0.203, -0.534, 0.035
40.195, -0.203, -0.534, 0.035
40.212, -0.203, -0.534, 0.035
40.228, -0.203, -0.534, 0.035
40.245, -0.203, -0.535, 0.035
40.262, -0.203, -0.534, 0.035
40.278, -0.203, -0.534, 0.035
40.295, -0.203, -0.534, 0.035
40.312, -0.203, -0.535, 0.035
40.328, -0.203, -0.534, 0.035
40.345, -0.203, -0.534, 0.035
40.362, -0.203, -0.534, 0.035
40.378, -0.203, -0.534, 0.035
40.395, -0.203, -0.534, 0.035
40.413, -0.203, -0.534, 0.035
40.428, -0.203, -0.534, 0.036
40.445, -0.203, -0.534, 0.035
40.462, -0.203, -0.534, 0.035
40.478, -0.203, -0.534, 0.036
40.495, -0.203, -0.534, 0.035
40.512, -0.203, -0.534, 0.035
40.528, -0.203, -0.534, 0.035
40.545, -0.203, -0.534, 0.035
40.562, -0.203, -0.534, 0.035
40.578, -0.203, -0.534, 0.035
40.595, -0.203, -0.534, 0.035
40.612, -0.203, -0.534, 0.035
40.628, -0.203, -0.534, 0.035
40.645, -0.203, -0.534, 0.035
40.662, -0.203, -0.534, 0.035
40.678, -0.203, -0.534, 0.035
40.695, -0.203, -0.534, 0.035
40.712, -0.203, -0.534, 0.035
40.728, -0.203, -0.534, 0.035
40.745, -0.203, -0.534, 0.035
40.762, -0.203, -0.534, 0.035
40.779, -0.203, -0.534, 0.035
40.795, -0.203, -0.534, 0.035
40.812, -0.203, -0.534, 0.035
40.829, -0.203, -0.534, 0.035
40.845, -0.203, -0.534, 0.035
40.862, -0.203, -0.534, 0.035
40.878, -0.203, -0.534, 0.035
40.895, -0.203, -0.534, 0.035
40.912, -0.203, -0.534, 0.035
40.929, -0.203, -0.535, 0.035
40.945, -0.203, -0.534, 0.035
40.962, -0.203, -0.534, 0.035
40.978, -0.203, -0.534, 0.035
40.995, -0.203, -0.534, 0.035
41.012, -0.203, -0.534, 0.035
41.028, -0.203, -0.534, 0.035
41.045, -0.203, -0.534, 0.035
41.062, -0.203, -0.534, 0.035
41.079, -0.203, -0.534, 0.035
41.095, -0.203, -0.534, 0.035
41.112, -0.203, -0.534, 0.035
41.128, -0.203, -0.534, 0.035
41.146, -0.203, -0.534, 0.035
41.162, -0.203, -0.534, 0.035
41.179, -0.203, -0.534, 0.035
41.195, -0.203, -0.534, 0.035
41.212, -0.203, -0.534, 0.035
41.228, -0.203, -0.534, 0.035
41.245, -0.203, -0.534, 0.035
41.262, -0.203, -0.534, 0.035
41.278, -0.203, -0.534, 0.035
41.295, -0.203, -0.534, 0.035
41.312, -0.203, -0.534, 0.035
41.328, -0.203, -0.534, 0.035
41.345, -0.203, -0.535, 0.035
41.362, -0.203, -0.534, 0.035
41.379, -0.203, -0.534, 0.035
41.395, -0.203, -0.534, 0.035
41.412, -0.203, -0.534, 0.035
41.428, -0.203, -0.534, 0.035
41.445, -0.203, -0.535, 0.035
41.462, -0.203, -0.534, 0.035
41.478, -0.203, -0.534, 0.036
41.495, -0.203, -0.534, 0.035
41.516, -0.203, -0.534, 0.035
41.528, -0.203, -0.534, 0.035
41.545, -0.203, -0.534, 0.035
41.562, -0.203, -0.534, 0.035
41.578, -0.203, -0.534, 0.035
41.595, -0.203, -0.534, 0.035
41.612, -0.203, -0.534, 0.035
41.628, -0.203, -0.534, 0.035
41.645, -0.203, -0.534, 0.035
41.662, -0.203, -0.535, 0.035
41.678, -0.203, -0.534, 0.035
41.695, -0.203, -0.534, 0.035
41.712, -0.203, -0.535, 0.035
41.728, -0.203, -0.534, 0.035
41.745, -0.203, -0.534, 0.035
41.762, -0.203, -0.535, 0.035
41.778, -0.203, -0.534, 0.035
41.795, -0.203, -0.534, 0.035
41.812, -0.203, -0.534, 0.035
41.828, -0.203, -0.534, 0.035
41.845, -0.203, -0.534, 0.035
41.862, -0.203, -0.534, 0.035
41.878, -0.203, -0.534, 0.035
41.895, -0.203, -0.534, 0.035
41.912, -0.203, -0.534, 0.035
41.928, -0.203, -0.534, 0.035
41.945, -0.203, -0.534, 0.036
41.962, -0.203, -0.534, 0.035
41.978, -0.203, -0.534, 0.035
41.995, -0.203, -0.534, 0.036
42.012, -0.203, -0.534, 0.035
42.028, -0.203, -0.534, 0.035
42.045, -0.203, -0.534, 0.035
42.062, -0.203, -0.534, 0.035
42.078, -0.203, -0.534, 0.035
42.095, -0.203, -0.534, 0.035
42.111, -0.203, -0.534, 0.035
42.128, -0.203, -0.534, 0.035
42.145, -0.203, -0.534, 0.035
42.162, -0.203, -0.534, 0.035
42.178, -0.203, -0.534, 0.035
42.195, -0.203, -0.534, 0.035
42.212, -0.203, -0.534, 0.035
42.228, -0.203, -0.534, 0.035
42.245, -0.203, -0.534, 0.035
42.262, -0.203, -0.534, 0.035
42.278, -0.203, -0.534, 0.035
42.295, -0.203, -0.534, 0.035
42.312, -0.203, -0.534, 0.035
42.328, -0.203, -0.535, 0.035
42.345, -0.203, -0.534, 0.035
42.362, -0.203, -0.534, 0.036
42.378, -0.203, -0.535, 0.035
42.395, -0.203, -0.534, 0.035
42.412, -0.203, -0.534, 0.035
42.428, -0.203, -0.534, 0.035
42.445, -0.203, -0.534, 0.035
42.462, -0.203, -0.534, 0.035
42.478, -0.203, -0.535, 0.035
42.495, -0.203, -0.534, 0.035
42.512, -0.203, -0.534, 0.035
42.528, -0.203, -0.534, 0.035
42.545, -0.203, -0.534, 0.035
42.562, -0.203, -0.534, 0.035
42.578, -0.203, -0.535, 0.035
42.595, -0.203, -0.534, 0.035
42.612, -0.203, -0.534, 0.035
42.628, -0.203, -0.534, 0.035
42.645, -0.203, -0.534, 0.035
42.662, -0.203, -0.534, 0.035
42.678, -0.203, -0.534, 0.035
42.695, -0.203, -0.534, 0.035
42.712, -0.203, -0.534, 0.035
42.728, -0.203, -0.534, 0.035
42.745, -0.203, -0.535, 0.035
42.762, -0.203, -0.534, 0.035
42.778, -0.203, -0.534, 0.035
42.795, -0.203, -0.535, 0.035
42.812, -0.203, -0.534, 0.035
42.828, -0.203, -0.534, 0.035
42.845, -0.203, -0.535, 0.035
42.861, -0.203, -0.534, 0.035
42.878, -0.203, -0.534, 0.035
42.895, -0.203, -0.535, 0.035
42.911, -0.203, -0.534, 0.035
42.928, -0.203, -0.534, 0.035
42.945, -0.203, -0.535, 0.035
42.962, -0.203, -0.534, 0.035
42.978, -0.203, -0.534, 0.035
42.995, -0.203, -0.534, 0.035
43.012, -0.203, -0.534, 0.035
43.028, -0.203, -0.534, 0.035
43.045, -0.203, -0.534, 0.035
43.062, -0.203, -0.534, 0.035
43.078, -0.203, -0.534, 0.036
43.095, -0.203, -0.534, 0.035
43.111, -0.203, -0.534, 0.035
43.128, -0.203, -0.534, 0.036
43.145, -0.203, -0.534, 0.035
43.162, -0.203, -0.534, 0.035
43.178, -0.203, -0.534, 0.035
43.195, -0.203, -0.534, 0.035
43.212, -0.203, -0.535, 0.035
43.228, -0.203, -0.534, 0.035
43.245, -0.203, -0.534, 0.035
43.262, -0.203, -0.535, 0.035
43.278, -0.203, -0.534, 0.035
43.295, -0.203, -0.534, 0.035
43.312, -0.203, -0.534, 0.035
43.328, -0.203, -0.534, 0.035
43.345, -0.203, -0.534, 0.035
43.363, -0.203, -0.534, 0.035
43.378, -0.203, -0.534, 0.035
43.395, -0.203, -0.534, 0.035
43.412, -0.203, -0.534, 0.035
43.428, -0.203, -0.534, 0.035
43.445, -0.203, -0.534, 0.035
43.462, -0.203, -0.534, 0.035
43.478, -0.203, -0.534, 0.035
43.495, -0.203, -0.534, 0.035
43.512, -0.203, -0.534, 0.035
43.528, -0.203, -0.534, 0.035
43.545, -0.203, -0.534, 0.035
43.563, -0.203, -0.534, 0.035
