0.049, 0.000, 0.000, 0.000
0.065, 0.000, 0.000, 0.000
0.082, 0.000, 0.000, 0.000
0.099, 0.000, 0.000, 0.000
0.116, 0.000, 0.000, 0.000
0.132, 0.000, 0.000, 0.000
0.149, 0.000, 0.000, 0.000
0.165, 0.000, 0.000, 0.000
0.182, 0.000, 0.000, 0.000
0.199, 0.000, 0.000, 0.000
0.215, 0.000, 0.000, 0.000
0.232, 0.000, 0.000, 0.000
0.249, 0.000, 0.000, 0.000
0.265, 0.000, 0.000, 0.000
0.282, 0.000, 0.000, 0.000
0.299, 0.000, 0.000, 0.000
0.315, 0.000, 0.000, 0.000
0.332, 0.000, 0.000, 0.000
0.349, 0.000, 0.000, 0.000
0.366, 0.000, 0.000, 0.000
0.382, 0.000, 0.000, 0.000
0.399, 0.000, 0.000, 0.000
0.416, 0.000, 0.000, 0.000
0.432, 0.000, 0.000, 0.000
0.449, 0.000, 0.000, 0.000
0.466, 0.000, 0.000, 0.000
0.483, 0.000, 0.000, 0.000
0.499, 0.000, 0.000, 0.000
0.516, 0.000, 0.000, 0.000
0.532, 0.000, 0.000, 0.000
0.549, 0.000, 0.000, 0.000
0.566, 0.000, 0.000, 0.000
0.583, 0.000, 0.000, 0.000
0.600, 0.001, -0.002, -0.228
0.616, -0.001, -0.005, -0.224
0.632, 0.001, -0.001, -0.227
0.649, 0.001, -0.001, -0.228
0.666, -0.001, -0.005, -0.225
0.683, 0.001, -0.001, -0.228
0.699, 0.000, -0.000, -0.227
0.716, -0.001, -0.006, -0.225
0.732, 0.001, -0.001, -0.228
0.749, 0.003, -0.008, -0.228
0.766, 0.000, -0.006, -0.225
0.783, 0.002, -0.001, -0.227
0.799, 0.002, -0.008, -0.227
0.816, 0.002, -0.008, -0.227
0.832, 0.001, -0.002, -0.228
0.849, 0.003, -0.009, -0.228
0.866, 0.002, -0.008, -0.228
0.882, 0.002, -0.009, -0.228
0.899, -0.001, -0.006, -0.225
0.916, 0.001, -0.001, -0.228
0.932, 0.002, -0.009, -0.228
0.949, -0.001, -0.006, -0.225
0.966, 0.002, -0.001, -0.228
0.983, -0.001, -0.006, -0.225
0.999, -0.001, -0.006, -0.225
1.016, 0.002, -0.002, -0.227
1.032, -0.001, -0.005, -0.225
1.049, -0.001, -0.005, -0.225
1.066, 0.002, -0.002, -0.228
1.083, -0.001, -0.005, -0.225
1.099, -0.002, -0.005, -0.225
1.116, -0.002, -0.004, -0.225
1.132, -0.000, -0.006, -0.225
1.149, 0.002, -0.009, -0.227
1.165, 0.001, -0.001, -0.228
1.182, -0.000, -0.006, -0.225
1.199, 0.002, -0.003, -0.228
1.215, 0.002, -0.007, -0.228
1.232, 0.002, -0.009, -0.228
1.249, 0.001, -0.001, -0.228
1.266, 0.002, -0.008, -0.228
1.283, -0.003, -0.004, -0.225
1.299, 0.002, -0.001, -0.227
1.315, -0.001, -0.006, -0.225
1.332, 0.001, -0.001, -0.227
1.349, 0.000, 0.000, -0.228
1.366, -0.001, -0.006, -0.225
1.382, 0.002, -0.001, -0.228
1.399, 0.001, -0.001, -0.228
1.415, -0.002, -0.005, -0.225
1.432, 0.001, 0.001, -0.228
1.449, -0.003, -0.004, -0.225
1.465, -0.001, -0.005, -0.225
1.482, 0.000, -0.001, -0.228
1.499, 0.002, -0.008, -0.228
1.516, -0.002, -0.005, -0.225
1.532, 0.002, -0.008, -0.228
1.549, 0.002, -0.008, -0.228
1.566, 0.002, -0.008, -0.228
1.582, 0.002, -0.008, -0.228
1.599, 0.001, -0.007, -0.227
1.616, 0.002, -0.008, -0.227
1.632, 0.002, -0.008, -0.228
1.649, 0.002, -0.008, -0.227
1.666, 0.002, -0.003, -0.228
1.682, 0.002, -0.008, -0.227
1.699, 0.002, -0.008, -0.228
1.716, -0.003, -0.004, -0.225
1.732, 0.002, -0.008, -0.228
1.749, 0.002, -0.009, -0.228
1.766, -0.003, -0.004, -0.225
1.783, 0.003, -0.009, -0.228
1.799, 0.003, -0.010, -0.228
1.816, 0.002, -0.008, -0.227
1.833, 0.002, -0.009, -0.228
1.849, 0.002, -0.008, -0.227
1.865, 0.002, -0.008, -0.228
1.882, 0.002, -0.009, -0.228
1.899, 0.001, -0.001, -0.228
1.916, 0.003, -0.009, -0.227
1.932, -0.002, -0.005, -0.225
1.949, 0.001, -0.002, -0.228
1.965, -0.000, -0.006, -0.225
1.982, 0.001, -0.001, -0.228
1.999, -0.002, -0.006, -0.225
2.016, -0.002, -0.004, -0.225
2.032, 0.002, -0.001, -0.228
2.049, 0.002, -0.009, -0.228
2.065, -0.001, -0.005, -0.225
2.082, 0.002, -0.002, -0.228
2.099, 0.002, -0.009, -0.227
2.115, 0.002, -0.001, -0.228
2.132, 0.003, -0.009, -0.228
2.149, -0.001, -0.006, -0.225
2.166, 0.002, -0.008, -0.228
2.182, 0.002, -0.009, -0.227
2.199, -0.000, -0.006, -0.225
2.215, 0.003, -0.009, -0.228
2.232, 0.001, -0.008, -0.228
2.249, -0.001, -0.006, -0.225
2.266, -0.001, -0.006, -0.225
2.282, -0.001, -0.006, -0.225
2.299, -0.000, -0.006, -0.225
2.315, 0.002, -0.002, -0.228
2.332, -0.001, -0.005, -0.225
2.349, -0.001, -0.006, -0.225
2.365, 0.002, -0.002, -0.228
2.382, -0.000, -0.006, -0.225
2.399, 0.002, -0.009, -0.228
2.416, 0.003, -0.009, -0.228
2.432, -0.000, -0.006, -0.225
2.449, 0.002, -0.008, -0.227
2.465, 0.002, -0.001, -0.228
2.482, 0.002, -0.008, -0.228
2.499, 0.001, -0.001, -0.228
2.515, 0.003, -0.009, -0.228
2.532, 0.002, -0.008, -0.228
2.549, 0.002, -0.001, -0.228
2.565, 0.002, -0.009, -0.227
2.582, 0.001, -0.001, -0.227
2.599, 0.002, -0.002, -0.228
2.615, 0.002, -0.008, -0.228
2.632, 0.002, -0.002, -0.228
2.649, 0.002, -0.003, -0.228
2.666, -0.001, -0.006, -0.225
2.682, 0.001, -0.002, -0.227
2.699, 0.002, -0.008, -0.227
2.715, 0.003, -0.008, -0.228
2.732, 0.002, -0.002, -0.227
2.749, 0.002, -0.008, -0.227
2.765, 0.002, -0.008, -0.228
2.782, 0.002, -0.008, -0.227
2.799, -0.002, -0.005, -0.225
2.815, 0.001, -0.002, -0.227
2.832, 0.001, -0.008, -0.227
2.849, -0.002, -0.004, -0.225
2.865, 0.002, -0.009, -0.227
2.882, 0.002, -0.008, -0.228
2.899, -0.000, -0.006, -0.225
2.915, 0.001, -0.001, -0.228
2.932, -0.001, -0.005, -0.224
2.949, -0.002, -0.005, -0.224
2.965, 0.001, -0.001, -0.228
2.982, -0.001, -0.006, -0.225
2.999, 0.002, -0.008, -0.227
3.016, -0.002, -0.005, -0.225
3.032, -0.001, -0.005, -0.225
3.049, 0.002, -0.008, -0.227
3.066, 0.001, -0.001, -0.228
3.082, 0.002, -0.008, -0.228
3.099, 0.001, -0.001, -0.228
3.115, -0.001, -0.006, -0.225
3.132, 0.002, -0.008, -0.227
3.149, 0.001, -0.000, -0.227
3.165, 0.003, -0.009, -0.228
3.182, 0.002, -0.008, -0.227
3.199, 0.002, -0.001, -0.228
3.215, -0.002, -0.005, -0.225
3.232, 0.001, -0.001, -0.228
3.249, 0.002, -0.002, -0.228
3.266, -0.001, -0.004, -0.225
3.282, 0.001, -0.001, -0.228
3.299, 0.002, -0.001, -0.228
3.316, 0.002, -0.008, -0.228
3.332, 0.001, -0.002, -0.228
3.349, 0.002, -0.008, -0.227
3.366, -0.001, -0.005, -0.225
3.382, -0.002, -0.005, -0.225
3.399, -0.002, -0.004, -0.225
3.416, 0.001, -0.007, -0.228
3.433, 0.002, -0.008, -0.228
3.449, -0.002, -0.005, -0.225
3.466, 0.002, -0.009, -0.227
3.482, 0.001, -0.008, -0.228
3.499, -0.001, -0.005, -0.225
3.516, 0.001, -0.000, -0.228
3.533, -0.001, -0.006, -0.225
3.549, -0.000, -0.006, -0.225
3.566, 0.001, -0.001, -0.228
3.582, -0.001, -0.006, -0.225
3.599, -0.001, -0.007, -0.225
3.616, 0.001, -0.000, -0.228
3.632, -0.001, -0.006, -0.225
3.649, 0.001, -0.008, -0.228
3.666, 0.001, -0.001, -0.228
3.682, -0.001, -0.005, -0.225
3.699, 0.001, -0.008, -0.228
3.716, 0.003, -0.009, -0.228
3.732, 0.002, -0.007, -0.228
3.749, 0.001, -0.001, -0.228
3.766, 0.003, -0.009, -0.228
3.783, 0.002, -0.009, -0.228
3.799, 0.002, -0.002, -0.228
3.815, -0.001, -0.005, -0.225
3.832, 0.001, -0.000, -0.228
3.849, 0.002, -0.002, -0.228
3.866, -0.001, -0.005, -0.225
3.883, 0.002, -0.002, -0.228
3.899, 0.002, -0.002, -0.228
3.916, -0.001, -0.005, -0.225
3.932, 0.002, -0.002, -0.228
3.949, -0.002, -0.005, -0.225
3.966, -0.001, -0.006, -0.225
3.983, 0.001, -0.000, -0.228
3.999, 0.002, -0.008, -0.228
4.016, -0.001, -0.006, -0.225
4.033, -0.002, -0.004, -0.225
4.049, 0.002, -0.008, -0.228
4.066, -0.001, -0.006, -0.225
4.082, 0.002, -0.008, -0.227
4.099, 0.003, -0.008, -0.228
4.116, 0.002, -0.008, -0.228
4.132, 0.002, -0.008, -0.228
4.149, -0.000, -0.006, -0.225
4.166, 0.002, -0.008, -0.228
4.183, 0.002, -0.009, -0.227
4.199, 0.002, -0.009, -0.228
4.216, 0.000, -0.000, -0.228
4.233, 0.003, -0.009, -0.228
4.249, 0.002, -0.008, -0.228
4.266, 0.002, -0.008, -0.227
4.282, 0.002, -0.008, -0.228
4.299, 0.002, -0.009, -0.228
4.316, 0.002, -0.009, -0.228
4.332, 0.001, -0.008, -0.228
4.349, -0.002, -0.005, -0.225
4.366, 0.003, -0.009, -0.227
4.383, 0.001, -0.001, -0.228
4.399, 0.002, -0.002, -0.228
4.415, 0.002, -0.008, -0.228
4.433, 0.002, -0.002, -0.228
4.449, 0.002, -0.003, -0.227
4.466, -0.001, -0.005, -0.225
4.482, 0.002, -0.003, -0.228
4.499, 0.002, -0.002, -0.228
4.516, -0.001, -0.006, -0.225
4.532, 0.002, -0.001, -0.228
4.549, 0.002, -0.008, -0.227
4.565, -0.002, -0.005, -0.225
4.582, 0.001, -0.001, -0.228
4.599, -0.001, -0.005, -0.225
4.616, -0.001, -0.006, -0.225
4.632, 0.002, -0.008, -0.228
4.650, -0.000, -0.006, -0.225
4.667, 0.002, -0.009, -0.227
4.683, 0.001, -0.008, -0.228
4.699, -0.001, -0.006, -0.225
4.716, 0.002, -0.001, -0.228
4.732, -0.001, -0.005, -0.225
4.749, 0.000, -0.007, -0.225
4.766, 0.002, -0.001, -0.228
4.782, -0.001, -0.006, -0.225
4.799, -0.001, -0.006, -0.225
4.816, 0.002, -0.001, -0.228
4.832, -0.000, -0.006, -0.225
4.849, -0.001, -0.006, -0.225
4.866, 0.001, -0.000, -0.228
4.882, -0.000, -0.006, -0.225
4.899, 0.002, -0.008, -0.228
4.916, 0.003, -0.010, -0.227
4.932, -0.001, -0.005, -0.225
4.949, 0.002, -0.007, -0.227
4.966, 0.002, -0.001, -0.228
4.982, 0.002, -0.008, -0.228
4.999, -0.002, -0.006, -0.225
5.016, -0.000, -0.005, -0.225
5.032, 0.002, -0.009, -0.228
5.049, 0.002, -0.010, -0.228
5.066, 0.002, -0.008, -0.227
5.082, 0.003, -0.010, -0.227
5.099, 0.002, -0.002, -0.227
5.116, -0.001, -0.006, -0.225
5.132, 0.001, -0.001, -0.227
5.149, 0.000, -0.001, -0.227
5.165, -0.001, -0.005, -0.225
5.182, 0.002, -0.002, -0.228
5.199, 0.002, -0.008, -0.227
5.215, 0.002, -0.009, -0.228
5.232, 0.001, -0.008, -0.228
5.249, 0.001, -0.009, -0.228
5.265, 0.002, -0.010, -0.228
5.282, 0.002, -0.008, -0.228
5.299, 0.002, -0.009, -0.228
5.315, -0.003, -0.004, -0.225
5.332, -0.003, -0.005, -0.226
5.349, 0.002, -0.009, -0.228
5.365, 0.002, -0.009, -0.228
5.382, 0.003, -0.009, -0.228
5.399, -0.001, -0.007, -0.226
5.415, 0.001, -0.002, -0.228
5.432, -0.001, -0.007, -0.225
5.449, 0.000, -0.008, -0.228
5.465, 0.001, -0.002, -0.228
5.482, -0.002, -0.006, -0.225
5.499, 0.001, -0.008, -0.228
5.515, 0.001, -0.001, -0.228
5.532, 0.002, -0.008, -0.228
5.549, 0.002, -0.001, -0.228
5.565, 0.001, -0.002, -0.228
5.582, 0.001, -0.009, -0.228
5.599, 0.001, -0.003, -0.228
5.615, -0.002, -0.005, -0.225
5.632, 0.002, -0.009, -0.228
5.649, 0.001, -0.002, -0.228
5.665, 0.002, -0.009, -0.228
5.682, 0.002, -0.003, -0.228
5.699, 0.001, -0.003, -0.228
5.715, -0.002, -0.006, -0.225
5.732, 0.002, -0.003, -0.228
5.750, 0.005, -0.006, -0.231
5.765, -0.001, -0.006, -0.225
5.782, -0.003, -0.006, -0.226
5.799, 0.001, -0.008, -0.228
5.816, 0.002, -0.010, -0.228
5.832, 0.001, -0.002, -0.228
5.849, 0.002, -0.008, -0.228
5.865, -0.001, -0.007, -0.225
5.882, 0.001, -0.002, -0.228
5.899, 0.002, -0.009, -0.228
5.915, 0.002, -0.009, -0.228
5.932, 0.002, -0.010, -0.228
5.949, -0.001, -0.007, -0.225
5.965, -0.003, -0.005, -0.225
5.982, -0.001, -0.007, -0.225
5.999, -0.001, -0.007, -0.226
6.015, 0.001, -0.001, -0.228
6.032, -0.001, -0.006, -0.225
6.049, -0.001, -0.007, -0.226
6.065, 0.001, -0.002, -0.228
6.082, -0.001, -0.006, -0.226
6.099, -0.001, -0.005, -0.225
6.115, 0.001, -0.002, -0.228
6.132, -0.001, -0.006, -0.225
6.149, 0.001, -0.008, -0.228
6.165, 0.002, -0.002, -0.228
6.182, -0.002, -0.004, -0.225
6.199, 0.002, -0.009, -0.228
6.216, 0.001, -0.008, -0.228
6.232, 0.001, -0.008, -0.228
6.249, 0.002, -0.002, -0.228
6.265, 0.001, -0.007, -0.228
6.282, 0.002, -0.009, -0.228
6.299, -0.000, -0.000, -0.227
6.316, -0.001, -0.005, -0.225
6.332, 0.005, -0.006, -0.231
6.349, 0.001, -0.001, -0.228
6.365, 0.002, -0.009, -0.228
6.382, 0.001, -0.001, -0.228
6.399, 0.001, -0.001, -0.228
6.416, -0.002, -0.006, -0.226
6.432, 0.001, -0.001, -0.228
6.449, 0.001, -0.002, -0.228
6.465, -0.000, -0.007, -0.225
6.482, -0.000, -0.000, -0.228
6.499, 0.002, -0.008, -0.228
6.516, 0.001, -0.008, -0.228
6.532, 0.000, -0.001, -0.228
6.549, 0.001, -0.009, -0.228
6.565, -0.002, -0.006, -0.225
6.582, 0.002, -0.002, -0.228
6.599, -0.002, -0.006, -0.226
6.615, 0.002, -0.002, -0.229
6.632, 0.002, -0.009, -0.228
6.649, -0.001, -0.005, -0.225
6.665, 0.002, -0.009, -0.228
6.682, -0.002, -0.005, -0.225
6.699, -0.001, -0.006, -0.225
6.716, 0.001, -0.002, -0.228
6.732, -0.003, -0.005, -0.225
6.749, 0.002, -0.008, -0.228
6.765, 0.001, -0.002, -0.228
6.782, -0.002, -0.005, -0.225
6.799, 0.001, -0.009, -0.228
6.816, 0.002, -0.008, -0.228
6.832, -0.001, -0.006, -0.226
6.849, -0.003, -0.006, -0.225
6.865, 0.005, -0.006, -0.230
6.882, 0.002, -0.010, -0.228
6.899, 0.001, -0.002, -0.228
6.915, -0.001, -0.006, -0.225
6.932, 0.002, -0.009, -0.228
6.949, 0.001, -0.001, -0.228
6.965, 0.002, -0.009, -0.228
6.982, 0.001, -0.002, -0.228
6.999, 0.001, -0.000, -0.228
7.015, -0.001, -0.006, -0.225
7.032, -0.002, -0.004, -0.225
7.049, -0.002, -0.005, -0.225
7.065, -0.001, -0.006, -0.225
7.082, 0.000, -0.001, -0.228
7.099, 0.002, -0.010, -0.228
7.115, 0.001, -0.008, -0.227
7.132, 0.001, -0.002, -0.228
7.149, 0.001, -0.009, -0.228
7.165, -0.002, -0.006, -0.225
7.182, 0.002, -0.009, -0.228
7.199, -0.002, -0.006, -0.225
7.216, 0.002, -0.008, -0.228
7.232, 0.002, -0.009, -0.228
7.249, -0.001, -0.006, -0.225
7.265, 0.002, -0.008, -0.227
7.282, 0.002, -0.009, -0.228
7.299, -0.002, -0.006, -0.225
7.316, 0.001, -0.003, -0.227
7.333, -0.002, -0.006, -0.225
7.349, -0.002, -0.006, -0.225
7.365, 0.002, -0.002, -0.228
7.382, -0.002, -0.004, -0.224
7.399, -0.002, -0.005, -0.224
7.416, 0.001, -0.006, -0.226
7.432, -0.002, -0.004, -0.224
7.449, 0.002, -0.006, -0.226
7.465, -0.000, 0.002, -0.226
7.482, -0.001, -0.004, -0.222
7.499, 0.008, -0.008, -0.230
7.516, 0.001, -0.010, -0.225
7.532, -0.002, -0.007, -0.222
7.549, 0.001, -0.002, -0.225
7.565, 0.008, -0.008, -0.229
7.582, 0.001, -0.001, -0.225
7.599, 0.000, 0.001, -0.225
7.615, -0.002, -0.005, -0.222
7.632, 0.007, -0.007, -0.229
7.649, -0.001, -0.001, -0.225
7.667, 0.002, -0.011, -0.225
7.683, 0.001, 0.002, -0.225
7.699, 0.002, -0.001, -0.226
7.715, -0.002, -0.005, -0.222
7.732, 0.002, -0.002, -0.225
7.749, 0.001, -0.002, -0.225
7.765, -0.002, -0.003, -0.222
7.782, 0.001, -0.003, -0.225
7.799, 0.009, -0.009, -0.229
7.816, 0.001, -0.007, -0.224
7.832, 0.001, -0.002, -0.225
7.849, 0.008, -0.007, -0.229
7.865, 0.005, -0.010, -0.227
7.882, 0.006, -0.006, -0.226
7.899, 0.002, -0.008, -0.223
7.915, 0.002, -0.009, -0.223
7.932, 0.002, -0.007, -0.222
7.949, 0.001, -0.007, -0.221
7.965, 0.004, -0.010, -0.220
7.982, 0.002, -0.008, -0.218
7.999, 0.004, -0.009, -0.218
8.016, 0.003, -0.007, -0.215
8.032, 0.001, -0.008, -0.213
8.049, -0.004, -0.002, -0.208
8.065, -0.002, -0.005, -0.209
8.082, -0.007, 0.001, -0.203
8.099, -0.006, 0.002, -0.202
8.115, -0.009, 0.004, -0.198
8.133, -0.010, 0.004, -0.192
8.149, -0.012, 0.001, -0.192
8.165, -0.014, 0.000, -0.188
8.182, -0.002, 0.009, -0.187
8.199, 0.001, 0.012, -0.186
8.215, -0.004, 0.003, -0.183
8.232, -0.008, 0.014, -0.182
8.249, -0.014, 0.017, -0.180
8.265, -0.010, 0.012, -0.176
8.282, -0.015, 0.008, -0.176
8.299, -0.019, 0.013, -0.176
8.315, -0.003, -0.001, -0.174
8.332, -0.007, 0.010, -0.169
8.349, -0.018, 0.008, -0.160
8.365, -0.003, 0.003, -0.167
8.382, -0.012, 0.017, -0.164
8.399, 0.000, 0.004, -0.165
8.416, -0.010, 0.020, -0.157
8.432, -0.002, 0.010, -0.160
8.449, -0.010, 0.012, -0.162
8.466, -0.006, 0.007, -0.157
8.482, -0.007, 0.007, -0.157
8.499, -0.003, 0.012, -0.158
8.516, -0.006, 0.009, -0.157
8.532, -0.007, 0.017, -0.159
8.549, -0.010, 0.008, -0.157
8.565, -0.017, 0.013, -0.153
8.582, -0.021, 0.009, -0.149
8.599, -0.016, 0.003, -0.149
8.616, -0.016, 0.005, -0.150
8.632, -0.009, 0.003, -0.145
8.649, -0.006, -0.000, -0.149
8.665, -0.012, 0.003, -0.143
8.682, -0.017, -0.001, -0.134
8.699, -0.025, -0.010, -0.136
8.716, -0.035, -0.010, -0.126
8.732, -0.020, -0.021, -0.133
8.749, -0.028, -0.027, -0.121
8.765, -0.026, -0.031, -0.121
8.782, -0.037, -0.027, -0.116
8.799, -0.026, -0.030, -0.118
8.816, -0.038, -0.037, -0.111
8.832, -0.039, -0.042, -0.108
8.849, -0.038, -0.042, -0.104
8.865, -0.049, -0.032, -0.097
8.882, -0.038, -0.039, -0.101
8.899, -0.040, -0.028, -0.097
8.915, -0.041, -0.030, -0.094
8.932, -0.036, -0.031, -0.098
8.949, -0.043, -0.030, -0.086
8.965, -0.037, -0.038, -0.089
8.982, -0.047, -0.037, -0.083
8.999, -0.039, -0.036, -0.086
9.016, -0.039, -0.038, -0.083
9.032, -0.042, -0.033, -0.079
9.049, -0.036, -0.036, -0.079
9.065, -0.036, -0.029, -0.075
9.082, -0.041, -0.025, -0.070
9.099, -0.037, -0.030, -0.073
9.115, -0.036, -0.029, -0.071
9.132, -0.034, -0.032, -0.069
9.149, -0.037, -0.031, -0.070
9.165, -0.033, -0.031, -0.065
9.182, -0.030, -0.026, -0.063
9.199, -0.027, -0.024, -0.060
9.215, -0.019, -0.025, -0.057
9.232, -0.021, -0.021, -0.056
9.249, -0.020, -0.023, -0.056
9.265, -0.017, -0.021, -0.052
9.282, -0.014, -0.017, -0.050
9.299, -0.013, -0.017, -0.048
9.315, -0.013, -0.012, -0.045
9.332, -0.004, -0.013, -0.042
9.349, -0.003, -0.016, -0.043
9.365, -0.002, -0.014, -0.038
9.382, 0.001, -0.011, -0.037
9.399, 0.001, -0.010, -0.037
9.415, 0.004, -0.011, -0.032
9.432, 0.008, -0.009, -0.033
9.449, 0.004, -0.007, -0.030
9.465, 0.010, -0.010, -0.034
9.482, 0.013, -0.011, -0.031
9.499, 0.015, -0.005, -0.033
9.515, 0.012, -0.005, -0.034
9.532, 0.010, -0.005, -0.034
9.549, 0.015, -0.004, -0.037
9.565, 0.009, -0.003, -0.037
9.582, 0.014, -0.005, -0.040
9.599, 0.014, -0.001, -0.040
9.616, 0.014, 0.001, -0.042
9.633, 0.015, 0.001, -0.042
9.649, 0.012, 0.004, -0.045
9.665, 0.010, 0.003, -0.046
9.682, 0.011, 0.002, -0.048
9.699, 0.012, 0.006, -0.049
9.718, 0.014, 0.005, -0.051
9.732, 0.015, 0.005, -0.050
9.750, 0.011, 0.006, -0.048
9.765, 0.013, 0.003, -0.051
9.782, 0.013, 0.005, -0.049
9.799, 0.015, 0.008, -0.051
9.817, 0.016, 0.007, -0.050
9.833, 0.014, 0.006, -0.050
9.849, 0.016, 0.003, -0.049
9.865, 0.011, 0.004, -0.049
9.882, 0.010, 0.004, -0.047
9.899, 0.012, 0.003, -0.045
9.916, 0.011, 0.001, -0.041
9.933, 0.010, 0.001, -0.041
9.949, 0.009, 0.001, -0.041
9.965, 0.007, -0.005, -0.038
9.982, 0.007, -0.006, -0.038
10.000, 0.006, -0.006, -0.037
10.016, 0.002, -0.009, -0.035
10.033, 0.002, -0.009, -0.034
10.049, 0.004, -0.006, -0.035
10.065, -0.002, -0.011, -0.033
10.082, -0.002, -0.018, -0.031
10.099, -0.004, -0.016, -0.030
10.116, -0.003, -0.014, -0.031
10.133, -0.005, -0.014, -0.029
10.149, -0.007, -0.016, -0.029
10.165, -0.008, -0.013, -0.029
10.182, -0.008, -0.016, -0.028
10.199, -0.010, -0.019, -0.028
10.218, -0.011, -0.018, -0.028
10.232, -0.010, -0.021, -0.028
10.249, -0.010, -0.021, -0.028
10.265, -0.013, -0.020, -0.029
10.282, -0.014, -0.022, -0.028
10.299, -0.014, -0.021, -0.027
10.316, -0.013, -0.021, -0.030
10.332, -0.013, -0.022, -0.030
10.349, -0.014, -0.020, -0.030
10.365, -0.014, -0.021, -0.031
10.382, -0.016, -0.017, -0.030
10.399, -0.015, -0.020, -0.031
10.415, -0.015, -0.020, -0.031
10.432, -0.015, -0.018, -0.030
10.449, -0.016, -0.021, -0.029
10.465, -0.017, -0.016, -0.029
10.482, -0.016, -0.015, -0.030
10.499, -0.015, -0.015, -0.030
10.516, -0.017, -0.013, -0.029
10.532, -0.017, -0.012, -0.029
10.549, -0.017, -0.010, -0.029
10.565, -0.017, -0.012, -0.028
10.582, -0.017, -0.011, -0.027
10.599, -0.017, -0.008, -0.027
10.615, -0.020, -0.006, -0.025
10.632, -0.019, -0.006, -0.023
10.649, -0.019, -0.007, -0.023
10.665, -0.019, -0.008, -0.020
10.682, -0.019, -0.006, -0.020
10.699, -0.019, -0.007, -0.018
10.716, -0.021, -0.005, -0.018
10.732, -0.018, -0.003, -0.014
10.749, -0.019, -0.004, -0.014
10.765, -0.020, -0.002, -0.013
10.782, -0.018, 0.000, -0.014
10.799, -0.022, -0.002, -0.011
10.816, -0.021, -0.004, -0.010
10.833, -0.018, -0.001, -0.009
10.849, -0.019, -0.003, -0.008
10.865, -0.021, -0.000, -0.007
10.882, -0.020, -0.002, -0.007
10.899, -0.020, -0.004, -0.006
10.916, -0.020, -0.002, -0.006
10.932, -0.020, -0.001, -0.004
10.949, -0.020, -0.002, -0.005
10.965, -0.021, -0.001, -0.003
10.982, -0.020, 0.001, -0.004
10.999, -0.020, 0.000, -0.005
11.017, -0.020, -0.001, -0.005
11.032, -0.019, 0.001, -0.005
11.049, -0.021, 0.000, -0.004
11.065, -0.021, 0.000, -0.005
11.082, -0.022, -0.001, -0.006
11.099, -0.021, -0.001, -0.007
11.116, -0.019, -0.001, -0.008
11.132, -0.019, -0.001, -0.008
11.149, -0.019, -0.002, -0.008
11.165, -0.019, -0.003, -0.008
11.182, -0.021, -0.006, -0.007
11.199, -0.020, -0.004, -0.008
11.216, -0.021, -0.004, -0.009
11.232, -0.020, -0.006, -0.009
11.249, -0.021, -0.004, -0.009
11.265, -0.021, -0.004, -0.009
11.282, -0.020, -0.003, -0.009
11.299, -0.020, -0.003, -0.008
11.316, -0.020, -0.005, -0.008
11.332, -0.018, -0.005, -0.009
11.349, -0.018, -0.005, -0.009
11.365, -0.018, -0.004, -0.009
11.382, -0.018, -0.007, -0.008
11.399, -0.018, -0.010, -0.007
11.417, -0.017, -0.012, -0.008
11.433, -0.017, -0.010, -0.007
11.449, -0.016, -0.009, -0.007
11.465, -0.016, -0.011, -0.007
11.482, -0.015, -0.012, -0.006
11.499, -0.015, -0.014, -0.006
11.517, -0.015, -0.015, -0.004
11.532, -0.013, -0.014, -0.005
11.549, -0.013, -0.012, -0.004
11.565, -0.012, -0.013, -0.003
11.582, -0.011, -0.016, -0.003
11.599, -0.010, -0.016, -0.003
11.616, -0.011, -0.018, -0.003
11.632, -0.011, -0.020, -0.003
11.649, -0.010, -0.017, -0.002
11.665, -0.009, -0.019, -0.001
11.682, -0.007, -0.020, -0.002
11.699, -0.006, -0.019, -0.002
11.716, -0.005, -0.020, -0.003
11.732, -0.005, -0.023, -0.002
11.749, -0.005, -0.022, -0.003
11.765, -0.005, -0.022, -0.004
11.782, -0.006, -0.019, -0.003
11.799, -0.005, -0.018, -0.003
11.816, -0.001, -0.020, -0.004
11.832, -0.001, -0.020, -0.005
11.849, -0.001, -0.021, -0.004
11.865, -0.002, -0.021, -0.004
11.882, -0.005, -0.021, -0.004
11.899, -0.005, -0.021, -0.003
11.916, -0.005, -0.021, -0.005
11.932, -0.003, -0.020, -0.004
11.949, -0.004, -0.019, -0.004
11.965, -0.004, -0.017, -0.003
11.982, -0.008, -0.014, -0.004
11.999, -0.008, -0.013, -0.006
12.015, -0.006, -0.014, -0.006
12.032, -0.004, -0.016, -0.006
12.049, -0.000, -0.012, -0.008
12.065, -0.003, -0.018, -0.006
12.082, -0.002, -0.015, -0.005
12.099, -0.002, -0.019, -0.004
12.115, -0.001, -0.013, -0.006
12.132, -0.002, -0.010, -0.007
12.149, -0.002, -0.012, -0.007
12.165, -0.001, -0.011, -0.007
12.182, -0.001, -0.014, -0.009
12.199, -0.001, -0.016, -0.008
12.215, -0.001, -0.015, -0.010
12.232, -0.001, -0.015, -0.010
12.249, -0.001, -0.013, -0.011
12.265, 0.001, -0.014, -0.011
12.282, 0.002, -0.012, -0.012
12.299, 0.002, -0.010, -0.012
12.315, -0.001, -0.011, -0.011
12.332, -0.003, -0.011, -0.010
12.349, -0.003, -0.012, -0.010
12.366, -0.002, -0.011, -0.011
12.382, -0.002, -0.014, -0.011
12.399, -0.002, -0.014, -0.010
12.416, -0.001, -0.013, -0.010
12.432, -0.002, -0.011, -0.010
12.449, -0.001, -0.010, -0.009
12.465, -0.003, -0.010, -0.009
12.482, -0.004, -0.011, -0.008
12.499, -0.004, -0.010, -0.007
12.515, -0.006, -0.011, -0.007
12.532, -0.008, -0.008, -0.006
12.549, -0.007, -0.010, -0.006
12.565, -0.008, -0.008, -0.005
12.582, -0.009, -0.009, -0.005
12.599, -0.008, -0.006, -0.004
12.616, -0.009, -0.001, -0.003
12.632, -0.011, -0.000, -0.003
12.649, -0.010, 0.002, -0.004
12.665, -0.012, 0.000, -0.003
12.682, -0.011, -0.001, -0.003
12.699, -0.009, 0.003, -0.005
12.715, -0.010, 0.001, -0.003
12.732, -0.010, 0.003, -0.002
12.749, -0.012, 0.004, -0.001
12.765, -0.011, 0.004, -0.001
12.782, -0.012, 0.001, 0.003
12.799, -0.012, 0.001, 0.002
12.816, -0.011, 0.003, 0.003
12.832, -0.010, 0.005, 0.004
12.849, -0.009, 0.003, 0.004
12.865, -0.009, 0.004, 0.004
12.882, -0.009, 0.002, 0.008
12.899, -0.009, 0.002, 0.009
12.915, -0.010, 0.001, 0.009
12.932, -0.009, 0.004, 0.010
12.949, -0.009, 0.006, 0.010
12.965, -0.008, 0.003, 0.011
12.982, -0.007, 0.002, 0.012
12.999, -0.007, 0.003, 0.013
13.015, -0.011, 0.005, 0.014
13.032, -0.011, 0.005, 0.014
13.049, -0.012, 0.004, 0.014
13.065, -0.010, 0.006, 0.015
13.082, -0.009, 0.003, 0.016
13.099, -0.010, 0.004, 0.017
13.115, -0.009, 0.004, 0.015
13.132, -0.007, 0.003, 0.015
13.149, -0.008, 0.004, 0.016
13.165, -0.007, 0.003, 0.016
13.182, -0.007, 0.002, 0.017
13.199, -0.009, -0.001, 0.019
13.216, -0.013, -0.001, 0.019
13.233, -0.011, -0.005, 0.020
13.249, -0.011, -0.002, 0.020
13.265, -0.009, -0.003, 0.021
13.282, -0.010, -0.003, 0.023
13.299, -0.010, -0.004, 0.023
13.316, -0.009, -0.005, 0.022
13.332, -0.010, -0.004, 0.023
13.349, -0.008, -0.005, 0.023
13.366, -0.007, -0.008, 0.023
13.382, -0.006, -0.012, 0.023
13.399, -0.006, -0.011, 0.022
13.415, -0.005, -0.011, 0.022
13.432, -0.004, -0.010, 0.021
13.449, -0.005, -0.012, 0.021
13.465, -0.006, -0.013, 0.020
13.482, -0.007, -0.014, 0.019
13.499, -0.007, -0.013, 0.017
13.515, -0.005, -0.013, 0.017
13.532, -0.003, -0.013, 0.019
13.549, -0.004, -0.015, 0.020
13.565, -0.003, -0.013, 0.019
13.582, -0.004, -0.017, 0.016
13.599, -0.004, -0.017, 0.016
13.615, -0.006, -0.021, 0.017
13.633, -0.005, -0.025, 0.017
13.649, -0.005, -0.023, 0.017
13.665, -0.004, -0.023, 0.017
13.682, -0.003, -0.019, 0.016
13.699, -0.003, -0.021, 0.016
13.715, -0.005, -0.021, 0.018
13.735, -0.007, -0.022, 0.019
13.750, -0.007, -0.021, 0.019
13.765, -0.007, -0.021, 0.020
13.782, -0.006, -0.020, 0.020
13.799, -0.007, -0.020, 0.021
13.815, -0.008, -0.017, 0.020
13.832, -0.008, -0.016, 0.021
13.849, -0.009, -0.016, 0.020
13.865, -0.010, -0.014, 0.020
13.882, -0.011, -0.015, 0.018
13.899, -0.011, -0.013, 0.018
13.916, -0.014, -0.014, 0.018
13.932, -0.014, -0.012, 0.017
13.949, -0.018, -0.009, 0.018
13.966, -0.016, -0.010, 0.017
13.983, -0.014, -0.012, 0.015
13.999, -0.014, -0.013, 0.015
14.015, -0.014, -0.014, 0.015
14.032, -0.014, -0.010, 0.015
14.049, -0.012, -0.010, 0.015
14.065, -0.010, -0.007, 0.015
14.082, 0.003, 0.004, 0.015
14.099, 0.013, 0.003, 0.013
14.115, 0.035, 0.007, 0.012
14.132, 0.043, 0.013, 0.013
14.149, 0.046, 0.015, 0.013
14.165, 0.049, 0.015, 0.011
14.182, 0.054, 0.020, 0.010
14.199, 0.057, 0.023, 0.010
14.217, 0.064, 0.025, 0.011
14.232, 0.068, 0.020, 0.011
14.249, 0.067, 0.020, 0.012
14.265, 0.069, 0.020, 0.012
14.282, 0.068, 0.024, 0.014
14.299, 0.069, 0.022, 0.013
14.316, 0.069, 0.022, 0.014
14.332, 0.065, 0.019, 0.015
14.349, 0.066, 0.018, 0.017
14.366, 0.065, 0.017, 0.018
14.382, 0.062, 0.017, 0.018
14.399, 0.061, 0.018, 0.018
14.416, 0.056, 0.017, 0.020
14.432, 0.054, 0.017, 0.019
14.449, 0.053, 0.016, 0.021
14.466, 0.050, 0.015, 0.021
14.482, 0.045, 0.016, 0.021
14.499, 0.045, 0.016, 0.021
14.516, 0.039, 0.014, 0.023
14.532, 0.037, 0.014, 0.022
14.549, 0.037, 0.010, 0.021
14.566, 0.038, 0.010, 0.020
14.582, 0.035, 0.010, 0.018
14.599, 0.034, 0.009, 0.019
14.616, 0.025, 0.011, 0.017
14.632, 0.025, 0.013, 0.015
14.649, 0.023, 0.015, 0.016
14.665, 0.022, 0.013, 0.013
14.682, 0.021, 0.010, 0.012
14.699, 0.018, 0.008, 0.011
14.716, 0.018, 0.005, 0.007
14.732, 0.015, 0.005, 0.007
14.749, 0.013, 0.004, 0.006
14.766, 0.013, 0.002, 0.004
14.782, 0.008, 0.002, 0.002
14.799, 0.006, 0.005, 0.000
14.816, 0.003, 0.004, -0.002
14.832, 0.002, 0.008, -0.004
14.849, 0.003, 0.008, -0.006
14.865, 0.001, 0.005, -0.008
14.882, -0.002, 0.005, -0.015
14.899, -0.002, 0.008, -0.018
14.916, -0.004, 0.003, -0.023
14.932, -0.005, 0.004, -0.026
14.949, -0.004, 0.001, -0.029
14.965, -0.007, -0.002, -0.031
14.982, -0.009, 0.001, -0.033
14.999, -0.008, 0.003, -0.035
15.016, -0.009, 0.000, -0.038
15.032, -0.007, -0.005, -0.037
15.050, -0.007, -0.007, -0.038
15.065, -0.008, -0.011, -0.036
15.082, -0.013, -0.012, -0.036
15.099, -0.014, -0.014, -0.035
15.116, -0.015, -0.016, -0.035
15.132, -0.015, -0.017, -0.034
15.149, -0.014, -0.019, -0.033
15.165, -0.009, -0.016, -0.034
15.182, -0.004, -0.006, -0.035
15.199, -0.003, -0.006, -0.036
15.216, -0.004, -0.001, -0.036
15.232, -0.004, -0.001, -0.035
15.249, -0.000, -0.001, -0.035
15.266, 0.001, -0.005, -0.032
15.282, 0.001, 0.009, -0.030
15.299, -0.003, 0.004, -0.029
15.315, -0.006, 0.008, -0.025
15.332, -0.006, 0.008, -0.021
15.349, -0.007, -0.002, -0.019
15.365, -0.007, -0.001, -0.015
15.382, -0.008, -0.001, -0.006
15.399, -0.009, -0.009, -0.005
15.416, -0.017, 0.001, 0.004
15.432, -0.018, 0.004, 0.008
15.449, -0.021, 0.005, 0.011
15.466, -0.021, 0.005, 0.016
15.482, -0.024, 0.006, 0.024
15.499, -0.025, 0.004, 0.026
15.516, -0.025, 0.002, 0.035
15.533, -0.021, -0.004, 0.039
15.549, -0.019, -0.002, 0.041
15.566, -0.021, -0.004, 0.042
15.582, -0.031, -0.003, 0.043
15.599, -0.033, -0.001, 0.043
15.616, -0.034, -0.004, 0.039
15.633, -0.031, -0.003, 0.034
15.649, -0.028, -0.002, 0.032
15.666, -0.022, -0.001, 0.024
15.682, -0.024, 0.003, 0.015
15.699, -0.025, -0.002, 0.012
15.716, -0.022, 0.007, 0.003
15.732, -0.018, 0.004, -0.008
15.749, -0.016, 0.014, -0.013
15.766, -0.009, 0.012, -0.022
15.782, -0.006, 0.006, -0.037
15.799, -0.004, 0.012, -0.042
15.816, -0.003, 0.010, -0.057
15.832, -0.002, 0.016, -0.067
15.849, -0.001, 0.016, -0.074
15.866, 0.004, 0.022, -0.082
15.882, 0.009, 0.028, -0.097
15.899, 0.010, 0.024, -0.100
15.916, 0.011, 0.025, -0.113
15.932, 0.014, 0.023, -0.119
15.949, 0.015, 0.024, -0.120
15.966, 0.018, 0.021, -0.126
15.982, 0.018, 0.014, -0.130
15.999, 0.024, 0.003, -0.133
16.016, 0.033, 0.007, -0.137
16.033, 0.034, 0.012, -0.138
16.049, 0.038, 0.013, -0.139
16.066, 0.033, 0.014, -0.142
16.082, 0.024, 0.003, -0.146
16.099, 0.023, -0.004, -0.148
16.116, 0.035, -0.018, -0.151
16.132, 0.043, -0.015, -0.152
16.149, 0.048, -0.014, -0.152
16.166, 0.046, -0.012, -0.152
16.182, 0.036, 0.002, -0.151
16.199, 0.034, 0.002, -0.150
16.216, 0.027, -0.002, -0.146
16.232, 0.022, 0.005, -0.144
16.249, 0.023, 0.008, -0.144
16.266, 0.019, 0.008, -0.141
16.282, 0.014, 0.017, -0.135
16.299, 0.012, 0.016, -0.134
16.316, 0.019, 0.019, -0.127
16.332, 0.018, 0.019, -0.119
16.349, 0.015, 0.020, -0.118
16.366, 0.011, 0.021, -0.110
16.382, 0.010, 0.018, -0.100
16.399, 0.011, 0.013, -0.095
16.416, 0.010, 0.011, -0.084
16.432, 0.009, 0.003, -0.076
16.449, 0.009, 0.004, -0.073
16.466, 0.007, -0.008, -0.063
16.482, 0.002, -0.014, -0.051
16.499, -0.000, -0.008, -0.049
16.516, -0.005, -0.011, -0.037
16.532, -0.003, -0.004, -0.032
16.549, -0.000, -0.013, -0.029
16.566, 0.004, -0.011, -0.022
16.582, 0.005, -0.017, -0.014
16.599, 0.005, -0.018, -0.012
16.616, 0.002, -0.007, -0.004
16.632, 0.002, -0.009, 0.000
16.649, 0.006, -0.008, 0.002
16.666, 0.003, -0.011, 0.009
16.682, -0.002, -0.020, 0.019
16.699, -0.003, -0.026, 0.021
16.716, -0.009, -0.029, 0.030
16.732, -0.006, -0.023, 0.035
16.749, -0.005, -0.015, 0.036
16.766, -0.004, -0.006, 0.041
16.782, -0.012, -0.007, 0.045
16.799, -0.014, -0.007, 0.046
16.816, -0.024, 0.000, 0.050
16.833, -0.019, 0.007, 0.052
16.849, -0.018, 0.011, 0.051
16.865, -0.015, 0.019, 0.053
16.882, -0.012, 0.032, 0.056
16.899, -0.014, 0.031, 0.056
16.916, -0.013, 0.027, 0.062
16.932, -0.007, 0.019, 0.062
16.949, -0.003, 0.014, 0.065
16.966, 0.006, 0.005, 0.066
16.982, 0.008, -0.001, 0.068
16.999, 0.011, -0.003, 0.068
17.016, 0.012, -0.002, 0.064
17.032, 0.012, -0.002, 0.065
17.049, 0.015, -0.006, 0.066
17.065, 0.016, 0.000, 0.061
17.082, 0.027, 0.003, 0.059
17.099, 0.027, 0.004, 0.056
17.116, 0.029, 0.002, 0.053
17.132, 0.031, -0.001, 0.051
17.149, 0.032, -0.005, 0.048
17.165, 0.035, -0.015, 0.047
17.182, 0.033, -0.013, 0.043
17.199, 0.034, -0.017, 0.044
17.215, 0.031, -0.017, 0.042
17.232, 0.036, -0.017, 0.039
17.249, 0.038, -0.017, 0.040
17.265, 0.037, -0.022, 0.037
17.282, 0.027, -0.023, 0.034
17.299, 0.025, -0.027, 0.035
17.315, 0.016, -0.026, 0.031
17.332, 0.017, -0.026, 0.031
17.349, 0.020, -0.026, 0.031
17.365, 0.019, -0.025, 0.031
17.382, 0.013, -0.024, 0.032
17.399, 0.013, -0.028, 0.029
17.415, 0.012, -0.027, 0.027
17.432, 0.017, -0.022, 0.023
17.449, 0.020, -0.026, 0.023
17.465, 0.022, -0.021, 0.020
17.482, 0.020, -0.024, 0.015
17.499, 0.017, -0.022, 0.012
17.515, 0.010, -0.014, 0.005
17.532, 0.004, -0.018, 0.002
17.549, 0.004, -0.014, -0.001
17.565, 0.004, -0.016, -0.006
17.582, -0.001, -0.017, -0.012
17.599, 0.000, -0.013, -0.013
17.615, -0.003, -0.013, -0.015
17.633, -0.004, -0.014, -0.018
17.649, -0.004, -0.012, -0.017
17.665, 0.000, -0.013, -0.020
17.682, 0.000, -0.014, -0.019
17.699, 0.004, -0.008, -0.020
17.715, 0.007, -0.006, -0.021
17.732, 0.008, -0.006, -0.024
17.749, 0.008, -0.007, -0.024
17.765, 0.007, -0.006, -0.025
17.782, 0.005, -0.006, -0.026
17.799, 0.000, -0.007, -0.027
17.815, -0.019, -0.004, -0.028
17.832, -0.037, -0.000, -0.024
17.849, -0.041, -0.003, -0.024
17.866, -0.053, -0.001, -0.022
17.882, -0.056, -0.003, -0.021
17.899, -0.060, -0.006, -0.020
17.916, -0.067, -0.008, -0.013
17.932, -0.069, -0.009, -0.012
17.949, -0.072, -0.005, -0.012
17.967, -0.075, -0.002, -0.012
17.982, -0.084, -0.001, -0.007
17.999, -0.084, -0.005, -0.005
18.016, -0.085, -0.010, 0.000
18.033, -0.081, -0.011, 0.003
18.049, -0.082, -0.007, 0.003
18.065, -0.078, -0.000, 0.004
18.082, -0.083, -0.001, 0.005
18.099, -0.087, 0.002, 0.008
18.116, -0.087, 0.005, 0.009
18.132, -0.085, 0.007, 0.010
18.149, -0.082, 0.010, 0.011
18.165, -0.078, 0.009, 0.011
18.182, -0.074, 0.006, 0.014
18.199, -0.073, 0.006, 0.015
18.216, -0.071, 0.007, 0.018
18.232, -0.070, 0.004, 0.019
18.249, -0.069, 0.003, 0.021
18.265, -0.061, 0.007, 0.023
18.282, -0.058, 0.004, 0.024
18.299, -0.052, 0.008, 0.025
18.316, -0.043, 0.007, 0.025
18.332, -0.043, 0.007, 0.023
18.349, -0.040, 0.010, 0.023
18.365, -0.037, 0.003, 0.020
18.382, -0.033, 0.008, 0.019
18.399, -0.031, 0.006, 0.020
18.415, -0.017, 0.001, 0.015
18.432, -0.014, 0.005, 0.014
18.449, -0.013, 0.003, 0.011
18.465, -0.009, 0.002, 0.009
18.482, -0.004, 0.002, 0.003
18.499, -0.000, 0.001, 0.003
18.515, 0.009, -0.000, -0.003
18.532, 0.012, -0.000, -0.006
18.549, 0.010, 0.002, -0.007
18.565, 0.013, 0.002, -0.011
18.582, 0.019, 0.004, -0.014
18.599, 0.022, 0.003, -0.016
18.615, 0.021, 0.005, -0.021
18.632, 0.024, -0.003, -0.022
18.649, 0.027, -0.002, -0.025
18.665, 0.026, 0.002, -0.028
18.682, 0.029, 0.004, -0.029
18.699, 0.028, -0.001, -0.030
18.715, 0.030, -0.000, -0.033
18.732, 0.026, 0.002, -0.037
18.749, 0.030, -0.002, -0.034
18.765, 0.030, 0.000, -0.036
18.782, 0.030, 0.003, -0.036
18.799, 0.030, -0.001, -0.035
18.815, 0.029, -0.001, -0.037
18.832, 0.030, -0.002, -0.038
18.849, 0.028, -0.002, -0.038
18.866, 0.021, -0.006, -0.039
18.882, 0.025, -0.004, -0.038
18.899, 0.027, -0.002, -0.036
18.915, 0.027, -0.003, -0.041
18.932, 0.027, -0.014, -0.034
18.949, 0.023, -0.012, -0.033
18.965, 0.026, -0.014, -0.034
18.982, 0.024, -0.015, -0.031
18.999, 0.023, -0.014, -0.030
19.016, 0.022, -0.017, -0.026
19.033, 0.021, -0.017, -0.024
19.049, 0.020, -0.019, -0.023
19.065, 0.019, -0.023, -0.022
19.082, 0.018, -0.021, -0.021
19.099, 0.017, -0.023, -0.020
19.115, 0.017, -0.025, -0.019
19.133, 0.016, -0.025, -0.021
19.149, 0.016, -0.018, -0.019
19.166, 0.016, -0.021, -0.018
19.182, 0.014, -0.020, -0.017
19.199, 0.013, -0.021, -0.016
19.216, 0.012, -0.022, -0.014
19.233, 0.012, -0.021, -0.013
19.249, 0.012, -0.023, -0.012
19.265, 0.012, -0.021, -0.012
19.282, 0.007, -0.021, -0.011
19.299, 0.005, -0.023, -0.008
19.315, 0.004, -0.025, -0.007
19.332, 0.004, -0.026, -0.007
19.350, 0.005, -0.024, -0.006
19.366, 0.003, -0.023, -0.004
19.382, -0.000, -0.024, 0.000
19.399, -0.002, -0.025, 0.002
19.415, -0.002, -0.021, 0.004
19.432, -0.003, -0.018, 0.005
19.449, -0.004, -0.017, 0.008
19.465, -0.008, -0.016, 0.010
19.482, -0.007, -0.017, 0.009
19.499, -0.008, -0.017, 0.009
19.516, -0.011, -0.015, 0.012
19.532, -0.011, -0.018, 0.013
19.549, -0.012, -0.018, 0.016
19.566, -0.011, -0.016, 0.014
19.582, -0.014, -0.013, 0.013
19.599, -0.014, -0.012, 0.015
19.616, -0.015, -0.010, 0.014
19.632, -0.017, -0.010, 0.016
19.649, -0.015, -0.008, 0.014
19.665, -0.014, -0.008, 0.013
19.682, -0.015, -0.009, 0.015
19.699, -0.016, -0.006, 0.018
19.716, -0.017, -0.000, 0.017
19.732, -0.016, 0.001, 0.017
19.750, -0.016, 0.002, 0.018
19.766, -0.016, 0.005, 0.018
19.783, -0.016, 0.001, 0.022
19.799, -0.016, 0.000, 0.023
19.816, -0.019, 0.002, 0.025
19.832, -0.018, 0.003, 0.026
19.850, -0.019, 0.001, 0.028
19.865, -0.016, 0.005, 0.030
19.882, -0.012, 0.005, 0.030
19.899, -0.012, 0.007, 0.030
19.915, -0.015, 0.013, 0.031
19.932, -0.015, 0.008, 0.035
19.950, -0.016, 0.009, 0.035
19.966, -0.012, 0.010, 0.033
19.982, -0.009, 0.013, 0.036
19.999, -0.010, 0.012, 0.037
20.015, -0.013, 0.014, 0.041
20.032, -0.012, 0.013, 0.041
20.049, -0.012, 0.014, 0.042
20.065, -0.011, 0.014, 0.044
20.082, -0.008, 0.014, 0.045
20.099, -0.008, 0.012, 0.045
20.115, -0.008, 0.013, 0.046
20.132, -0.009, 0.011, 0.045
20.149, -0.010, 0.011, 0.046
20.165, -0.010, 0.011, 0.045
20.182, -0.011, 0.011, 0.045
20.199, -0.011, 0.012, 0.045
20.215, -0.010, 0.012, 0.044
20.233, -0.011, 0.010, 0.044
20.250, -0.012, 0.014, 0.042
20.266, -0.012, 0.011, 0.043
20.283, -0.012, 0.010, 0.042
20.299, -0.011, 0.011, 0.043
20.317, -0.014, 0.011, 0.044
20.333, -0.014, 0.010, 0.043
20.350, -0.013, 0.012, 0.044
20.366, -0.015, 0.009, 0.044
20.383, -0.013, 0.009, 0.045
20.399, -0.013, 0.011, 0.045
20.416, -0.009, 0.008, 0.044
20.433, -0.009, 0.005, 0.044
20.449, -0.010, 0.003, 0.045
20.466, -0.009, 0.001, 0.047
20.483, -0.009, -0.001, 0.047
20.499, -0.010, 0.001, 0.048
20.516, -0.007, 0.002, 0.047
20.533, -0.007, 0.003, 0.046
20.549, -0.008, 0.002, 0.047
20.566, -0.010, 0.000, 0.048
20.583, -0.008, -0.006, 0.046
20.599, -0.006, -0.006, 0.047
20.616, -0.007, -0.010, 0.049
20.632, -0.007, -0.008, 0.051
20.649, -0.002, -0.010, 0.049
20.666, -0.002, -0.007, 0.049
20.682, -0.002, -0.008, 0.050
20.699, -0.002, -0.008, 0.050
20.716, -0.004, -0.008, 0.052
20.733, -0.004, -0.005, 0.051
20.749, -0.004, -0.007, 0.051
20.766, -0.004, -0.006, 0.050
20.783, -0.001, -0.007, 0.046
20.799, -0.001, -0.006, 0.046
20.816, -0.003, -0.009, 0.046
20.832, -0.002, -0.008, 0.044
20.849, -0.001, -0.007, 0.043
20.866, -0.001, -0.011, 0.041
20.882, -0.001, -0.006, 0.040
20.899, -0.001, -0.006, 0.040
20.916, 0.000, -0.003, 0.036
20.932, -0.004, -0.003, 0.037
20.949, -0.004, -0.004, 0.037
20.966, -0.004, 0.001, 0.035
20.982, -0.004, -0.000, 0.034
20.999, -0.004, -0.001, 0.033
21.016, -0.004, -0.005, 0.030
21.032, -0.004, -0.002, 0.029
21.049, -0.005, -0.000, 0.029
21.066, -0.005, -0.001, 0.027
21.082, -0.006, -0.001, 0.026
21.099, -0.008, -0.002, 0.026
21.116, -0.010, -0.003, 0.025
21.132, -0.010, -0.003, 0.022
21.149, -0.010, -0.003, 0.021
21.166, -0.011, -0.003, 0.019
21.182, -0.010, -0.002, 0.020
21.199, -0.013, -0.003, 0.019
21.216, -0.017, -0.002, 0.019
21.232, -0.018, -0.004, 0.020
21.249, -0.015, -0.003, 0.017
21.266, -0.017, -0.003, 0.015
21.282, -0.019, -0.001, 0.017
21.299, -0.020, 0.001, 0.016
21.316, -0.022, -0.002, 0.016
21.332, -0.023, -0.000, 0.017
21.349, -0.024, 0.002, 0.016
21.366, -0.026, 0.002, 0.016
21.382, -0.029, 0.001, 0.015
21.399, -0.029, 0.002, 0.015
21.415, -0.027, -0.001, 0.014
21.432, -0.030, -0.001, 0.014
21.449, -0.032, -0.001, 0.014
21.466, -0.031, 0.003, 0.013
21.482, -0.032, -0.002, 0.015
21.499, -0.033, -0.002, 0.017
21.516, -0.034, -0.001, 0.015
21.532, -0.033, -0.001, 0.019
21.549, -0.033, -0.001, 0.018
21.566, -0.034, 0.003, 0.019
21.582, -0.033, 0.004, 0.020
21.599, -0.034, 0.001, 0.022
21.616, -0.033, 0.003, 0.021
21.632, -0.034, 0.005, 0.019
21.649, -0.034, 0.003, 0.019
21.666, -0.034, 0.002, 0.020
21.682, -0.032, 0.003, 0.020
21.699, -0.031, 0.003, 0.019
21.716, -0.030, 0.001, 0.021
21.732, -0.030, 0.000, 0.022
21.749, -0.030, 0.002, 0.021
21.766, -0.029, 0.001, 0.022
21.782, -0.028, -0.001, 0.023
21.799, -0.027, -0.001, 0.023
21.816, -0.027, 0.000, 0.022
21.832, -0.026, 0.001, 0.021
21.849, -0.027, -0.001, 0.023
21.866, -0.027, -0.000, 0.023
21.882, -0.026, -0.003, 0.024
21.899, -0.025, -0.003, 0.024
21.916, -0.021, -0.002, 0.025
21.932, -0.020, -0.003, 0.026
21.949, -0.020, -0.003, 0.026
21.966, -0.019, -0.004, 0.027
21.982, -0.018, -0.003, 0.027
21.999, -0.018, -0.002, 0.028
22.016, -0.019, -0.001, 0.030
22.032, -0.020, -0.001, 0.029
22.049, -0.020, -0.000, 0.032
22.066, -0.019, -0.002, 0.036
22.082, -0.019, -0.003, 0.037
22.099, -0.020, -0.003, 0.038
22.116, -0.018, -0.002, 0.038
22.132, -0.020, -0.001, 0.038
22.149, -0.021, -0.001, 0.038
22.166, -0.021, -0.005, 0.041
22.182, -0.020, 0.001, 0.041
22.199, -0.019, 0.001, 0.041
22.216, -0.020, 0.002, 0.040
22.232, -0.020, 0.002, 0.040
22.249, -0.020, 0.001, 0.041
22.266, -0.020, 0.001, 0.042
22.282, -0.019, 0.003, 0.041
22.299, -0.018, 0.002, 0.040
22.316, -0.015, 0.004, 0.041
22.332, -0.017, 0.000, 0.038
22.349, -0.017, -0.000, 0.037
22.366, -0.017, 0.005, 0.039
22.382, -0.017, 0.006, 0.036
22.400, -0.015, 0.003, 0.034
22.416, -0.013, 0.007, 0.029
22.432, -0.013, 0.003, 0.026
22.450, -0.012, 0.002, 0.025
22.466, -0.013, 0.002, 0.022
22.482, -0.011, 0.003, 0.017
22.500, -0.012, 0.001, 0.016
22.516, -0.013, 0.005, 0.012
22.532, -0.014, 0.003, 0.008
22.549, -0.013, 0.002, 0.007
22.566, -0.013, 0.005, 0.004
22.582, -0.012, 0.003, -0.000
22.600, -0.014, 0.002, -0.002
22.616, -0.009, 0.002, -0.005
22.632, -0.010, 0.001, -0.008
22.649, -0.012, 0.001, -0.008
22.666, -0.011, 0.002, -0.010
22.682, -0.011, 0.003, -0.016
22.700, -0.011, 0.003, -0.018
22.716, -0.011, 0.002, -0.022
22.732, -0.009, 0.005, -0.024
22.749, -0.010, 0.004, -0.026
22.766, -0.010, 0.004, -0.029
22.782, -0.008, 0.003, -0.032
22.800, -0.009, 0.002, -0.034
22.815, -0.012, 0.003, -0.039
22.832, -0.013, 0.005, -0.040
22.849, -0.014, 0.005, -0.042
22.866, -0.015, 0.009, -0.044
22.884, -0.016, 0.009, -0.048
22.900, -0.015, 0.011, -0.049
22.916, -0.015, 0.010, -0.051
22.932, -0.014, 0.010, -0.051
22.950, -0.013, 0.009, -0.052
22.966, -0.012, 0.012, -0.053
22.982, -0.011, 0.012, -0.053
22.999, -0.012, 0.012, -0.054
23.016, -0.012, 0.016, -0.056
23.032, -0.013, 0.016, -0.056
23.049, -0.012, 0.016, -0.057
23.070, -0.014, 0.017, -0.056
23.082, -0.012, 0.015, -0.055
23.099, -0.012, 0.016, -0.055
23.116, -0.012, 0.018, -0.055
23.132, -0.013, 0.018, -0.053
23.149, -0.012, 0.017, -0.054
23.166, -0.013, 0.020, -0.053
23.182, -0.012, 0.017, -0.051
23.199, -0.011, 0.018, -0.052
23.216, -0.009, 0.018, -0.051
23.232, -0.008, 0.017, -0.051
23.249, -0.007, 0.018, -0.050
23.267, -0.008, 0.018, -0.049
23.282, -0.010, 0.016, -0.045
23.299, -0.009, 0.016, -0.045
23.316, -0.005, 0.013, -0.044
23.332, -0.000, 0.010, -0.044
23.349, 0.000, 0.009, -0.043
23.366, 0.001, 0.010, -0.041
23.382, -0.003, 0.009, -0.041
23.399, -0.003, 0.008, -0.039
23.416, -0.006, 0.006, -0.036
23.433, -0.007, 0.006, -0.037
23.449, -0.007, 0.007, -0.036
23.466, -0.002, 0.002, -0.035
23.482, -0.004, 0.005, -0.036
23.499, -0.005, 0.004, -0.035
23.516, -0.003, 0.004, -0.035
23.532, -0.006, 0.003, -0.035
23.549, -0.006, 0.003, -0.034
23.566, -0.007, -0.001, -0.035
23.582, -0.009, 0.003, -0.036
23.599, -0.006, -0.002, -0.035
23.616, -0.005, -0.001, -0.036
23.632, -0.007, -0.004, -0.038
23.649, -0.006, -0.001, -0.038
23.666, -0.010, -0.003, -0.036
23.682, -0.008, -0.002, -0.037
23.699, -0.007, -0.002, -0.039
23.715, -0.007, -0.004, -0.039
23.732, -0.008, 0.001, -0.038
23.749, -0.007, -0.000, -0.038
23.766, -0.007, -0.006, -0.038
23.782, -0.005, -0.000, -0.042
23.799, -0.005, -0.000, -0.039
23.815, -0.005, -0.004, -0.037
23.832, -0.001, -0.002, -0.038
23.849, -0.001, -0.003, -0.037
23.866, -0.003, 0.000, -0.035
23.882, 0.001, 0.001, -0.034
23.899, -0.005, -0.003, -0.031
23.915, -0.006, 0.003, -0.031
23.933, -0.000, 0.002, -0.031
23.950, -0.002, 0.003, -0.031
23.966, 0.000, 0.005, -0.030
23.983, -0.003, 0.005, -0.028
23.999, -0.003, 0.005, -0.029
24.016, -0.003, 0.003, -0.029
24.033, -0.005, 0.007, -0.026
24.049, -0.006, 0.002, -0.027
24.066, -0.006, 0.004, -0.027
24.083, -0.005, 0.007, -0.024
24.099, -0.000, 0.004, -0.025
24.116, -0.003, 0.004, -0.023
24.132, -0.002, 0.006, -0.023
24.150, -0.003, 0.002, -0.022
24.166, -0.003, 0.005, -0.022
24.183, -0.002, 0.007, -0.017
24.199, -0.003, 0.009, -0.020
24.216, -0.006, 0.009, -0.016
24.232, -0.007, 0.005, -0.017
24.249, -0.008, 0.001, -0.016
24.266, -0.008, 0.008, -0.018
24.283, -0.005, 0.004, -0.013
24.300, -0.009, 0.000, -0.012
24.316, -0.008, -0.002, -0.011
24.332, -0.009, 0.002, -0.011
24.349, -0.008, 0.003, -0.010
24.367, -0.004, -0.001, -0.012
24.383, -0.007, -0.001, -0.007
24.399, -0.007, 0.005, -0.008
24.416, -0.005, 0.005, -0.006
24.432, -0.007, 0.006, -0.004
24.449, -0.007, -0.000, -0.003
24.466, -0.006, 0.001, -0.004
24.482, -0.008, 0.006, -0.000
24.499, -0.007, 0.004, -0.001
24.516, -0.006, 0.001, 0.001
24.532, -0.006, 0.002, 0.005
24.549, -0.005, 0.014, 0.002
24.566, -0.006, 0.010, 0.005
24.582, -0.003, 0.009, 0.007
24.599, -0.004, 0.011, 0.008
24.616, -0.004, 0.006, 0.009
24.632, -0.006, 0.015, 0.008
24.649, -0.004, 0.013, 0.011
24.666, -0.007, 0.011, 0.011
24.682, -0.009, 0.013, 0.013
24.699, -0.005, 0.013, 0.012
24.716, -0.007, 0.007, 0.015
24.732, -0.009, 0.011, 0.014
24.749, -0.008, 0.012, 0.015
24.766, -0.005, 0.010, 0.014
24.783, -0.009, 0.009, 0.015
24.799, -0.010, 0.010, 0.015
24.816, -0.008, 0.012, 0.016
24.832, -0.008, 0.015, 0.016
24.849, -0.008, 0.012, 0.014
24.866, -0.005, 0.007, 0.014
24.883, -0.005, 0.010, 0.017
24.899, -0.009, 0.007, 0.015
24.916, -0.010, 0.009, 0.014
24.932, -0.009, 0.010, 0.016
24.949, -0.004, 0.011, 0.012
24.966, -0.008, 0.004, 0.011
24.983, -0.009, 0.008, 0.016
24.999, -0.010, 0.009, 0.015
25.016, -0.010, 0.007, 0.012
25.032, -0.009, 0.004, 0.010
25.049, -0.008, 0.007, 0.010
25.066, -0.010, 0.004, 0.010
25.083, -0.009, 0.007, 0.008
25.099, -0.009, 0.006, 0.009
25.116, -0.012, 0.007, 0.011
25.132, -0.009, 0.003, 0.009
25.150, -0.006, 0.007, 0.009
25.166, -0.007, 0.009, 0.009
25.183, -0.007, 0.006, 0.009
25.199, -0.011, 0.003, 0.011
25.216, -0.006, 0.009, 0.011
25.232, -0.009, 0.008, 0.011
25.249, -0.009, 0.002, 0.012
25.266, -0.002, 0.008, 0.010
25.283, -0.008, 0.001, 0.013
25.299, -0.010, 0.004, 0.012
25.316, -0.008, 0.001, 0.009
25.332, -0.009, 0.003, 0.008
25.349, -0.012, 0.005, 0.011
25.366, -0.011, 0.003, 0.008
25.383, -0.008, 0.006, 0.010
25.399, -0.010, 0.005, 0.010
25.416, -0.013, 0.002, 0.010
25.433, -0.015, 0.001, 0.008
25.449, -0.013, -0.000, 0.006
25.466, -0.011, 0.005, 0.006
25.483, -0.012, 0.006, 0.006
25.499, -0.016, 0.005, 0.007
25.516, -0.015, 0.004, 0.007
25.533, -0.013, 0.010, 0.004
25.549, -0.013, 0.007, 0.005
25.566, -0.016, 0.006, 0.004
25.583, -0.016, 0.003, 0.006
25.599, -0.015, 0.008, 0.004
25.617, -0.015, 0.001, 0.003
25.633, -0.014, 0.000, 0.006
25.650, -0.013, 0.002, 0.004
25.666, -0.018, -0.001, 0.005
25.683, -0.018, 0.001, 0.002
25.700, -0.017, -0.003, 0.002
25.716, -0.016, 0.004, 0.001
25.733, -0.014, -0.000, 0.001
25.750, -0.015, -0.000, 0.001
25.766, -0.016, -0.003, 0.003
25.784, -0.018, -0.006, 0.002
25.800, -0.016, 0.000, -0.001
25.816, -0.015, 0.003, -0.001
25.833, -0.014, -0.000, -0.002
25.849, -0.012, -0.002, -0.003
25.866, -0.013, -0.001, -0.004
25.882, -0.013, 0.003, -0.004
25.899, -0.011, -0.002, -0.007
25.916, -0.011, -0.004, -0.009
25.932, -0.008, -0.000, -0.011
25.949, -0.008, -0.003, -0.011
25.966, -0.008, -0.003, -0.009
25.982, -0.008, 0.005, -0.011
25.999, -0.009, 0.002, -0.012
26.016, -0.008, 0.002, -0.015
26.032, -0.009, -0.003, -0.013
26.049, -0.004, 0.003, -0.013
26.066, -0.006, -0.003, -0.014
26.082, -0.003, -0.002, -0.012
26.099, -0.008, -0.004, -0.012
26.116, -0.006, -0.007, -0.012
26.132, -0.002, 0.000, -0.016
26.150, -0.010, -0.007, -0.010
26.166, -0.004, -0.009, -0.012
26.182, -0.001, -0.001, -0.016
26.199, -0.005, -0.005, -0.014
26.216, -0.008, -0.012, -0.012
26.232, 0.001, -0.001, -0.012
26.249, -0.003, -0.003, -0.011
26.266, -0.005, -0.009, -0.013
26.282, 0.002, 0.004, -0.015
26.299, 0.003, -0.007, -0.014
26.316, -0.001, -0.006, -0.012
26.332, 0.001, -0.007, -0.013
26.349, -0.003, -0.005, -0.013
26.366, -0.002, -0.002, -0.012
26.382, 0.002, -0.010, -0.010
26.399, -0.003, -0.006, -0.014
26.416, 0.003, -0.005, -0.015
26.432, 0.000, -0.015, -0.010
26.449, -0.008, -0.019, -0.005
26.466, 0.001, -0.029, -0.004
26.482, 0.008, -0.036, 0.001
26.499, 0.014, -0.050, 0.005
26.516, 0.018, -0.067, 0.014
26.533, 0.023, -0.093, 0.025
26.549, 0.028, -0.108, 0.029
26.566, 0.041, -0.139, 0.029
26.582, 0.050, -0.200, 0.044
26.599, 0.050, -0.217, 0.050
26.616, 0.054, -0.016, -0.025
26.632, 0.013, -0.142, -0.140
26.649, -0.008, -0.145, -0.181
26.666, -0.025, -0.079, -0.282
26.682, -0.036, -0.026, -0.350
26.699, -0.009, 0.007, -0.371
26.715, -0.002, 0.015, -0.414
26.733, 0.015, -0.002, -0.433
26.749, 0.008, -0.023, -0.440
26.766, 0.003, -0.002, -0.438
26.782, 0.016, -0.009, -0.434
26.800, 0.010, -0.001, -0.437
26.816, 0.007, -0.004, -0.433
26.833, 0.018, -0.000, -0.435
26.850, 0.008, -0.005, -0.434
26.866, 0.006, -0.005, -0.433
26.883, 0.008, -0.004, -0.433
26.899, 0.008, -0.004, -0.434
26.916, 0.006, -0.004, -0.433
26.933, 0.008, -0.005, -0.433
26.949, 0.008, -0.005, -0.434
26.966, 0.006, -0.004, -0.434
26.983, 0.005, -0.003, -0.434
26.999, 0.008, -0.002, -0.434
27.016, 0.008, -0.005, -0.433
27.033, 0.007, -0.004, -0.433
27.050, 0.006, -0.002, -0.433
27.066, 0.007, -0.005, -0.433
27.082, 0.006, -0.004, -0.434
27.099, 0.006, -0.004, -0.433
27.116, 0.007, -0.004, -0.434
27.133, 0.006, -0.005, -0.434
27.149, 0.007, -0.004, -0.433
27.166, 0.008, -0.006, -0.433
27.183, 0.006, -0.003, -0.433
27.199, 0.007, -0.004, -0.433
27.216, 0.006, -0.003, -0.434
27.233, 0.008, -0.006, -0.433
27.249, 0.008, -0.006, -0.432
27.266, 0.006, -0.001, -0.434
27.282, 0.001, -0.006, -0.434
27.300, 0.007, -0.005, -0.433
27.316, 0.007, -0.004, -0.433
27.333, 0.007, -0.005, -0.433
27.349, 0.005, -0.003, -0.433
27.366, 0.005, -0.007, -0.434
27.383, 0.006, 0.000, -0.432
27.399, 0.006, -0.004, -0.434
27.416, 0.008, -0.005, -0.433
27.433, 0.004, -0.002, -0.432
27.449, 0.007, -0.005, -0.433
27.466, 0.005, -0.007, -0.434
27.482, 0.005, -0.005, -0.433
27.499, 0.005, -0.007, -0.433
27.516, 0.006, -0.004, -0.433
27.533, 0.007, -0.005, -0.433
27.549, 0.005, -0.009, -0.434
27.566, 0.006, -0.006, -0.433
27.583, 0.005, -0.008, -0.433
27.599, 0.004, -0.007, -0.433
27.616, 0.003, -0.007, -0.433
27.632, 0.013, 0.002, -0.437
27.649, 0.014, 0.003, -0.437
27.666, 0.002, -0.010, -0.433
27.682, 0.003, -0.008, -0.433
27.699, 0.002, -0.009, -0.433
27.715, 0.011, 0.004, -0.437
27.732, 0.005, -0.003, -0.433
27.749, 0.006, -0.005, -0.433
27.766, 0.012, 0.004, -0.437
27.782, 0.006, -0.005, -0.433
27.799, 0.004, -0.007, -0.433
27.816, 0.007, -0.006, -0.434
27.832, 0.014, 0.005, -0.436
27.849, 0.010, 0.004, -0.437
27.866, 0.003, -0.008, -0.434
27.882, 0.010, 0.005, -0.437
27.899, 0.000, -0.005, -0.433
27.916, 0.006, -0.009, -0.434
27.932, 0.013, 0.003, -0.436
27.949, 0.006, -0.007, -0.433
27.966, 0.004, -0.003, -0.434
27.982, 0.012, 0.002, -0.437
27.999, 0.003, -0.004, -0.434
28.015, 0.011, 0.000, -0.437
28.032, 0.004, -0.003, -0.433
28.049, 0.003, -0.007, -0.434
28.066, 0.002, -0.005, -0.434
28.082, 0.013, 0.003, -0.437
28.099, 0.015, 0.001, -0.437
28.115, 0.012, -0.001, -0.437
28.132, 0.003, -0.007, -0.434
28.149, 0.007, -0.004, -0.433
28.166, 0.004, -0.004, -0.434
28.182, 0.013, 0.002, -0.437
28.199, 0.004, -0.008, -0.434
28.216, 0.002, -0.002, -0.433
28.232, 0.006, -0.005, -0.433
28.249, 0.005, -0.004, -0.434
28.266, 0.013, 0.003, -0.438
28.282, 0.006, 0.000, -0.434
28.299, 0.013, 0.002, -0.437
28.316, 0.014, 0.001, -0.436
28.333, 0.012, -0.010, -0.432
28.349, 0.003, -0.007, -0.433
