0.040, 0.000, 0.000, 0.000
0.057, 0.000, 0.000, 0.000
0.074, 0.000, 0.000, 0.000
0.090, 0.000, 0.000, 0.000
0.107, 0.000, 0.000, 0.000
0.124, 0.000, 0.000, 0.000
0.141, 0.000, 0.000, 0.000
0.157, 0.000, 0.000, 0.000
0.174, 0.000, 0.000, 0.000
0.191, 0.000, 0.000, 0.000
0.207, 0.000, 0.000, 0.000
0.224, 0.000, 0.000, 0.000
0.241, 0.000, 0.000, 0.000
0.257, 0.000, 0.000, 0.000
0.274, 0.000, 0.000, 0.000
0.290, 0.000, 0.000, 0.000
0.307, 0.000, 0.000, 0.000
0.324, 0.000, 0.000, 0.000
0.340, 0.000, 0.000, 0.000
0.357, 0.000, 0.000, 0.000
0.374, 0.000, 0.000, 0.000
0.390, 0.000, 0.000, 0.000
0.407, 0.000, 0.000, 0.000
0.424, 0.000, 0.000, 0.000
0.440, 0.000, 0.000, 0.000
0.457, 0.019, 0.116, -0.419
0.474, 0.019, 0.116, -0.421
0.491, 0.020, 0.115, -0.419
0.507, 0.019, 0.115, -0.420
0.524, 0.020, 0.114, -0.418
0.541, 0.018, 0.117, -0.421
0.557, 0.019, 0.115, -0.419
0.574, 0.019, 0.117, -0.420
0.591, 0.018, 0.116, -0.421
0.608, 0.019, 0.117, -0.421
0.624, 0.019, 0.117, -0.421
0.641, 0.023, 0.120, -0.418
0.658, 0.019, 0.117, -0.421
0.674, 0.019, 0.118, -0.421
0.691, 0.020, 0.116, -0.419
0.708, 0.019, 0.131, -0.417
0.724, 0.019, 0.115, -0.421
0.741, 0.019, 0.118, -0.421
0.758, 0.022, 0.124, -0.418
0.774, 0.019, 0.116, -0.421
0.792, 0.024, 0.123, -0.418
0.808, 0.019, 0.117, -0.420
0.824, 0.019, 0.115, -0.420
0.841, 0.019, 0.117, -0.420
0.857, 0.019, 0.115, -0.421
0.874, 0.019, 0.116, -0.420
0.891, 0.019, 0.118, -0.420
0.907, 0.020, 0.116, -0.419
0.924, 0.021, 0.125, -0.417
0.940, 0.021, 0.125, -0.417
0.957, 0.019, 0.115, -0.419
0.974, 0.018, 0.117, -0.421
0.991, 0.020, 0.114, -0.419
1.008, 0.019, 0.115, -0.418
1.024, 0.019, 0.119, -0.421
1.040, 0.019, 0.118, -0.421
1.057, 0.019, 0.115, -0.419
1.074, 0.019, 0.117, -0.421
1.090, 0.019, 0.116, -0.421
1.107, 0.020, 0.115, -0.418
1.124, 0.018, 0.116, -0.421
1.141, 0.020, 0.116, -0.419
1.157, 0.018, 0.117, -0.421
1.174, 0.022, 0.112, -0.423
1.191, 0.020, 0.116, -0.418
1.207, 0.019, 0.115, -0.419
1.224, 0.020, 0.116, -0.418
1.241, 0.020, 0.116, -0.418
1.257, 0.023, 0.112, -0.423
1.274, 0.019, 0.117, -0.420
1.291, 0.020, 0.116, -0.419
1.307, 0.019, 0.120, -0.421
1.324, 0.019, 0.115, -0.419
1.341, 0.018, 0.117, -0.421
1.357, 0.021, 0.113, -0.422
1.374, 0.019, 0.114, -0.418
1.390, 0.017, 0.117, -0.421
1.407, 0.019, 0.116, -0.421
1.424, 0.019, 0.118, -0.420
1.440, 0.019, 0.130, -0.417
1.457, 0.019, 0.116, -0.421
1.474, 0.019, 0.115, -0.420
1.491, 0.019, 0.117, -0.420
1.507, 0.019, 0.116, -0.421
1.524, 0.020, 0.126, -0.414
1.541, 0.018, 0.119, -0.421
1.557, 0.018, 0.116, -0.421
1.574, 0.020, 0.115, -0.418
1.591, 0.020, 0.115, -0.419
1.607, 0.018, 0.117, -0.421
1.624, 0.020, 0.115, -0.418
1.641, 0.019, 0.116, -0.419
1.657, 0.019, 0.116, -0.418
1.674, 0.022, 0.114, -0.422
1.690, 0.018, 0.118, -0.421
1.707, 0.018, 0.118, -0.421
1.724, 0.018, 0.116, -0.421
1.741, 0.018, 0.116, -0.421
1.758, 0.019, 0.118, -0.421
1.774, 0.019, 0.115, -0.419
1.791, 0.018, 0.117, -0.421
1.807, 0.018, 0.129, -0.417
1.824, 0.018, 0.117, -0.421
1.841, 0.019, 0.116, -0.421
1.857, 0.018, 0.118, -0.421
1.874, 0.018, 0.118, -0.421
1.891, 0.019, 0.118, -0.421
1.907, 0.022, 0.114, -0.422
1.924, 0.018, 0.116, -0.421
1.941, 0.019, 0.117, -0.420
1.957, 0.020, 0.116, -0.419
1.974, 0.018, 0.118, -0.421
1.991, 0.018, 0.116, -0.421
2.007, 0.024, 0.117, -0.418
2.024, 0.018, 0.127, -0.417
2.041, 0.018, 0.117, -0.420
2.057, 0.018, 0.115, -0.421
2.074, 0.018, 0.117, -0.421
2.091, 0.019, 0.116, -0.418
2.107, 0.019, 0.117, -0.418
2.124, 0.020, 0.115, -0.419
2.140, 0.018, 0.117, -0.421
2.158, 0.018, 0.117, -0.421
2.174, 0.018, 0.118, -0.421
2.190, 0.019, 0.116, -0.421
2.207, 0.023, 0.119, -0.418
2.224, 0.019, 0.117, -0.421
2.240, 0.019, 0.117, -0.421
2.257, 0.018, 0.117, -0.421
2.274, 0.019, 0.118, -0.421
2.290, 0.019, 0.117, -0.421
2.307, 0.018, 0.117, -0.421
2.324, 0.018, 0.116, -0.421
2.340, 0.022, 0.119, -0.418
2.358, 0.018, 0.116, -0.421
2.374, 0.020, 0.128, -0.416
2.390, 0.023, 0.117, -0.417
2.407, 0.024, 0.122, -0.419
2.424, 0.018, 0.113, -0.420
2.440, 0.021, 0.118, -0.420
2.457, 0.021, 0.132, -0.416
2.474, 0.022, 0.118, -0.418
2.490, 0.022, 0.119, -0.419
2.507, 0.019, 0.130, -0.416
2.524, 0.022, 0.117, -0.418
2.540, 0.019, 0.117, -0.421
2.557, 0.019, 0.116, -0.421
2.574, 0.019, 0.118, -0.421
2.590, 0.019, 0.128, -0.416
2.607, 0.018, 0.118, -0.421
2.624, 0.019, 0.118, -0.421
2.641, 0.019, 0.128, -0.416
2.657, 0.019, 0.117, -0.421
2.674, 0.019, 0.118, -0.421
2.690, 0.019, 0.122, -0.417
2.707, 0.019, 0.116, -0.421
2.724, 0.019, 0.122, -0.417
2.741, 0.019, 0.116, -0.420
2.757, 0.018, 0.117, -0.421
2.774, 0.018, 0.117, -0.421
2.790, 0.021, 0.116, -0.418
2.807, 0.018, 0.116, -0.420
2.824, 0.021, 0.114, -0.422
2.840, 0.019, 0.117, -0.421
2.857, 0.020, 0.116, -0.418
2.874, 0.019, 0.118, -0.421
2.890, 0.019, 0.118, -0.421
2.907, 0.019, 0.118, -0.421
2.924, 0.019, 0.120, -0.417
2.940, 0.019, 0.118, -0.421
2.957, 0.019, 0.129, -0.416
2.974, 0.019, 0.117, -0.421
2.991, 0.021, 0.115, -0.418
3.007, 0.018, 0.117, -0.421
3.024, 0.020, 0.115, -0.418
3.041, 0.018, 0.118, -0.421
3.057, 0.018, 0.128, -0.417
3.074, 0.020, 0.115, -0.418
3.091, 0.018, 0.119, -0.420
3.107, 0.021, 0.116, -0.418
3.124, 0.022, 0.114, -0.422
3.141, 0.019, 0.130, -0.416
3.157, 0.019, 0.115, -0.419
3.174, 0.018, 0.116, -0.420
3.191, 0.022, 0.127, -0.418
3.207, 0.019, 0.116, -0.421
3.224, 0.021, 0.125, -0.417
3.240, 0.025, 0.121, -0.418
3.258, 0.018, 0.118, -0.421
3.274, 0.019, 0.117, -0.421
3.291, 0.018, 0.118, -0.421
3.307, 0.019, 0.117, -0.421
3.324, 0.019, 0.117, -0.421
3.341, 0.019, 0.117, -0.421
3.357, 0.019, 0.117, -0.421
3.374, 0.018, 0.116, -0.421
3.391, 0.019, 0.117, -0.421
3.407, 0.021, 0.119, -0.419
3.424, 0.019, 0.116, -0.421
3.441, 0.021, 0.113, -0.422
3.457, 0.019, 0.117, -0.421
3.474, 0.018, 0.118, -0.421
3.490, 0.018, 0.116, -0.421
3.507, 0.019, 0.130, -0.416
3.524, 0.018, 0.115, -0.421
3.541, 0.018, 0.115, -0.421
3.557, 0.018, 0.118, -0.421
3.574, 0.020, 0.115, -0.418
3.591, 0.020, 0.115, -0.419
3.607, 0.020, 0.128, -0.414
3.624, 0.019, 0.116, -0.419
3.641, 0.020, 0.116, -0.418
3.657, 0.019, 0.114, -0.418
3.674, 0.018, 0.116, -0.421
3.691, 0.018, 0.117, -0.421
3.707, 0.020, 0.115, -0.418
3.724, 0.018, 0.118, -0.421
3.741, 0.019, 0.130, -0.417
3.757, 0.020, 0.115, -0.419
3.774, 0.018, 0.118, -0.421
3.791, 0.019, 0.124, -0.417
3.807, 0.019, 0.115, -0.418
3.824, 0.018, 0.117, -0.421
3.841, 0.022, 0.113, -0.422
3.857, 0.018, 0.116, -0.421
3.874, 0.023, 0.124, -0.418
3.891, 0.022, 0.126, -0.418
3.907, 0.020, 0.114, -0.418
3.924, 0.018, 0.117, -0.420
3.941, 0.019, 0.117, -0.421
3.957, 0.019, 0.116, -0.421
3.974, 0.022, 0.128, -0.418
3.991, 0.019, 0.117, -0.420
4.007, 0.019, 0.118, -0.421
4.024, 0.018, 0.116, -0.421
4.041, 0.019, 0.117, -0.421
4.057, 0.018, 0.116, -0.421
4.074, 0.022, 0.126, -0.417
4.091, 0.018, 0.116, -0.421
4.107, 0.019, 0.129, -0.416
4.124, 0.019, 0.115, -0.421
4.141, 0.019, 0.117, -0.421
4.157, 0.022, 0.127, -0.418
4.174, 0.019, 0.116, -0.421
4.191, 0.021, 0.117, -0.420
4.207, 0.019, 0.128, -0.416
4.224, 0.020, 0.113, -0.419
4.241, 0.018, 0.120, -0.421
4.257, 0.019, 0.116, -0.420
4.274, 0.019, 0.116, -0.419
4.291, 0.015, 0.127, -0.416
4.307, 0.018, 0.118, -0.421
4.324, 0.019, 0.117, -0.420
4.341, 0.019, 0.116, -0.420
4.357, 0.018, 0.118, -0.421
4.374, 0.019, 0.118, -0.421
4.391, 0.020, 0.116, -0.419
4.407, 0.019, 0.114, -0.419
4.424, 0.019, 0.117, -0.421
4.440, 0.019, 0.118, -0.421
4.457, 0.024, 0.120, -0.417
4.474, 0.018, 0.119, -0.421
4.491, 0.018, 0.117, -0.421
4.507, 0.020, 0.115, -0.418
4.524, 0.021, 0.113, -0.422
4.541, 0.017, 0.117, -0.421
4.557, 0.020, 0.116, -0.418
4.574, 0.018, 0.116, -0.421
4.591, 0.019, 0.117, -0.419
4.607, 0.020, 0.114, -0.418
4.624, 0.022, 0.115, -0.422
4.641, 0.020, 0.116, -0.419
4.657, 0.020, 0.116, -0.418
4.674, 0.019, 0.116, -0.421
4.690, 0.020, 0.114, -0.418
4.707, 0.019, 0.130, -0.416
4.724, 0.020, 0.115, -0.419
4.741, 0.023, 0.119, -0.418
4.757, 0.019, 0.131, -0.416
4.774, 0.020, 0.114, -0.418
4.791, 0.018, 0.116, -0.421
4.808, 0.019, 0.123, -0.417
4.825, 0.019, 0.116, -0.421
4.841, 0.022, 0.114, -0.421
4.857, 0.018, 0.117, -0.421
4.874, 0.018, 0.117, -0.421
4.891, 0.019, 0.116, -0.421
4.907, 0.018, 0.117, -0.421
4.924, 0.018, 0.117, -0.420
4.940, 0.022, 0.127, -0.417
4.957, 0.019, 0.114, -0.419
4.974, 0.021, 0.116, -0.419
4.990, 0.019, 0.117, -0.421
5.007, 0.019, 0.117, -0.421
5.024, 0.019, 0.118, -0.421
5.040, 0.019, 0.127, -0.416
5.057, 0.019, 0.119, -0.421
5.074, 0.018, 0.130, -0.417
5.090, 0.019, 0.117, -0.421
5.107, 0.018, 0.117, -0.421
5.124, 0.019, 0.116, -0.420
5.140, 0.022, 0.118, -0.418
5.157, 0.019, 0.117, -0.421
5.174, 0.019, 0.124, -0.417
5.190, 0.019, 0.119, -0.421
5.207, 0.018, 0.117, -0.421
5.224, 0.019, 0.117, -0.421
5.240, 0.022, 0.120, -0.420
5.257, 0.018, 0.117, -0.421
5.274, 0.018, 0.116, -0.421
5.290, 0.019, 0.117, -0.421
5.307, 0.022, 0.121, -0.418
5.324, 0.019, 0.116, -0.421
5.340, 0.021, 0.116, -0.419
5.357, 0.019, 0.128, -0.417
5.374, 0.021, 0.115, -0.422
5.391, 0.019, 0.120, -0.421
5.407, 0.021, 0.113, -0.422
5.424, 0.021, 0.115, -0.418
5.440, 0.024, 0.123, -0.419
5.457, 0.020, 0.114, -0.418
5.474, 0.019, 0.114, -0.418
5.490, 0.018, 0.118, -0.420
5.507, 0.018, 0.116, -0.421
5.524, 0.018, 0.117, -0.421
5.540, 0.021, 0.127, -0.414
5.557, 0.020, 0.114, -0.418
5.574, 0.024, 0.124, -0.419
5.591, 0.019, 0.115, -0.418
5.607, 0.019, 0.117, -0.421
5.624, 0.018, 0.117, -0.421
5.640, 0.019, 0.116, -0.420
5.657, 0.020, 0.116, -0.418
5.674, 0.019, 0.117, -0.421
5.690, 0.019, 0.116, -0.421
5.707, 0.019, 0.115, -0.421
5.724, 0.019, 0.114, -0.419
5.741, 0.018, 0.116, -0.421
5.757, 0.019, 0.116, -0.421
5.774, 0.021, 0.113, -0.422
5.790, 0.023, 0.120, -0.417
5.807, 0.019, 0.117, -0.421
5.824, 0.022, 0.112, -0.422
5.840, 0.022, 0.112, -0.422
5.857, 0.022, 0.121, -0.418
5.874, 0.021, 0.116, -0.418
5.891, 0.018, 0.116, -0.421
5.907, 0.019, 0.130, -0.416
5.924, 0.023, 0.119, -0.418
5.941, 0.020, 0.116, -0.418
5.957, 0.019, 0.118, -0.421
5.974, 0.022, 0.119, -0.418
5.990, 0.023, 0.118, -0.417
6.007, 0.020, 0.116, -0.418
6.024, 0.019, 0.115, -0.419
6.040, 0.019, 0.116, -0.419
6.057, 0.020, 0.115, -0.418
6.074, 0.019, 0.119, -0.421
6.090, 0.019, 0.119, -0.421
6.107, 0.019, 0.117, -0.421
6.124, 0.019, 0.130, -0.417
6.141, 0.019, 0.117, -0.420
6.157, 0.019, 0.116, -0.421
6.174, 0.019, 0.129, -0.417
6.191, 0.019, 0.130, -0.417
6.207, 0.018, 0.115, -0.421
6.224, 0.019, 0.129, -0.416
6.241, 0.019, 0.121, -0.417
6.258, 0.018, 0.118, -0.421
6.274, 0.019, 0.129, -0.417
6.291, 0.018, 0.117, -0.421
6.307, 0.019, 0.123, -0.418
6.324, 0.019, 0.128, -0.416
6.340, 0.018, 0.116, -0.421
6.357, 0.019, 0.118, -0.421
6.374, 0.024, 0.127, -0.417
6.390, 0.018, 0.118, -0.421
6.407, 0.022, 0.114, -0.422
6.424, 0.018, 0.118, -0.421
6.440, 0.018, 0.117, -0.421
6.457, 0.018, 0.130, -0.416
6.474, 0.018, 0.117, -0.421
6.490, 0.018, 0.117, -0.421
6.507, 0.019, 0.130, -0.416
6.524, 0.020, 0.115, -0.419
6.540, 0.018, 0.116, -0.421
6.557, 0.019, 0.129, -0.416
6.574, 0.018, 0.116, -0.421
6.590, 0.018, 0.129, -0.417
6.607, 0.019, 0.122, -0.417
6.624, 0.019, 0.119, -0.421
6.640, 0.018, 0.129, -0.417
6.657, 0.019, 0.120, -0.421
6.674, 0.019, 0.118, -0.421
6.691, 0.019, 0.130, -0.416
6.707, 0.019, 0.118, -0.421
6.724, 0.019, 0.123, -0.417
6.741, 0.019, 0.118, -0.420
6.757, 0.019, 0.118, -0.421
6.774, 0.019, 0.131, -0.416
6.790, 0.019, 0.119, -0.421
6.807, 0.023, 0.121, -0.419
6.824, 0.019, 0.119, -0.421
6.840, 0.019, 0.118, -0.421
6.857, 0.021, 0.120, -0.419
6.874, 0.023, 0.128, -0.417
6.890, 0.019, 0.117, -0.421
6.907, 0.018, 0.117, -0.421
6.924, 0.019, 0.117, -0.420
6.941, 0.019, 0.117, -0.421
6.957, 0.019, 0.116, -0.421
6.974, 0.020, 0.130, -0.417
6.990, 0.018, 0.117, -0.421
7.007, 0.019, 0.129, -0.417
7.024, 0.019, 0.117, -0.420
7.040, 0.019, 0.118, -0.421
7.057, 0.018, 0.118, -0.420
7.074, 0.019, 0.117, -0.419
7.090, 0.020, 0.115, -0.418
7.107, 0.020, 0.116, -0.418
7.124, 0.020, 0.116, -0.419
7.141, 0.019, 0.117, -0.419
7.157, 0.020, 0.116, -0.418
7.174, 0.019, 0.115, -0.419
7.191, 0.021, 0.116, -0.418
7.208, 0.020, 0.114, -0.418
7.224, 0.020, 0.116, -0.418
7.241, 0.019, 0.116, -0.418
7.257, 0.020, 0.115, -0.418
7.274, 0.020, 0.116, -0.418
7.291, 0.019, 0.118, -0.421
7.307, 0.020, 0.115, -0.419
7.324, 0.019, 0.117, -0.419
7.341, 0.018, 0.118, -0.421
7.357, 0.018, 0.117, -0.421
7.374, 0.018, 0.119, -0.421
7.390, 0.018, 0.117, -0.421
7.407, 0.019, 0.117, -0.421
7.424, 0.019, 0.118, -0.421
7.441, 0.019, 0.117, -0.421
7.457, 0.019, 0.117, -0.421
7.474, 0.018, 0.116, -0.421
7.490, 0.022, 0.118, -0.418
7.507, 0.020, 0.116, -0.418
7.524, 0.018, 0.118, -0.421
7.540, 0.018, 0.118, -0.421
7.557, 0.019, 0.129, -0.417
7.574, 0.020, 0.117, -0.420
7.591, 0.019, 0.117, -0.421
7.607, 0.018, 0.117, -0.421
7.625, 0.019, 0.122, -0.417
7.641, 0.019, 0.115, -0.421
7.657, 0.019, 0.132, -0.417
7.674, 0.020, 0.114, -0.418
7.691, 0.019, 0.117, -0.421
7.708, 0.019, 0.116, -0.421
7.724, 0.022, 0.120, -0.420
7.741, 0.018, 0.118, -0.421
7.757, 0.019, 0.116, -0.418
7.774, 0.020, 0.115, -0.418
7.790, 0.019, 0.117, -0.421
7.807, 0.020, 0.114, -0.418
7.824, 0.018, 0.117, -0.421
7.840, 0.018, 0.116, -0.421
7.857, 0.017, 0.116, -0.421
7.874, 0.020, 0.116, -0.419
7.891, 0.018, 0.118, -0.421
7.908, 0.018, 0.116, -0.421
7.924, 0.019, 0.116, -0.418
7.941, 0.018, 0.118, -0.421
7.957, 0.020, 0.116, -0.418
7.974, 0.021, 0.114, -0.422
7.991, 0.018, 0.117, -0.421
8.007, 0.019, 0.117, -0.420
8.024, 0.022, 0.126, -0.417
8.041, 0.019, 0.116, -0.421
8.057, 0.019, 0.116, -0.419
8.074, 0.019, 0.117, -0.421
8.091, 0.018, 0.117, -0.421
8.107, 0.018, 0.116, -0.421
8.124, 0.023, 0.111, -0.423
8.140, 0.020, 0.115, -0.418
8.157, 0.023, 0.123, -0.418
8.174, 0.018, 0.118, -0.421
8.191, 0.019, 0.115, -0.419
8.207, 0.019, 0.116, -0.420
8.224, 0.019, 0.117, -0.421
8.241, 0.019, 0.117, -0.421
8.257, 0.019, 0.122, -0.417
8.274, 0.019, 0.115, -0.419
8.291, 0.020, 0.115, -0.418
8.308, 0.019, 0.117, -0.421
8.324, 0.019, 0.129, -0.416
8.340, 0.019, 0.129, -0.416
8.357, 0.020, 0.115, -0.418
8.374, 0.018, 0.117, -0.420
8.390, 0.019, 0.130, -0.417
8.408, 0.020, 0.114, -0.418
8.424, 0.018, 0.118, -0.421
8.441, 0.018, 0.115, -0.420
8.457, 0.019, 0.116, -0.421
8.474, 0.018, 0.117, -0.421
8.491, 0.021, 0.113, -0.422
8.507, 0.020, 0.116, -0.418
8.524, 0.022, 0.125, -0.418
8.540, 0.017, 0.112, -0.418
8.557, 0.020, 0.115, -0.418
8.574, 0.018, 0.109, -0.422
8.591, 0.020, 0.115, -0.418
8.607, 0.020, 0.114, -0.418
8.624, 0.023, 0.119, -0.417
8.640, 0.020, 0.114, -0.418
8.657, 0.018, 0.116, -0.421
8.674, 0.022, 0.117, -0.418
8.691, 0.019, 0.116, -0.421
8.707, 0.019, 0.117, -0.421
8.724, 0.018, 0.118, -0.421
8.741, 0.019, 0.114, -0.418
8.757, 0.018, 0.118, -0.421
8.774, 0.019, 0.114, -0.418
8.790, 0.019, 0.114, -0.419
8.807, 0.019, 0.118, -0.421
8.824, 0.020, 0.116, -0.418
8.840, 0.019, 0.131, -0.417
8.858, 0.020, 0.113, -0.418
8.874, 0.021, 0.115, -0.418
8.891, 0.019, 0.117, -0.421
8.907, 0.019, 0.129, -0.416
8.924, 0.019, 0.116, -0.421
8.941, 0.018, 0.129, -0.416
8.957, 0.018, 0.115, -0.420
8.974, 0.017, 0.123, -0.415
8.991, 0.015, 0.124, -0.416
9.007, 0.014, 0.125, -0.415
9.024, 0.014, 0.132, -0.414
9.041, 0.014, 0.121, -0.418
9.057, 0.014, 0.121, -0.418
9.074, 0.010, 0.122, -0.414
9.090, 0.011, 0.120, -0.419
9.107, 0.012, 0.129, -0.414
9.124, 0.014, 0.125, -0.418
9.140, 0.014, 0.125, -0.418
9.157, 0.014, 0.127, -0.418
9.174, 0.009, 0.103, -0.411
9.190, 0.037, 0.114, -0.422
9.207, 0.031, 0.110, -0.422
9.224, 0.010, 0.136, -0.421
9.240, -0.001, 0.121, -0.426
9.257, 0.014, 0.111, -0.429
9.274, 0.010, 0.118, -0.430
9.291, 0.006, 0.092, -0.422
9.307, 0.010, 0.099, -0.423
9.324, 0.010, 0.136, -0.426
9.341, 0.009, 0.103, -0.423
9.357, 0.015, 0.133, -0.417
9.374, 0.019, 0.125, -0.421
9.391, 0.019, 0.125, -0.421
9.407, 0.019, 0.125, -0.421
9.424, 0.019, 0.125, -0.421
9.440, 0.019, 0.125, -0.421
9.457, 0.019, 0.125, -0.421
9.474, 0.019, 0.125, -0.421
9.491, 0.019, 0.125, -0.421
9.507, 0.019, 0.125, -0.421
9.524, 0.019, 0.125, -0.421
9.540, 0.019, 0.125, -0.421
9.557, 0.019, 0.125, -0.421
9.574, 0.019, 0.125, -0.421
9.590, 0.019, 0.125, -0.421
9.607, 0.019, 0.125, -0.421
9.624, 0.019, 0.125, -0.421
9.640, 0.019, 0.125, -0.421
9.657, 0.019, 0.125, -0.421
9.674, 0.019, 0.125, -0.421
9.690, 0.019, 0.125, -0.421
9.708, 0.019, 0.125, -0.421
9.724, 0.019, 0.125, -0.421
9.740, 0.019, 0.125, -0.421
9.757, 0.019, 0.125, -0.421
9.774, 0.019, 0.125, -0.421
9.790, 0.019, 0.125, -0.421
9.807, 0.019, 0.125, -0.421
9.824, 0.019, 0.125, -0.421
9.840, 0.019, 0.125, -0.421
9.857, 0.019, 0.125, -0.421
9.874, 0.019, 0.125, -0.421
9.890, 0.019, 0.125, -0.421
9.907, 0.019, 0.125, -0.421
9.924, 0.019, 0.125, -0.421
9.941, 0.019, 0.125, -0.421
9.957, 0.019, 0.125, -0.421
9.974, 0.019, 0.125, -0.421
9.990, 0.019, 0.125, -0.421
10.007, 0.019, 0.125, -0.421
10.024, 0.019, 0.125, -0.421
10.041, 0.019, 0.125, -0.421
10.057, 0.019, 0.125, -0.421
10.074, 0.019, 0.125, -0.421
10.090, 0.019, 0.125, -0.421
10.108, 0.019, 0.125, -0.421
10.124, 0.019, 0.125, -0.421
10.140, 0.019, 0.125, -0.421
10.157, 0.019, 0.125, -0.421
10.174, 0.019, 0.125, -0.421
10.190, 0.019, 0.125, -0.421
10.207, 0.019, 0.125, -0.421
10.224, 0.019, 0.125, -0.421
10.240, 0.019, 0.125, -0.421
10.257, 0.019, 0.125, -0.421
10.274, 0.019, 0.125, -0.421
10.290, 0.019, 0.125, -0.421
10.308, 0.019, 0.125, -0.421
10.325, 0.019, 0.125, -0.421
10.340, 0.019, 0.125, -0.421
10.357, 0.019, 0.125, -0.421
10.374, 0.019, 0.125, -0.421
10.390, 0.019, 0.125, -0.421
10.407, 0.019, 0.125, -0.421
10.424, 0.019, 0.125, -0.421
10.440, 0.019, 0.125, -0.421
10.457, 0.019, 0.125, -0.421
10.474, 0.019, 0.125, -0.421
10.490, 0.019, 0.125, -0.421
10.507, 0.019, 0.125, -0.421
10.524, 0.019, 0.125, -0.421
10.540, 0.019, 0.125, -0.421
10.557, 0.019, 0.125, -0.421
10.574, 0.019, 0.125, -0.421
10.590, 0.019, 0.125, -0.421
10.607, 0.019, 0.125, -0.421
10.624, 0.019, 0.125, -0.421
10.640, 0.019, 0.125, -0.421
10.657, 0.019, 0.125, -0.421
10.674, 0.058, 0.190, -0.454
10.691, 0.058, 0.190, -0.454
10.708, 0.058, 0.190, -0.454
10.724, 0.058, 0.190, -0.454
10.741, 0.058, 0.190, -0.454
10.757, 0.058, 0.190, -0.454
10.774, 0.058, 0.190, -0.454
10.790, 0.058, 0.190, -0.454
10.807, 0.058, 0.190, -0.454
10.824, 0.058, 0.190, -0.454
10.840, 0.058, 0.190, -0.454
10.857, 0.058, 0.190, -0.454
10.874, 0.058, 0.190, -0.454
10.891, 0.058, 0.190, -0.454
10.907, 0.058, 0.190, -0.454
10.924, 0.058, 0.190, -0.454
10.940, 0.058, 0.190, -0.454
10.957, 0.058, 0.190, -0.454
10.974, 0.058, 0.190, -0.454
10.990, 0.058, 0.190, -0.454
11.008, 0.011, 0.061, -0.292
11.024, 0.018, 0.073, -0.305
11.041, 0.029, 0.054, -0.324
11.057, 0.021, 0.064, -0.348
11.074, 0.023, 0.064, -0.350
11.091, 0.025, 0.069, -0.345
11.107, 0.021, 0.060, -0.335
11.124, 0.015, 0.025, -0.331
11.140, 0.015, 0.025, -0.331
11.157, 0.015, 0.025, -0.331
11.174, 0.022, 0.114, -0.270
11.191, 0.036, 0.075, -0.244
11.207, 0.036, 0.075, -0.244
11.224, 0.036, 0.075, -0.244
11.241, 0.054, 0.096, -0.152
11.257, 0.056, 0.015, -0.130
11.274, 0.064, 0.062, -0.092
11.290, 0.083, 0.070, -0.077
11.307, 0.077, 0.094, -0.070
11.324, 0.057, 0.080, -0.057
11.341, 0.040, 0.041, -0.051
11.357, 0.020, 0.066, -0.029
11.374, 0.028, 0.092, 0.008
11.391, 0.022, 0.107, 0.006
11.407, 0.009, 0.103, 0.020
11.424, 0.009, 0.122, 0.055
11.440, 0.007, 0.130, 0.068
11.457, 0.007, 0.100, 0.110
11.475, 0.003, 0.106, 0.111
11.490, 0.003, 0.106, 0.111
11.507, 0.002, 0.098, 0.117
11.524, 0.007, 0.094, 0.117
11.540, 0.004, 0.098, 0.116
11.557, 0.001, 0.095, 0.116
11.574, 0.001, 0.095, 0.116
11.591, 0.011, 0.085, 0.119
11.607, -0.001, 0.099, 0.115
11.624, 0.008, 0.095, 0.119
11.641, 0.006, 0.096, 0.119
11.657, 0.004, 0.092, 0.118
11.674, 0.004, 0.094, 0.117
11.691, 0.005, 0.094, 0.118
11.708, 0.006, 0.092, 0.118
11.724, 0.007, 0.088, 0.118
11.741, 0.003, 0.085, 0.116
11.757, 0.006, 0.102, 0.118
11.774, 0.011, 0.107, 0.124
11.791, 0.011, 0.106, 0.123
11.807, 0.006, 0.091, 0.117
11.824, 0.006, 0.089, 0.117
11.841, 0.007, 0.088, 0.117
11.857, 0.007, 0.089, 0.117
11.874, 0.007, 0.088, 0.117
11.891, 0.006, 0.089, 0.117
11.907, 0.007, 0.089, 0.118
11.924, 0.009, 0.091, 0.121
11.940, 0.009, 0.091, 0.120
11.957, 0.020, 0.104, 0.121
11.974, 0.021, 0.090, 0.120
11.991, 0.011, 0.101, 0.118
12.007, 0.002, 0.111, 0.115
12.024, -0.007, 0.101, 0.111
12.040, -0.007, 0.102, 0.112
12.057, -0.005, 0.137, 0.117
12.074, 0.007, 0.119, 0.121
12.090, 0.014, 0.123, 0.121
12.107, 0.005, 0.111, 0.115
12.124, 0.006, 0.134, 0.111
12.141, 0.007, 0.094, 0.112
12.157, 0.009, 0.122, 0.120
12.174, 0.001, 0.111, 0.113
12.191, 0.001, 0.109, 0.114
12.207, 0.006, 0.112, 0.117
12.224, 0.000, 0.111, 0.113
12.241, -0.000, 0.110, 0.114
12.257, 0.006, 0.103, 0.115
12.274, 0.000, 0.110, 0.113
12.291, -0.000, 0.112, 0.113
12.307, 0.000, 0.110, 0.113
12.324, 0.000, 0.111, 0.113
12.340, -0.001, 0.110, 0.113
12.357, 0.003, 0.116, 0.115
12.374, -0.001, 0.110, 0.113
12.391, 0.002, 0.116, 0.115
12.407, 0.004, 0.116, 0.115
12.424, -0.001, 0.113, 0.113
12.441, -0.002, 0.111, 0.113
12.457, 0.001, 0.113, 0.113
12.474, -0.001, 0.115, 0.112
12.490, -0.001, 0.115, 0.112
12.507, 0.000, 0.113, 0.113
12.524, -0.000, 0.113, 0.113
12.540, 0.001, 0.112, 0.113
12.557, 0.001, 0.114, 0.113
12.574, 0.005, 0.114, 0.116
12.590, -0.000, 0.112, 0.113
12.607, 0.001, 0.113, 0.113
12.624, 0.006, 0.109, 0.114
12.641, 0.007, 0.104, 0.115
12.657, 0.000, 0.112, 0.113
12.674, 0.007, 0.106, 0.115
12.691, 0.000, 0.113, 0.112
12.707, 0.006, 0.105, 0.114
12.724, 0.001, 0.111, 0.113
12.741, 0.000, 0.113, 0.113
12.757, -0.000, 0.111, 0.113
12.774, 0.000, 0.115, 0.112
12.791, 0.011, 0.100, 0.116
12.808, 0.010, 0.102, 0.115
12.824, 0.000, 0.114, 0.113
12.841, 0.007, 0.106, 0.115
12.857, 0.004, 0.119, 0.113
12.874, 0.005, 0.117, 0.114
12.890, -0.000, 0.114, 0.112
12.907, 0.005, 0.119, 0.114
12.924, 0.000, 0.117, 0.112
12.941, 0.001, 0.115, 0.112
12.957, 0.000, 0.116, 0.112
12.974, 0.000, 0.114, 0.113
12.991, 0.006, 0.111, 0.113
13.008, 0.005, 0.121, 0.114
13.024, -0.000, 0.114, 0.112
13.040, -0.000, 0.115, 0.112
13.057, 0.000, 0.115, 0.112
13.074, 0.001, 0.116, 0.112
13.091, -0.000, 0.116, 0.112
13.107, 0.000, 0.115, 0.112
13.124, 0.007, 0.107, 0.114
13.141, 0.005, 0.117, 0.114
13.157, -0.001, 0.115, 0.112
13.174, -0.000, 0.116, 0.112
13.190, -0.000, 0.115, 0.112
13.207, -0.000, 0.114, 0.113
13.224, 0.006, 0.107, 0.115
13.241, 0.000, 0.114, 0.112
13.257, -0.000, 0.115, 0.112
13.274, 0.001, 0.115, 0.112
13.291, 0.005, 0.117, 0.114
13.308, 0.005, 0.107, 0.114
13.324, -0.000, 0.116, 0.112
13.341, 0.005, 0.120, 0.113
13.357, 0.006, 0.108, 0.114
13.374, 0.006, 0.120, 0.113
13.390, -0.000, 0.117, 0.112
13.407, 0.006, 0.108, 0.114
13.424, 0.001, 0.115, 0.112
13.440, -0.001, 0.113, 0.113
13.457, 0.005, 0.120, 0.114
13.474, -0.000, 0.116, 0.112
13.490, 0.001, 0.114, 0.112
13.507, -0.000, 0.113, 0.112
13.524, 0.006, 0.122, 0.113
13.540, -0.001, 0.115, 0.112
13.557, 0.000, 0.117, 0.112
13.574, -0.000, 0.115, 0.112
13.590, -0.000, 0.115, 0.112
13.607, 0.000, 0.116, 0.112
13.624, 0.001, 0.115, 0.112
13.640, 0.000, 0.113, 0.112
13.657, 0.000, 0.114, 0.112
13.674, 0.001, 0.114, 0.112
13.690, 0.007, 0.106, 0.114
13.707, 0.005, 0.121, 0.114
13.724, 0.005, 0.108, 0.114
13.740, 0.000, 0.114, 0.112
13.757, 0.001, 0.116, 0.112
13.774, 0.006, 0.108, 0.114
13.790, -0.000, 0.117, 0.111
13.807, 0.005, 0.107, 0.114
13.825, 0.000, 0.115, 0.112
13.840, 0.006, 0.107, 0.114
13.857, 0.006, 0.116, 0.115
13.874, -0.000, 0.115, 0.112
13.891, 0.001, 0.114, 0.112
13.907, 0.001, 0.114, 0.112
13.924, 0.000, 0.114, 0.112
13.941, 0.000, 0.114, 0.112
13.957, 0.006, 0.108, 0.114
13.974, 0.000, 0.115, 0.112
13.991, 0.006, 0.118, 0.114
14.007, 0.005, 0.108, 0.114
14.024, 0.006, 0.118, 0.114
14.041, 0.000, 0.115, 0.112
14.057, 0.005, 0.117, 0.114
14.074, 0.001, 0.112, 0.113
14.091, 0.006, 0.107, 0.115
14.108, 0.001, 0.115, 0.112
14.125, 0.006, 0.109, 0.114
14.141, 0.000, 0.116, 0.112
14.157, 0.005, 0.121, 0.113
14.174, 0.006, 0.119, 0.114
14.191, 0.000, 0.113, 0.112
14.207, 0.001, 0.113, 0.112
14.224, -0.000, 0.114, 0.112
14.241, 0.005, 0.108, 0.114
14.258, 0.001, 0.114, 0.112
14.275, 0.007, 0.107, 0.114
14.291, 0.006, 0.118, 0.114
14.308, 0.001, 0.114, 0.112
14.324, 0.006, 0.107, 0.114
14.341, 0.006, 0.121, 0.114
14.358, 0.001, 0.115, 0.112
14.374, 0.005, 0.117, 0.114
14.391, 0.005, 0.118, 0.114
14.407, 0.001, 0.113, 0.113
14.424, 0.007, 0.108, 0.114
14.441, 0.006, 0.108, 0.114
14.457, 0.006, 0.106, 0.115
14.474, 0.000, 0.115, 0.112
14.491, 0.001, 0.114, 0.112
14.507, 0.000, 0.113, 0.112
14.524, 0.006, 0.119, 0.114
14.542, 0.001, 0.111, 0.113
14.557, 0.001, 0.113, 0.112
14.574, 0.005, 0.119, 0.113
14.591, -0.001, 0.114, 0.112
14.607, 0.000, 0.114, 0.112
14.624, 0.001, 0.114, 0.112
14.641, -0.001, 0.113, 0.112
14.658, 0.000, 0.112, 0.112
14.674, 0.001, 0.114, 0.112
14.691, -0.000, 0.115, 0.112
14.708, 0.005, 0.121, 0.114
14.724, 0.005, 0.121, 0.113
14.741, 0.000, 0.114, 0.112
14.758, 0.005, 0.119, 0.114
14.774, 0.001, 0.112, 0.113
14.791, 0.000, 0.112, 0.113
14.807, -0.000, 0.113, 0.112
14.824, 0.006, 0.108, 0.114
14.841, 0.005, 0.120, 0.114
14.858, 0.001, 0.114, 0.112
14.874, 0.006, 0.108, 0.114
14.891, 0.006, 0.108, 0.114
14.908, 0.006, 0.119, 0.114
14.924, 0.006, 0.119, 0.114
14.940, 0.002, 0.115, 0.112
14.957, 0.001, 0.114, 0.112
14.974, 0.001, 0.113, 0.112
14.991, 0.001, 0.114, 0.113
15.007, 0.000, 0.115, 0.112
15.025, 0.002, 0.114, 0.112
15.041, -0.001, 0.114, 0.112
15.057, 0.001, 0.115, 0.112
15.074, 0.005, 0.120, 0.113
15.091, 0.000, 0.114, 0.112
15.108, 0.005, 0.122, 0.114
15.124, 0.006, 0.120, 0.113
15.141, -0.001, 0.117, 0.112
15.157, 0.001, 0.114, 0.112
15.174, 0.000, 0.116, 0.112
15.191, 0.000, 0.111, 0.113
15.208, 0.005, 0.118, 0.114
15.224, 0.001, 0.112, 0.112
15.241, 0.000, 0.113, 0.112
15.257, 0.005, 0.106, 0.114
15.274, -0.000, 0.113, 0.112
15.291, 0.006, 0.120, 0.114
15.308, 0.005, 0.119, 0.114
15.324, 0.000, 0.114, 0.112
15.341, 0.001, 0.112, 0.113
15.357, -0.000, 0.113, 0.113
15.374, 0.000, 0.114, 0.113
15.391, 0.000, 0.114, 0.112
15.407, 0.001, 0.115, 0.112
15.425, 0.006, 0.106, 0.114
15.441, 0.001, 0.114, 0.112
15.457, 0.007, 0.109, 0.114
15.474, 0.001, 0.118, 0.112
15.491, 0.005, 0.109, 0.114
15.508, 0.001, 0.118, 0.112
15.524, 0.006, 0.110, 0.113
15.541, 0.001, 0.114, 0.112
15.557, 0.001, 0.114, 0.112
15.574, 0.001, 0.114, 0.112
15.591, -0.000, 0.115, 0.112
15.607, 0.006, 0.108, 0.114
15.624, 0.001, 0.112, 0.112
15.641, 0.001, 0.112, 0.112
15.657, 0.000, 0.115, 0.112
15.674, -0.000, 0.114, 0.112
15.691, 0.000, 0.115, 0.112
15.708, 0.007, 0.115, 0.116
15.725, 0.006, 0.106, 0.114
15.741, 0.006, 0.115, 0.115
15.757, 0.001, 0.114, 0.112
15.774, 0.001, 0.115, 0.112
15.791, 0.006, 0.108, 0.114
15.808, 0.001, 0.114, 0.112
15.824, 0.005, 0.120, 0.114
15.841, 0.006, 0.107, 0.114
15.857, 0.004, 0.119, 0.114
15.874, 0.006, 0.121, 0.113
15.891, 0.006, 0.119, 0.114
15.907, 0.006, 0.119, 0.114
15.924, 0.006, 0.120, 0.114
15.941, 0.006, 0.118, 0.114
15.957, 0.001, 0.114, 0.112
15.974, 0.006, 0.109, 0.114
15.991, 0.006, 0.108, 0.114
16.007, 0.000, 0.114, 0.112
16.024, 0.000, 0.115, 0.112
16.041, -0.000, 0.116, 0.112
16.057, 0.001, 0.115, 0.112
16.074, -0.000, 0.114, 0.112
16.091, 0.000, 0.113, 0.112
16.107, 0.006, 0.108, 0.114
16.125, 0.002, 0.114, 0.112
16.142, 0.001, 0.114, 0.112
16.158, 0.012, 0.111, 0.116
16.174, 0.000, 0.115, 0.112
16.191, 0.006, 0.106, 0.114
16.207, 0.006, 0.107, 0.114
16.224, 0.001, 0.114, 0.112
16.240, 0.006, 0.119, 0.114
16.257, 0.005, 0.110, 0.114
16.274, 0.006, 0.119, 0.113
16.290, 0.001, 0.113, 0.112
16.307, 0.006, 0.108, 0.114
16.324, 0.005, 0.120, 0.113
16.340, 0.000, 0.114, 0.112
16.357, 0.006, 0.106, 0.115
16.374, -0.000, 0.115, 0.112
16.390, 0.000, 0.116, 0.112
16.407, 0.005, 0.119, 0.114
16.424, -0.000, 0.115, 0.112
16.440, 0.001, 0.114, 0.112
16.457, 0.000, 0.112, 0.112
16.474, 0.000, 0.115, 0.112
16.490, -0.001, 0.116, 0.112
16.507, 0.001, 0.113, 0.112
16.524, 0.000, 0.114, 0.112
16.540, 0.001, 0.113, 0.112
16.557, 0.001, 0.115, 0.112
16.574, 0.006, 0.107, 0.114
16.590, 0.006, 0.118, 0.114
16.607, 0.006, 0.107, 0.114
16.624, 0.006, 0.106, 0.114
16.640, 0.007, 0.121, 0.114
16.657, 0.006, 0.110, 0.114
16.674, 0.001, 0.115, 0.112
16.690, 0.002, 0.116, 0.112
16.707, 0.000, 0.117, 0.112
16.724, 0.001, 0.116, 0.112
16.740, 0.007, 0.123, 0.114
16.757, 0.007, 0.110, 0.114
16.774, 0.005, 0.122, 0.113
16.790, 0.007, 0.123, 0.114
16.807, 0.006, 0.109, 0.114
16.824, 0.001, 0.115, 0.112
16.840, 0.007, 0.109, 0.114
16.857, 0.001, 0.114, 0.113
16.874, 0.000, 0.114, 0.112
16.890, -0.000, 0.114, 0.112
16.907, 0.000, 0.118, 0.112
16.924, 0.005, 0.120, 0.114
16.940, 0.005, 0.121, 0.114
16.957, 0.002, 0.112, 0.112
16.974, 0.008, 0.119, 0.114
16.991, 0.012, 0.116, 0.115
17.007, 0.001, 0.115, 0.112
17.024, -0.000, 0.116, 0.112
17.040, 0.001, 0.115, 0.113
17.057, 0.000, 0.115, 0.112
17.074, 0.000, 0.114, 0.112
17.090, -0.000, 0.114, 0.112
17.108, 0.000, 0.115, 0.112
17.124, 0.006, 0.107, 0.114
17.140, -0.001, 0.115, 0.112
17.157, 0.001, 0.116, 0.112
17.174, 0.001, 0.116, 0.112
17.190, 0.001, 0.117, 0.112
17.207, 0.001, 0.117, 0.112
17.224, 0.007, 0.110, 0.114
17.240, 0.007, 0.114, 0.116
17.257, -0.000, 0.119, 0.112
17.274, 0.006, 0.117, 0.116
17.290, -0.001, 0.115, 0.112
17.307, 0.006, 0.107, 0.114
17.324, 0.005, 0.110, 0.114
17.340, 0.000, 0.116, 0.112
17.357, 0.006, 0.117, 0.115
17.374, 0.006, 0.121, 0.114
17.390, 0.002, 0.116, 0.112
17.407, 0.001, 0.116, 0.112
17.424, -0.000, 0.115, 0.112
17.441, 0.006, 0.124, 0.113
17.457, -0.001, 0.116, 0.112
17.474, 0.007, 0.121, 0.114
17.490, 0.001, 0.118, 0.112
17.508, -0.001, 0.116, 0.112
17.525, -0.001, 0.116, 0.112
17.541, 0.000, 0.114, 0.112
17.557, 0.006, 0.121, 0.114
17.574, 0.001, 0.116, 0.112
17.590, -0.000, 0.116, 0.112
17.608, 0.006, 0.122, 0.114
17.624, 0.006, 0.121, 0.114
17.641, 0.007, 0.121, 0.114
17.657, 0.007, 0.119, 0.114
17.674, 0.000, 0.116, 0.111
17.690, 0.006, 0.122, 0.113
17.708, 0.000, 0.116, 0.111
17.724, 0.005, 0.122, 0.112
17.741, 0.006, 0.122, 0.113
17.758, 0.005, 0.120, 0.112
17.774, -0.001, 0.117, 0.110
17.790, -0.000, 0.116, 0.110
17.807, 0.005, 0.119, 0.111
17.824, -0.000, 0.116, 0.109
17.841, 0.005, 0.118, 0.111
17.857, -0.001, 0.112, 0.109
17.874, 0.002, 0.122, 0.109
17.890, 0.004, 0.120, 0.109
17.907, 0.000, 0.123, 0.109
17.924, 0.005, 0.118, 0.109
17.941, 0.007, 0.127, 0.110
17.957, -0.001, 0.113, 0.107
17.974, 0.004, 0.120, 0.107
17.990, 0.004, 0.120, 0.107
18.007, 0.000, 0.123, 0.107
18.024, 0.000, 0.114, 0.106
18.040, 0.000, 0.114, 0.106
18.057, -0.001, 0.125, 0.106
18.074, -0.000, 0.126, 0.106
18.091, 0.000, 0.127, 0.106
18.107, -0.001, 0.112, 0.105
18.124, -0.002, 0.113, 0.106
18.141, 0.005, 0.129, 0.109
18.157, -0.001, 0.116, 0.107
18.174, -0.001, 0.125, 0.110
18.191, 0.000, 0.116, 0.110
18.207, -0.001, 0.120, 0.114
18.224, -0.001, 0.103, 0.121
18.241, 0.005, 0.097, 0.126
18.257, 0.005, 0.108, 0.136
18.274, 0.011, 0.098, 0.143
18.290, 0.013, 0.085, 0.146
18.307, 0.019, 0.094, 0.153
18.324, 0.016, 0.092, 0.157
18.341, 0.015, 0.104, 0.157
18.357, 0.006, 0.109, 0.158
18.374, 0.007, 0.098, 0.161
18.391, 0.011, 0.102, 0.164
18.408, 0.005, 0.098, 0.166
18.424, 0.007, 0.097, 0.167
18.441, 0.003, 0.094, 0.165
18.457, 0.006, 0.095, 0.163
18.474, 0.009, 0.108, 0.164
18.491, 0.011, 0.112, 0.163
18.508, 0.010, 0.113, 0.163
18.524, 0.004, 0.105, 0.161
18.541, 0.002, 0.102, 0.161
18.557, -0.001, 0.102, 0.159
18.574, -0.002, 0.100, 0.159
18.590, 0.005, 0.109, 0.158
18.607, -0.003, 0.097, 0.158
18.624, 0.002, 0.092, 0.154
18.640, 0.017, 0.093, 0.154
18.657, 0.013, 0.090, 0.150
18.674, 0.009, 0.111, 0.143
18.690, -0.004, 0.125, 0.136
18.707, -0.003, 0.139, 0.133
18.724, 0.006, 0.144, 0.131
18.740, 0.006, 0.132, 0.126
18.757, 0.008, 0.134, 0.120
18.774, 0.011, 0.156, 0.111
18.790, 0.010, 0.099, 0.108
18.807, 0.011, 0.104, 0.100
18.824, 0.010, 0.104, 0.092
18.840, 0.002, 0.125, 0.088
18.857, 0.005, 0.155, 0.080
18.874, -0.002, 0.140, 0.071
18.891, 0.022, 0.136, 0.072
18.907, 0.010, 0.128, 0.055
18.924, 0.001, 0.125, 0.048
18.940, 0.008, 0.134, 0.047
18.957, 0.006, 0.144, 0.049
18.974, -0.003, 0.138, 0.038
18.990, 0.000, 0.155, 0.033
19.007, -0.002, 0.154, 0.023
19.024, 0.005, 0.155, 0.021
19.040, 0.002, 0.170, 0.024
19.057, 0.011, 0.154, 0.024
19.074, 0.013, 0.138, 0.021
19.090, 0.007, 0.131, 0.019
19.107, 0.005, 0.149, 0.015
19.124, 0.020, 0.159, 0.017
19.140, 0.011, 0.156, 0.015
19.157, 0.015, 0.169, 0.017
19.174, 0.005, 0.196, 0.010
19.190, -0.002, 0.178, 0.012
19.207, 0.006, 0.175, 0.013
19.224, 0.008, 0.188, 0.010
19.240, 0.009, 0.182, 0.009
19.257, 0.016, 0.221, 0.009
19.274, 0.004, 0.212, 0.007
19.291, 0.009, 0.189, 0.008
19.307, 0.005, 0.230, -0.001
19.324, 0.018, 0.251, -0.004
19.340, 0.006, 0.230, -0.004
19.357, 0.010, 0.258, -0.012
19.374, -0.002, 0.199, -0.016
19.391, -0.005, 0.188, -0.020
19.407, 0.016, 0.211, -0.019
19.424, -0.004, 0.223, -0.033
19.440, 0.001, 0.239, -0.041
19.457, -0.002, 0.251, -0.047
19.474, 0.008, 0.236, -0.051
19.491, 0.006, 0.244, -0.056
19.507, 0.008, 0.224, -0.060
19.524, 0.022, 0.248, -0.055
19.540, 0.017, 0.261, -0.051
19.557, 0.024, 0.256, -0.044
19.574, 0.037, 0.255, -0.036
19.590, 0.049, 0.236, -0.021
19.607, 0.035, 0.246, -0.017
19.624, 0.036, 0.241, -0.008
19.640, 0.041, 0.236, 0.001
19.657, 0.036, 0.260, 0.010
19.674, 0.037, 0.251, 0.021
19.690, 0.028, 0.220, 0.029
19.707, 0.053, 0.213, 0.045
19.724, 0.042, 0.220, 0.056
19.740, 0.045, 0.251, 0.060
19.757, 0.045, 0.230, 0.071
19.774, 0.039, 0.222, 0.076
19.791, 0.038, 0.233, 0.078
19.807, 0.039, 0.214, 0.091
19.824, 0.043, 0.242, 0.101
19.840, 0.046, 0.222, 0.103
19.857, 0.040, 0.216, 0.109
19.874, 0.037, 0.209, 0.113
19.891, 0.039, 0.210, 0.119
19.907, 0.029, 0.204, 0.124
19.924, 0.034, 0.200, 0.129
19.941, 0.034, 0.207, 0.129
19.957, 0.036, 0.217, 0.129
19.974, 0.040, 0.199, 0.135
19.991, 0.038, 0.203, 0.135
20.007, 0.030, 0.206, 0.136
20.024, 0.034, 0.193, 0.139
20.041, 0.036, 0.204, 0.139
20.057, 0.036, 0.196, 0.142
20.074, 0.033, 0.200, 0.142
20.091, 0.035, 0.183, 0.141
20.107, 0.038, 0.177, 0.145
20.124, 0.030, 0.173, 0.144
20.141, 0.041, 0.187, 0.146
20.157, 0.048, 0.162, 0.142
20.174, 0.042, 0.123, 0.143
20.191, 0.032, 0.091, 0.142
20.207, 0.018, 0.081, 0.138
20.224, 0.002, 0.067, 0.137
20.240, 0.001, 0.058, 0.138
20.257, -0.003, 0.052, 0.135
20.274, 0.005, 0.051, 0.135
20.291, 0.014, 0.046, 0.140
20.307, 0.013, 0.051, 0.142
20.324, -0.013, 0.039, 0.141
20.340, -0.026, 0.033, 0.140
20.357, -0.055, 0.004, 0.140
20.374, -0.068, 0.000, 0.142
20.391, -0.065, 0.003, 0.144
20.407, -0.059, -0.018, 0.157
20.424, -0.066, 0.006, 0.147
20.440, -0.066, 0.006, 0.147
20.457, -0.080, -0.005, 0.143
20.474, -0.084, -0.013, 0.140
20.491, -0.082, -0.010, 0.137
20.507, -0.081, -0.016, 0.133
20.524, -0.082, -0.014, 0.132
20.540, -0.080, -0.011, 0.129
20.557, -0.077, -0.012, 0.124
20.574, -0.077, -0.015, 0.121
20.590, -0.074, -0.019, 0.120
20.607, -0.078, -0.029, 0.112
20.624, -0.077, -0.036, 0.108
20.640, -0.075, -0.037, 0.108
20.657, -0.065, -0.062, 0.106
20.674, -0.058, -0.047, 0.100
20.691, -0.050, -0.044, 0.094
20.707, -0.042, -0.046, 0.092
20.724, -0.037, -0.046, 0.089
20.741, -0.035, -0.052, 0.087
20.757, -0.031, -0.047, 0.084
20.774, -0.030, -0.054, 0.081
20.790, -0.024, -0.044, 0.078
20.808, -0.015, -0.065, 0.082
20.824, -0.002, -0.056, 0.078
20.841, 0.004, -0.056, 0.079
20.857, 0.016, -0.063, 0.077
20.874, 0.022, -0.055, 0.073
20.891, 0.031, -0.067, 0.067
20.908, 0.041, -0.055, 0.057
20.925, 0.045, -0.050, 0.054
20.940, 0.050, -0.054, 0.048
20.957, 0.051, -0.053, 0.045
20.974, 0.053, -0.059, 0.040
20.990, 0.062, -0.058, 0.036
21.007, 0.073, -0.057, 0.030
21.024, 0.079, -0.065, 0.026
21.042, 0.082, -0.063, 0.024
21.057, 0.080, -0.049, 0.014
21.074, 0.080, -0.058, 0.011
21.090, 0.083, -0.059, 0.006
21.108, 0.085, -0.066, 0.007
21.124, 0.093, -0.057, -0.001
21.141, 0.088, -0.059, 0.000
21.157, 0.087, -0.055, -0.003
21.174, 0.087, -0.034, -0.008
21.190, 0.080, -0.040, -0.012
21.208, 0.083, -0.029, -0.011
21.224, 0.084, -0.017, -0.015
21.241, 0.085, -0.013, -0.016
21.257, 0.086, -0.007, -0.018
21.274, 0.078, 0.002, -0.025
21.291, 0.077, 0.008, -0.024
21.308, 0.076, 0.022, -0.026
21.324, 0.064, 0.037, -0.025
21.341, 0.076, 0.049, -0.026
21.357, 0.074, 0.070, -0.025
21.374, 0.070, 0.089, -0.027
21.391, 0.066, 0.091, -0.027
21.408, 0.062, 0.093, -0.031
21.424, 0.060, 0.102, -0.031
21.440, 0.053, 0.104, -0.033
21.457, 0.053, 0.104, -0.033
21.474, 0.048, 0.123, -0.038
21.491, 0.044, 0.124, -0.035
21.508, 0.038, 0.152, -0.038
21.524, 0.033, 0.178, -0.043
21.541, 0.035, 0.169, -0.037
21.557, 0.024, 0.186, -0.038
21.575, 0.028, 0.186, -0.038
21.590, 0.024, 0.198, -0.038
21.607, 0.018, 0.206, -0.037
21.624, 0.011, 0.120, -0.027
21.641, 0.011, 0.120, -0.027
21.657, 0.005, 0.214, -0.038
21.674, 0.006, 0.222, -0.040
21.690, 0.008, 0.220, -0.040
21.707, 0.004, 0.176, -0.033
21.724, 0.002, 0.196, -0.034
21.740, -0.006, 0.197, -0.032
21.757, -0.002, 0.202, -0.032
21.774, -0.001, 0.239, -0.037
21.790, -0.004, 0.246, -0.036
21.807, -0.007, 0.253, -0.036
21.824, -0.001, 0.254, -0.031
21.841, -0.006, 0.254, -0.035
21.857, -0.007, 0.261, -0.034
21.874, -0.005, 0.258, -0.032
21.890, -0.007, 0.240, -0.033
21.907, -0.012, 0.222, -0.030
21.924, -0.009, 0.247, -0.030
21.940, -0.007, 0.241, -0.029
21.957, -0.011, 0.235, -0.027
21.974, -0.012, 0.241, -0.027
21.991, -0.012, 0.246, -0.030
22.008, -0.007, 0.210, -0.022
22.024, -0.006, 0.209, -0.023
22.041, -0.011, 0.204, -0.023
22.057, -0.011, 0.225, -0.023
22.074, -0.009, 0.210, -0.024
22.091, -0.011, 0.223, -0.026
22.107, -0.001, 0.220, -0.024
22.124, 0.001, 0.218, -0.023
22.141, -0.004, 0.194, -0.018
22.157, -0.002, 0.201, -0.019
22.174, -0.006, 0.192, -0.019
22.191, -0.005, 0.185, -0.020
22.208, 0.006, 0.177, -0.016
22.224, 0.014, 0.181, -0.014
22.241, 0.003, 0.177, -0.016
22.257, 0.013, 0.173, -0.015
22.274, 0.018, 0.188, -0.019
22.291, 0.006, 0.168, -0.018
22.308, 0.013, 0.161, -0.016
22.324, 0.009, 0.158, -0.017
22.341, 0.017, 0.153, -0.014
22.358, 0.020, 0.147, -0.016
22.374, 0.023, 0.143, -0.016
22.391, 0.025, 0.138, -0.015
22.408, 0.020, 0.132, -0.018
22.424, 0.024, 0.132, -0.016
22.441, 0.033, 0.129, -0.016
22.458, 0.023, 0.136, -0.018
22.474, 0.029, 0.128, -0.019
22.491, 0.034, 0.131, -0.019
22.508, 0.029, 0.126, -0.021
22.524, 0.032, 0.127, -0.020
22.541, 0.033, 0.127, -0.021
22.557, 0.034, 0.116, -0.023
22.574, 0.033, 0.121, -0.025
22.590, 0.029, 0.123, -0.024
22.607, 0.035, 0.124, -0.026
22.625, 0.035, 0.111, -0.025
22.640, 0.031, 0.109, -0.027
22.657, 0.037, 0.113, -0.027
22.674, 0.040, 0.107, -0.028
22.691, 0.039, 0.110, -0.028
22.708, 0.034, 0.113, -0.029
22.724, 0.033, 0.111, -0.029
22.740, 0.039, 0.102, -0.028
22.757, 0.031, 0.120, -0.034
22.774, 0.032, 0.110, -0.031
22.791, 0.037, 0.104, -0.031
22.807, 0.032, 0.112, -0.032
22.824, 0.038, 0.112, -0.029
22.841, 0.032, 0.116, -0.032
22.857, 0.028, 0.107, -0.031
22.874, 0.035, 0.101, -0.029
22.891, 0.034, 0.109, -0.029
22.907, 0.029, 0.106, -0.028
22.924, 0.027, 0.112, -0.029
22.940, 0.028, 0.119, -0.029
22.957, 0.030, 0.115, -0.027
22.974, 0.031, 0.116, -0.028
22.991, 0.033, 0.118, -0.026
23.007, 0.030, 0.116, -0.027
23.024, 0.030, 0.124, -0.027
23.041, 0.028, 0.123, -0.025
23.057, 0.029, 0.128, -0.025
23.074, 0.028, 0.129, -0.024
23.090, 0.022, 0.121, -0.024
23.107, 0.023, 0.136, -0.023
23.124, 0.019, 0.131, -0.021
23.141, 0.018, 0.128, -0.019
23.157, 0.018, 0.133, -0.019
23.174, 0.022, 0.129, -0.017
23.191, 0.015, 0.128, -0.016
23.208, 0.018, 0.134, -0.016
23.224, 0.018, 0.133, -0.015
23.240, 0.017, 0.133, -0.015
23.257, 0.016, 0.141, -0.014
23.274, 0.015, 0.135, -0.012
23.291, 0.014, 0.150, -0.014
23.307, 0.017, 0.135, -0.009
23.324, 0.016, 0.131, -0.010
23.341, 0.014, 0.133, -0.010
23.357, 0.015, 0.134, -0.008
23.374, 0.019, 0.134, -0.005
23.391, 0.018, 0.133, -0.003
23.407, 0.019, 0.135, -0.003
23.424, 0.010, 0.141, -0.000
23.441, 0.010, 0.141, -0.000
23.457, 0.015, 0.139, 0.002
23.474, 0.020, 0.145, 0.003
23.491, 0.016, 0.139, 0.004
23.508, 0.017, 0.144, 0.006
23.524, 0.015, 0.144, 0.006
23.541, 0.021, 0.147, 0.007
23.557, 0.020, 0.142, 0.010
23.574, 0.020, 0.143, 0.010
23.591, 0.016, 0.146, 0.010
23.607, 0.020, 0.136, 0.012
23.624, 0.021, 0.137, 0.013
23.641, 0.023, 0.141, 0.014
23.657, 0.017, 0.144, 0.014
23.674, 0.021, 0.143, 0.016
23.691, 0.023, 0.142, 0.018
23.708, 0.024, 0.143, 0.016
23.724, 0.024, 0.153, 0.015
23.741, 0.020, 0.152, 0.016
23.757, 0.024, 0.125, 0.020
23.774, 0.022, 0.140, 0.019
23.791, 0.024, 0.144, 0.019
23.807, 0.025, 0.131, 0.019
23.824, 0.024, 0.134, 0.019
23.841, 0.024, 0.124, 0.019
23.857, 0.027, 0.123, 0.018
23.874, 0.025, 0.127, 0.018
23.891, 0.025, 0.129, 0.017
23.908, 0.024, 0.130, 0.015
23.924, 0.024, 0.134, 0.014
23.941, 0.023, 0.148, 0.012
23.957, 0.027, 0.126, 0.013
23.974, 0.029, 0.127, 0.013
23.991, 0.026, 0.124, 0.012
24.008, 0.027, 0.123, 0.011
24.024, 0.025, 0.126, 0.010
24.040, 0.027, 0.127, 0.010
24.057, 0.025, 0.128, 0.008
24.074, 0.023, 0.132, 0.008
24.091, 0.022, 0.126, 0.009
24.108, 0.024, 0.127, 0.009
24.124, 0.025, 0.125, 0.008
24.140, 0.027, 0.128, 0.008
24.157, 0.027, 0.123, 0.009
24.174, 0.029, 0.121, 0.008
24.190, 0.027, 0.128, 0.009
24.208, 0.029, 0.119, 0.008
24.224, 0.027, 0.118, 0.008
24.241, 0.030, 0.125, 0.009
24.257, 0.022, 0.128, 0.008
24.274, 0.022, 0.132, 0.008
24.290, 0.019, 0.119, 0.007
24.308, 0.015, 0.141, 0.005
24.324, 0.016, 0.137, 0.005
24.341, 0.016, 0.137, 0.005
24.357, 0.023, 0.111, 0.010
24.374, 0.023, 0.112, 0.010
24.391, 0.019, 0.113, 0.009
24.407, 0.023, 0.111, 0.010
24.425, 0.023, 0.123, 0.007
24.440, 0.024, 0.128, 0.008
24.457, 0.019, 0.120, 0.009
24.474, 0.021, 0.108, 0.010
24.490, 0.024, 0.113, 0.010
24.508, 0.020, 0.112, 0.009
24.524, 0.010, 0.125, 0.006
24.541, 0.009, 0.126, 0.006
24.557, 0.021, 0.123, 0.009
24.574, 0.015, 0.133, 0.006
24.591, 0.017, 0.116, 0.007
24.607, 0.012, 0.123, 0.006
24.624, 0.019, 0.135, 0.006
24.640, 0.018, 0.131, 0.007
24.657, 0.015, 0.126, 0.005
24.674, 0.013, 0.117, 0.005
24.690, 0.010, 0.118, 0.004
24.707, 0.007, 0.135, -0.001
24.724, 0.006, 0.120, -0.000
24.740, 0.005, 0.123, -0.000
24.757, 0.009, 0.120, 0.000
24.774, 0.004, 0.129, -0.003
24.790, 0.007, 0.133, -0.001
24.807, 0.004, 0.115, 0.001
24.824, 0.008, 0.111, 0.002
24.841, 0.012, 0.113, 0.001
24.857, 0.017, 0.129, 0.000
24.874, 0.006, 0.126, -0.002
24.890, 0.005, 0.120, -0.002
24.907, 0.009, 0.109, -0.000
24.924, 0.007, 0.109, -0.002
24.940, 0.009, 0.107, -0.002
24.957, 0.015, 0.113, -0.002
24.974, 0.013, 0.115, -0.002
24.990, 0.014, 0.118, -0.002
25.007, 0.013, 0.117, -0.003
25.024, 0.013, 0.118, -0.003
25.040, 0.011, 0.109, -0.003
25.057, 0.006, 0.125, -0.005
25.074, 0.008, 0.136, -0.006
25.090, 0.009, 0.111, -0.003
25.107, 0.008, 0.137, -0.006
25.124, 0.018, 0.127, -0.003
25.140, 0.009, 0.145, -0.005
25.157, 0.014, 0.120, -0.001
25.174, 0.007, 0.119, -0.002
25.190, 0.016, 0.127, -0.001
25.207, 0.006, 0.119, -0.001
25.224, 0.007, 0.118, -0.001
25.240, 0.008, 0.116, 0.000
25.257, 0.008, 0.119, 0.001
25.274, 0.009, 0.116, 0.002
25.290, 0.009, 0.153, -0.002
25.307, 0.014, 0.143, 0.001
25.324, 0.019, 0.155, 0.001
25.340, 0.018, 0.150, 0.001
25.357, 0.018, 0.147, 0.002
25.375, 0.019, 0.130, 0.003
25.390, 0.019, 0.137, 0.004
25.407, 0.014, 0.128, 0.002
25.424, 0.012, 0.112, 0.005
25.441, 0.018, 0.128, 0.003
25.457, 0.014, 0.111, 0.004
25.474, 0.014, 0.129, 0.001
25.490, 0.019, 0.121, 0.002
25.508, 0.008, 0.141, -0.001
25.524, 0.010, 0.141, 0.000
25.540, 0.012, 0.137, 0.001
25.557, 0.017, 0.140, 0.001
25.574, 0.028, 0.142, 0.003
25.590, 0.024, 0.141, 0.002
25.607, 0.017, 0.131, 0.001
25.624, 0.017, 0.126, 0.001
25.641, 0.016, 0.128, 0.000
25.657, 0.017, 0.112, 0.002
25.674, 0.018, 0.126, -0.000
25.691, 0.014, 0.115, -0.001
25.708, 0.012, 0.117, -0.002
25.724, 0.025, 0.131, -0.001
25.741, 0.025, 0.131, -0.001
25.757, 0.023, 0.134, -0.005
25.774, 0.015, 0.116, -0.005
25.791, 0.015, 0.110, -0.004
25.808, 0.016, 0.129, -0.006
25.824, 0.027, 0.146, -0.006
25.841, 0.026, 0.138, -0.007
25.857, 0.026, 0.115, -0.005
25.874, 0.017, 0.117, -0.006
25.891, 0.013, 0.118, -0.005
25.907, 0.013, 0.118, -0.005
25.924, 0.017, 0.114, -0.006
25.941, 0.015, 0.125, -0.006
25.957, 0.018, 0.124, -0.006
25.974, 0.025, 0.146, -0.008
25.991, 0.026, 0.143, -0.008
26.007, 0.026, 0.121, -0.006
26.024, 0.029, 0.117, -0.003
26.040, 0.024, 0.116, -0.001
26.057, 0.022, 0.131, -0.000
26.074, 0.015, 0.143, -0.002
26.091, 0.017, 0.117, 0.002
26.107, 0.017, 0.119, 0.002
26.124, 0.026, 0.124, 0.003
26.141, 0.026, 0.119, 0.004
26.157, 0.024, 0.121, 0.004
26.174, 0.023, 0.126, 0.004
26.191, 0.025, 0.128, 0.005
26.207, 0.019, 0.128, 0.005
26.224, 0.014, 0.143, 0.003
26.241, 0.010, 0.146, 0.003
26.257, 0.017, 0.151, 0.005
26.274, 0.016, 0.153, 0.006
26.290, 0.022, 0.118, 0.010
26.307, 0.017, 0.121, 0.011
26.324, 0.022, 0.130, 0.011
26.340, 0.018, 0.139, 0.011
26.357, 0.019, 0.133, 0.013
26.374, 0.022, 0.135, 0.014
26.390, 0.023, 0.138, 0.014
26.407, 0.021, 0.137, 0.010
26.424, 0.020, 0.122, 0.013
26.440, 0.017, 0.128, 0.013
26.457, 0.021, 0.130, 0.015
26.474, 0.024, 0.136, 0.013
26.490, 0.027, 0.147, 0.013
26.507, 0.028, 0.121, 0.017
26.524, 0.034, 0.118, 0.020
26.540, 0.020, 0.118, 0.017
26.557, 0.021, 0.136, 0.016
26.574, 0.022, 0.115, 0.018
26.590, 0.019, 0.132, 0.016
26.607, 0.016, 0.130, 0.019
26.624, 0.016, 0.120, 0.021
26.640, 0.016, 0.132, 0.018
26.657, 0.017, 0.131, 0.018
26.674, 0.032, 0.133, 0.022
26.690, 0.016, 0.115, 0.023
26.707, 0.016, 0.121, 0.023
26.724, 0.018, 0.115, 0.023
26.740, 0.025, 0.123, 0.024
26.757, 0.021, 0.143, 0.024
26.774, 0.021, 0.135, 0.026
26.790, 0.020, 0.122, 0.028
26.807, 0.020, 0.122, 0.026
26.824, 0.015, 0.127, 0.024
26.840, 0.006, 0.117, 0.024
26.857, 0.003, 0.134, 0.021
26.874, 0.006, 0.131, 0.020
26.890, 0.007, 0.140, 0.021
26.907, 0.009, 0.111, 0.024
26.924, 0.012, 0.142, 0.024
26.940, 0.015, 0.133, 0.024
26.957, 0.012, 0.137, 0.022
26.974, 0.010, 0.139, 0.021
26.990, 0.011, 0.145, 0.020
27.007, 0.003, 0.136, 0.020
27.024, 0.003, 0.132, 0.019
27.041, 0.002, 0.133, 0.018
27.057, 0.003, 0.140, 0.016
27.074, 0.003, 0.146, 0.016
27.091, 0.006, 0.140, 0.015
27.107, 0.003, 0.138, 0.014
27.124, 0.001, 0.140, 0.013
27.141, -0.001, 0.140, 0.012
27.157, 0.000, 0.123, 0.013
27.174, 0.002, 0.131, 0.010
27.191, 0.008, 0.142, 0.009
27.207, 0.010, 0.125, 0.010
27.224, 0.010, 0.141, 0.009
27.240, 0.008, 0.144, 0.008
27.257, 0.009, 0.129, 0.009
27.274, 0.009, 0.157, 0.004
27.291, 0.009, 0.144, 0.003
27.307, 0.009, 0.148, 0.000
27.324, 0.010, 0.152, -0.001
27.340, 0.005, 0.149, -0.003
27.358, 0.007, 0.146, -0.005
27.374, 0.006, 0.144, -0.006
27.391, 0.008, 0.158, -0.005
27.407, 0.011, 0.134, -0.004
27.424, 0.004, 0.130, -0.005
27.440, 0.001, 0.135, -0.006
27.457, 0.002, 0.134, -0.005
27.474, 0.001, 0.140, -0.007
27.490, 0.002, 0.129, -0.006
27.507, 0.006, 0.125, -0.006
27.524, 0.002, 0.129, -0.007
27.540, 0.010, 0.147, -0.005
27.557, 0.019, 0.152, -0.005
27.574, 0.006, 0.154, -0.004
27.590, 0.005, 0.147, -0.002
27.607, 0.005, 0.155, -0.002
27.624, 0.009, 0.153, -0.000
27.640, 0.011, 0.148, 0.000
27.657, 0.017, 0.142, 0.006
27.674, 0.021, 0.144, 0.007
27.690, 0.015, 0.155, 0.004
27.707, 0.007, 0.161, 0.003
27.724, 0.011, 0.156, 0.005
27.740, 0.011, 0.156, 0.004
27.757, 0.004, 0.164, -0.000
27.774, 0.011, 0.175, -0.001
27.790, 0.017, 0.185, 0.001
27.807, 0.014, 0.174, 0.000
27.824, 0.015, 0.179, -0.001
27.840, 0.021, 0.187, 0.000
27.857, 0.019, 0.195, -0.001
27.874, 0.019, 0.159, 0.000
27.890, 0.020, 0.174, 0.000
27.907, 0.020, 0.168, -0.000
27.924, 0.018, 0.175, -0.003
27.940, 0.016, 0.180, -0.004
27.957, 0.019, 0.158, -0.002
27.974, 0.022, 0.182, -0.005
27.990, 0.018, 0.172, -0.008
28.007, 0.023, 0.151, -0.005
28.024, 0.021, 0.173, -0.010
28.040, 0.029, 0.162, -0.009
28.057, 0.037, 0.170, -0.010
28.074, 0.033, 0.158, -0.012
28.090, 0.039, 0.153, -0.010
28.107, 0.031, 0.147, -0.011
28.124, 0.036, 0.155, -0.011
28.141, 0.031, 0.152, -0.010
28.158, 0.031, 0.156, -0.010
28.174, 0.036, 0.151, -0.012
28.190, 0.035, 0.163, -0.011
28.207, 0.045, 0.135, -0.008
28.224, 0.036, 0.145, -0.011
28.241, 0.027, 0.151, -0.011
28.258, 0.028, 0.127, -0.009
28.274, 0.026, 0.126, -0.010
28.290, 0.025, 0.136, -0.012
28.307, 0.027, 0.153, -0.013
28.324, 0.028, 0.144, -0.013
28.340, 0.034, 0.148, -0.011
28.357, 0.024, 0.134, -0.014
28.374, 0.020, 0.135, -0.016
28.390, 0.021, 0.137, -0.015
28.407, 0.021, 0.136, -0.018
28.424, 0.019, 0.131, -0.018
28.440, 0.021, 0.128, -0.019
28.457, 0.018, 0.144, -0.022
28.474, 0.019, 0.139, -0.023
28.490, 0.019, 0.138, -0.025
28.507, 0.021, 0.145, -0.026
28.524, 0.023, 0.141, -0.027
28.540, 0.025, 0.135, -0.030
28.557, 0.033, 0.128, -0.031
28.574, 0.032, 0.124, -0.034
28.590, 0.037, 0.132, -0.038
28.607, 0.032, 0.131, -0.044
28.624, 0.027, 0.130, -0.044
28.640, 0.017, 0.133, -0.049
28.657, 0.022, 0.118, -0.051
28.674, 0.024, 0.102, -0.054
28.690, 0.027, 0.115, -0.055
28.707, 0.023, 0.112, -0.060
28.724, 0.019, 0.112, -0.064
28.740, 0.027, 0.124, -0.065
28.757, 0.031, 0.142, -0.071
28.774, 0.027, 0.137, -0.074
28.790, 0.025, 0.127, -0.081
28.807, 0.027, 0.137, -0.085
28.824, 0.026, 0.134, -0.088
28.840, 0.020, 0.145, -0.091
28.857, 0.022, 0.139, -0.096
28.874, 0.030, 0.139, -0.098
28.890, 0.024, 0.132, -0.098
28.907, 0.028, 0.131, -0.100
28.924, 0.037, 0.137, -0.100
28.940, 0.033, 0.129, -0.100
28.957, 0.036, 0.122, -0.097
28.974, 0.035, 0.127, -0.096
28.990, 0.041, 0.119, -0.092
29.007, 0.036, 0.145, -0.091
29.024, 0.032, 0.155, -0.092
29.040, 0.039, 0.139, -0.086
29.057, 0.036, 0.133, -0.081
29.074, 0.038, 0.155, -0.080
29.090, 0.034, 0.131, -0.075
29.107, 0.031, 0.121, -0.068
29.124, 0.035, 0.147, -0.065
29.140, 0.020, 0.141, -0.065
29.157, 0.020, 0.150, -0.059
29.174, 0.028, 0.130, -0.053
29.190, 0.031, 0.147, -0.050
29.207, 0.043, 0.135, -0.042
29.224, 0.033, 0.156, -0.042
29.240, 0.041, 0.139, -0.037
29.258, 0.031, 0.147, -0.030
29.274, 0.029, 0.152, -0.026
29.291, 0.026, 0.148, -0.028
29.307, 0.027, 0.133, -0.022
29.324, 0.026, 0.136, -0.020
29.340, 0.015, 0.135, -0.019
29.357, 0.008, 0.138, -0.016
29.374, 0.003, 0.115, -0.014
29.390, 0.005, 0.123, -0.013
29.407, 0.004, 0.127, -0.010
29.424, 0.024, 0.138, -0.006
29.440, 0.014, 0.132, -0.005
29.457, 0.017, 0.143, -0.002
29.474, 0.023, 0.123, 0.005
29.490, 0.016, 0.126, 0.004
29.507, 0.020, 0.113, 0.013
29.524, 0.019, 0.119, 0.017
29.540, 0.017, 0.129, 0.017
29.557, 0.015, 0.101, 0.027
29.574, 0.010, 0.113, 0.029
29.591, 0.003, 0.132, 0.030
29.607, 0.005, 0.137, 0.033
29.624, 0.007, 0.118, 0.038
29.640, 0.009, 0.121, 0.040
29.657, 0.014, 0.105, 0.043
29.674, 0.012, 0.128, 0.040
29.690, 0.015, 0.123, 0.041
29.707, 0.017, 0.114, 0.044
29.724, 0.018, 0.116, 0.043
29.740, 0.015, 0.110, 0.040
29.757, 0.014, 0.100, 0.040
29.774, 0.002, 0.118, 0.034
29.790, -0.008, 0.127, 0.031
29.807, -0.010, 0.114, 0.028
29.824, -0.011, 0.158, 0.016
29.840, -0.019, 0.160, 0.011
29.857, -0.014, 0.119, 0.014
29.874, -0.011, 0.133, 0.008
29.890, -0.014, 0.144, 0.006
29.907, -0.012, 0.150, 0.002
29.924, -0.025, 0.152, 0.001
29.940, -0.025, 0.152, 0.001
29.957, -0.019, 0.157, -0.001
29.974, -0.005, 0.166, 0.000
29.990, 0.003, 0.140, 0.005
30.007, -0.007, 0.158, 0.008
30.024, -0.005, 0.155, 0.011
30.040, -0.001, 0.163, 0.014
30.057, 0.005, 0.159, 0.019
30.074, -0.009, 0.169, 0.023
30.090, -0.003, 0.161, 0.025
30.107, -0.001, 0.166, 0.027
30.124, -0.000, 0.175, 0.033
30.140, -0.001, 0.169, 0.037
30.157, 0.000, 0.177, 0.040
30.174, 0.000, 0.195, 0.043
30.190, 0.002, 0.184, 0.047
30.207, 0.003, 0.167, 0.052
30.224, 0.010, 0.173, 0.057
30.240, 0.010, 0.173, 0.057
30.257, 0.011, 0.161, 0.065
30.274, 0.015, 0.160, 0.070
30.290, 0.009, 0.157, 0.070
30.307, 0.010, 0.167, 0.075
30.324, 0.014, 0.188, 0.076
30.340, 0.012, 0.169, 0.077
30.357, 0.014, 0.167, 0.079
30.374, 0.015, 0.153, 0.083
30.390, 0.017, 0.162, 0.081
30.407, 0.016, 0.160, 0.079
30.424, 0.011, 0.162, 0.079
30.441, 0.009, 0.159, 0.075
30.457, 0.006, 0.165, 0.073
30.474, 0.011, 0.169, 0.072
30.490, 0.010, 0.148, 0.071
30.507, 0.009, 0.150, 0.066
30.524, 0.006, 0.145, 0.061
30.540, 0.007, 0.139, 0.061
30.557, 0.012, 0.139, 0.051
30.574, 0.017, 0.150, 0.046
30.590, 0.017, 0.141, 0.043
30.607, 0.017, 0.140, 0.035
30.624, 0.019, 0.135, 0.026
30.640, 0.020, 0.128, 0.024
30.657, 0.019, 0.132, 0.013
30.674, 0.018, 0.125, 0.010
30.690, 0.019, 0.134, 0.006
30.707, 0.021, 0.143, -0.002
30.724, 0.018, 0.152, -0.008
30.740, 0.017, 0.131, -0.009
30.757, 0.030, 0.131, -0.017
30.774, 0.027, 0.132, -0.021
30.790, 0.027, 0.132, -0.024
30.807, 0.024, 0.132, -0.030
30.824, 0.024, 0.130, -0.035
30.840, 0.033, 0.151, -0.038
30.857, 0.045, 0.134, -0.039
30.874, 0.034, 0.134, -0.044
30.890, 0.045, 0.134, -0.042
30.907, 0.040, 0.123, -0.043
30.924, 0.034, 0.144, -0.045
30.940, 0.036, 0.135, -0.043
30.957, 0.040, 0.136, -0.042
30.974, 0.042, 0.138, -0.042
30.990, 0.044, 0.137, -0.040
31.007, 0.049, 0.144, -0.042
31.024, 0.041, 0.145, -0.043
31.040, 0.041, 0.145, -0.043
31.057, 0.035, 0.130, -0.041
31.074, 0.035, 0.132, -0.041
31.090, 0.033, 0.139, -0.040
31.107, 0.037, 0.131, -0.037
31.124, 0.028, 0.150, -0.037
31.140, 0.027, 0.143, -0.034
31.157, 0.033, 0.165, -0.033
31.174, 0.038, 0.134, -0.025
31.190, 0.034, 0.163, -0.024
31.207, 0.026, 0.161, -0.020
31.224, 0.024, 0.157, -0.017
31.240, 0.024, 0.160, -0.016
31.257, 0.010, 0.158, -0.012
31.274, 0.008, 0.157, -0.007
31.290, 0.009, 0.168, -0.005
31.307, 0.006, 0.167, -0.000
31.324, 0.009, 0.153, 0.006
31.340, 0.012, 0.144, 0.010
31.357, 0.011, 0.140, 0.013
31.374, 0.005, 0.130, 0.016
31.390, 0.005, 0.138, 0.015
31.407, -0.012, 0.148, 0.014
31.424, -0.007, 0.146, 0.022
31.440, -0.014, 0.144, 0.019
31.457, -0.014, 0.120, 0.027
31.474, -0.013, 0.128, 0.027
31.490, -0.009, 0.127, 0.029
31.507, -0.002, 0.135, 0.034
31.524, -0.002, 0.140, 0.036
31.540, 0.001, 0.142, 0.037
31.557, -0.002, 0.134, 0.039
31.574, -0.004, 0.137, 0.040
31.590, -0.003, 0.134, 0.043
31.607, -0.005, 0.143, 0.042
31.624, -0.002, 0.141, 0.043
31.640, -0.001, 0.144, 0.044
31.657, 0.001, 0.140, 0.047
31.674, -0.001, 0.145, 0.047
31.691, 0.009, 0.142, 0.048
31.707, 0.008, 0.131, 0.049
31.724, 0.014, 0.130, 0.049
31.740, 0.014, 0.105, 0.052
31.757, 0.014, 0.139, 0.049
31.774, 0.007, 0.136, 0.048
31.790, 0.005, 0.144, 0.046
31.807, 0.002, 0.140, 0.047
31.824, 0.006, 0.145, 0.047
31.840, 0.006, 0.141, 0.045
31.857, 0.007, 0.138, 0.048
31.874, 0.009, 0.143, 0.043
31.890, 0.009, 0.143, 0.043
31.907, 0.009, 0.106, 0.043
31.924, 0.010, 0.105, 0.041
31.940, 0.005, 0.141, 0.032
31.957, 0.003, 0.133, 0.033
31.974, 0.003, 0.142, 0.028
31.990, 0.002, 0.136, 0.027
32.007, 0.008, 0.133, 0.024
32.024, 0.006, 0.130, 0.023
32.041, 0.011, 0.141, 0.021
32.057, 0.006, 0.141, 0.019
32.074, -0.001, 0.139, 0.017
32.091, 0.008, 0.144, 0.017
32.107, 0.005, 0.152, 0.015
32.125, -0.000, 0.140, 0.016
32.141, -0.004, 0.145, 0.015
32.157, 0.000, 0.133, 0.018
32.174, -0.003, 0.137, 0.016
32.191, -0.006, 0.140, 0.018
32.207, 0.000, 0.134, 0.018
32.224, -0.004, 0.130, 0.025
32.241, -0.002, 0.133, 0.025
32.257, -0.003, 0.134, 0.029
32.274, 0.004, 0.090, 0.038
32.291, 0.009, 0.132, 0.035
32.307, 0.003, 0.138, 0.037
32.324, 0.006, 0.134, 0.039
32.341, 0.001, 0.141, 0.040
32.357, 0.001, 0.133, 0.041
32.374, -0.006, 0.077, 0.050
32.391, -0.001, 0.081, 0.050
32.407, -0.002, 0.081, 0.050
32.424, 0.001, 0.126, 0.048
32.441, -0.002, 0.125, 0.048
32.457, -0.004, 0.079, 0.054
32.474, -0.013, 0.077, 0.053
32.491, -0.014, 0.091, 0.050
32.507, -0.018, 0.085, 0.048
32.524, -0.017, 0.063, 0.051
32.540, -0.023, 0.085, 0.045
32.557, -0.025, 0.087, 0.045
32.574, -0.031, 0.084, 0.043
32.590, -0.028, 0.079, 0.046
32.607, -0.026, 0.079, 0.048
32.624, -0.026, 0.083, 0.045
32.640, -0.025, 0.080, 0.046
32.657, -0.029, 0.079, 0.045
32.674, -0.029, 0.079, 0.043
32.691, -0.030, 0.096, 0.040
32.707, -0.031, 0.078, 0.038
32.724, -0.031, 0.088, 0.035
32.740, -0.031, 0.097, 0.037
32.757, -0.028, 0.102, 0.036
32.774, -0.028, 0.105, 0.033
32.790, -0.022, 0.102, 0.035
32.807, -0.024, 0.098, 0.033
32.824, -0.017, 0.093, 0.029
32.840, -0.023, 0.094, 0.030
32.857, -0.015, 0.092, 0.029
32.874, -0.022, 0.106, 0.031
32.890, -0.025, 0.102, 0.030
32.907, -0.026, 0.106, 0.027
32.924, -0.025, 0.120, 0.021
32.940, -0.020, 0.108, 0.014
32.957, -0.023, 0.116, 0.017
32.974, -0.019, 0.114, 0.017
32.990, -0.023, 0.122, 0.011
33.007, -0.019, 0.123, 0.005
33.024, -0.016, 0.116, -0.000
33.040, -0.019, 0.113, -0.000
33.057, -0.019, 0.117, 0.001
33.074, -0.019, 0.117, -0.001
33.090, -0.025, 0.136, -0.014
33.107, -0.013, 0.138, -0.013
33.124, -0.017, 0.135, -0.019
33.140, -0.020, 0.128, -0.020
33.157, -0.013, 0.115, -0.019
33.174, -0.012, 0.125, -0.027
33.190, -0.010, 0.134, -0.028
33.207, -0.007, 0.130, -0.030
33.224, -0.003, 0.135, -0.032
33.241, -0.003, 0.135, -0.032
33.257, -0.004, 0.134, -0.037
33.274, -0.004, 0.131, -0.041
33.290, -0.000, 0.126, -0.042
33.307, 0.002, 0.086, -0.039
33.324, -0.001, 0.137, -0.046
33.340, -0.000, 0.121, -0.049
33.357, 0.006, 0.129, -0.048
33.374, 0.002, 0.093, -0.045
33.390, 0.008, 0.135, -0.050
33.407, 0.008, 0.143, -0.053
33.424, 0.002, 0.086, -0.048
33.440, 0.012, 0.136, -0.053
33.457, 0.012, 0.105, -0.049
33.474, 0.008, 0.149, -0.055
33.490, 0.012, 0.101, -0.049
33.507, 0.012, 0.098, -0.050
33.524, 0.009, 0.104, -0.049
33.540, 0.012, 0.094, -0.048
33.557, 0.008, 0.142, -0.052
33.574, 0.010, 0.096, -0.045
33.590, 0.017, 0.096, -0.045
33.607, 0.013, 0.102, -0.042
33.624, 0.014, 0.103, -0.041
33.640, 0.014, 0.102, -0.039
33.657, 0.018, 0.102, -0.036
33.674, 0.022, 0.108, -0.037
33.690, 0.017, 0.105, -0.035
33.707, 0.018, 0.107, -0.035
33.724, 0.020, 0.102, -0.033
33.740, 0.018, 0.098, -0.032
33.757, 0.019, 0.100, -0.031
33.774, 0.023, 0.104, -0.032
33.790, 0.022, 0.112, -0.030
33.807, 0.026, 0.111, -0.027
33.824, 0.026, 0.152, -0.030
33.840, 0.022, 0.153, -0.031
33.857, 0.022, 0.150, -0.028
33.874, 0.020, 0.101, -0.023
33.890, 0.021, 0.103, -0.023
33.907, 0.022, 0.150, -0.025
33.924, 0.020, 0.107, -0.022
33.940, 0.024, 0.150, -0.025
33.957, 0.022, 0.109, -0.021
33.974, 0.020, 0.102, -0.022
33.990, 0.022, 0.105, -0.021
34.007, 0.023, 0.102, -0.021
34.024, 0.022, 0.100, -0.021
34.040, 0.027, 0.138, -0.024
34.057, 0.023, 0.137, -0.025
34.074, 0.020, 0.110, -0.022
34.090, 0.018, 0.112, -0.023
34.107, 0.016, 0.108, -0.022
34.124, 0.015, 0.106, -0.022
34.140, 0.019, 0.102, -0.021
34.157, 0.019, 0.106, -0.021
34.174, 0.019, 0.104, -0.020
34.190, 0.018, 0.103, -0.020
34.207, 0.017, 0.101, -0.020
34.224, 0.016, 0.139, -0.023
34.240, 0.016, 0.141, -0.023
34.257, 0.015, 0.143, -0.024
34.274, 0.010, 0.145, -0.025
34.290, 0.014, 0.143, -0.025
34.307, 0.014, 0.143, -0.026
34.324, 0.011, 0.141, -0.026
34.340, 0.016, 0.141, -0.024
34.357, 0.017, 0.140, -0.025
34.374, 0.010, 0.141, -0.025
34.390, 0.017, 0.137, -0.024
34.407, 0.014, 0.135, -0.023
34.424, 0.012, 0.134, -0.023
34.440, 0.009, 0.139, -0.023
34.457, 0.009, 0.132, -0.021
34.474, 0.005, 0.087, -0.016
34.490, 0.006, 0.088, -0.016
34.507, 0.004, 0.119, -0.019
34.524, 0.006, 0.087, -0.014
34.540, 0.004, 0.091, -0.014
34.557, 0.005, 0.087, -0.013
34.574, 0.005, 0.088, -0.013
34.590, 0.007, 0.133, -0.018
34.607, 0.007, 0.132, -0.019
34.624, 0.008, 0.131, -0.019
34.640, 0.008, 0.134, -0.020
34.657, 0.008, 0.136, -0.021
34.674, 0.007, 0.140, -0.021
34.690, 0.014, 0.139, -0.021
34.707, 0.011, 0.139, -0.021
34.724, 0.012, 0.138, -0.020
34.740, 0.015, 0.145, -0.020
34.757, 0.014, 0.092, -0.015
34.774, 0.014, 0.136, -0.018
34.790, 0.011, 0.145, -0.018
34.807, 0.014, 0.141, -0.016
34.824, 0.013, 0.096, -0.010
34.840, 0.011, 0.093, -0.008
34.857, 0.011, 0.095, -0.007
34.874, 0.013, 0.139, -0.011
34.890, 0.011, 0.142, -0.009
34.907, 0.011, 0.143, -0.009
34.924, 0.011, 0.141, -0.008
34.940, 0.008, 0.146, -0.009
34.957, 0.009, 0.144, -0.007
34.974, 0.009, 0.148, -0.007
34.990, 0.008, 0.143, -0.006
35.007, 0.007, 0.148, -0.006
35.024, 0.006, 0.148, -0.004
35.040, 0.010, 0.153, -0.003
35.057, 0.008, 0.142, 0.001
35.074, 0.007, 0.144, 0.003
35.090, 0.011, 0.147, 0.004
35.107, 0.007, 0.147, 0.004
35.124, 0.006, 0.131, 0.007
35.140, 0.010, 0.142, 0.008
35.157, 0.009, 0.150, 0.008
35.174, 0.006, 0.101, 0.013
35.190, 0.013, 0.143, 0.012
35.207, 0.013, 0.142, 0.013
35.224, 0.012, 0.128, 0.014
35.240, 0.006, 0.098, 0.016
35.257, 0.009, 0.139, 0.015
35.274, 0.008, 0.141, 0.015
35.290, 0.008, 0.143, 0.015
35.307, 0.006, 0.142, 0.013
35.324, 0.007, 0.144, 0.016
35.340, 0.009, 0.144, 0.017
35.357, 0.004, 0.145, 0.017
35.374, 0.004, 0.148, 0.016
35.390, 0.007, 0.141, 0.018
35.407, 0.006, 0.142, 0.018
35.424, 0.010, 0.143, 0.020
35.440, 0.006, 0.144, 0.018
35.457, 0.013, 0.139, 0.022
35.474, 0.012, 0.140, 0.022
35.490, 0.010, 0.150, 0.021
35.507, 0.007, 0.105, 0.026
35.524, 0.006, 0.154, 0.022
35.540, 0.007, 0.147, 0.022
35.557, 0.008, 0.153, 0.022
35.574, 0.016, 0.145, 0.025
35.590, 0.007, 0.119, 0.026
35.607, 0.010, 0.116, 0.026
35.624, 0.009, 0.113, 0.025
35.640, 0.014, 0.115, 0.026
35.657, 0.009, 0.119, 0.026
35.674, 0.011, 0.114, 0.026
35.690, 0.010, 0.104, 0.027
35.707, 0.012, 0.148, 0.022
35.724, 0.018, 0.098, 0.030
35.740, 0.014, 0.106, 0.028
35.757, 0.012, 0.149, 0.024
35.774, 0.012, 0.153, 0.024
35.790, 0.013, 0.142, 0.025
35.807, 0.018, 0.144, 0.025
35.824, 0.018, 0.139, 0.026
35.840, 0.017, 0.147, 0.026
35.857, 0.016, 0.114, 0.030
35.874, 0.019, 0.110, 0.031
35.890, 0.020, 0.108, 0.031
35.907, 0.020, 0.119, 0.031
35.924, 0.020, 0.147, 0.031
35.940, 0.022, 0.140, 0.031
35.957, 0.025, 0.143, 0.032
35.974, 0.025, 0.137, 0.032
35.990, 0.025, 0.148, 0.033
36.007, 0.024, 0.150, 0.033
36.024, 0.026, 0.148, 0.033
36.040, 0.025, 0.146, 0.034
36.057, 0.028, 0.143, 0.034
36.074, 0.028, 0.110, 0.037
36.090, 0.028, 0.106, 0.037
36.107, 0.029, 0.100, 0.037
36.124, 0.028, 0.110, 0.035
36.140, 0.030, 0.111, 0.036
36.157, 0.033, 0.117, 0.034
36.174, 0.033, 0.112, 0.033
36.190, 0.034, 0.100, 0.032
36.207, 0.036, 0.105, 0.031
36.224, 0.038, 0.113, 0.030
36.240, 0.037, 0.105, 0.029
36.257, 0.038, 0.150, 0.024
36.274, 0.036, 0.145, 0.023
36.291, 0.034, 0.116, 0.024
36.307, 0.032, 0.111, 0.021
36.324, 0.032, 0.112, 0.021
36.340, 0.035, 0.106, 0.020
36.357, 0.034, 0.114, 0.020
36.374, 0.033, 0.149, 0.015
36.390, 0.033, 0.146, 0.015
36.407, 0.029, 0.128, 0.014
36.424, 0.030, 0.105, 0.014
36.440, 0.030, 0.132, 0.012
36.457, 0.026, 0.119, 0.011
36.474, 0.027, 0.114, 0.009
36.490, 0.028, 0.143, 0.006
36.507, 0.027, 0.145, 0.005
36.524, 0.026, 0.140, 0.005
36.540, 0.026, 0.137, 0.005
36.557, 0.025, 0.120, 0.007
36.574, 0.024, 0.142, 0.005
36.590, 0.023, 0.145, 0.006
36.607, 0.024, 0.143, 0.007
36.624, 0.022, 0.131, 0.007
36.640, 0.018, 0.134, 0.007
36.657, 0.013, 0.138, 0.006
36.674, 0.014, 0.137, 0.009
36.690, 0.012, 0.135, 0.009
36.707, 0.010, 0.121, 0.010
36.724, 0.011, 0.141, 0.009
36.740, 0.012, 0.134, 0.009
36.757, 0.013, 0.133, 0.008
36.774, 0.013, 0.092, 0.013
36.790, 0.013, 0.136, 0.007
36.808, 0.010, 0.134, 0.005
36.824, 0.009, 0.141, 0.003
36.840, 0.009, 0.141, 0.003
36.857, 0.008, 0.149, 0.001
36.874, 0.008, 0.149, -0.001
36.890, 0.009, 0.144, -0.001
36.907, 0.007, 0.142, -0.002
36.924, 0.009, 0.147, -0.003
36.940, 0.011, 0.141, -0.003
36.957, 0.010, 0.144, -0.004
36.974, 0.009, 0.142, -0.006
36.990, 0.010, 0.145, -0.005
37.007, 0.010, 0.112, -0.002
37.024, 0.011, 0.145, -0.006
37.040, 0.010, 0.116, -0.003
37.057, 0.013, 0.112, -0.004
37.074, 0.014, 0.151, -0.009
37.090, 0.014, 0.141, -0.008
37.107, 0.016, 0.134, -0.008
37.124, 0.016, 0.134, -0.009
37.140, 0.017, 0.135, -0.010
37.157, 0.020, 0.144, -0.011
37.174, 0.019, 0.147, -0.012
37.190, 0.018, 0.145, -0.011
37.207, 0.018, 0.139, -0.012
37.224, 0.018, 0.131, -0.012
37.240, 0.020, 0.138, -0.011
37.257, 0.028, 0.133, -0.010
37.274, 0.025, 0.126, -0.009
37.290, 0.028, 0.130, -0.009
37.307, 0.019, 0.129, -0.010
37.324, 0.014, 0.125, -0.010
37.340, 0.014, 0.116, -0.009
37.357, 0.016, 0.130, -0.009
37.374, 0.018, 0.126, -0.009
37.390, 0.017, 0.120, -0.008
37.407, 0.021, 0.117, -0.008
37.424, 0.020, 0.128, -0.008
37.440, 0.022, 0.125, -0.009
37.457, 0.020, 0.123, -0.007
37.474, 0.014, 0.122, -0.011
37.490, 0.013, 0.121, -0.012
37.507, 0.013, 0.120, -0.014
37.524, 0.014, 0.112, -0.015
37.540, 0.016, 0.122, -0.014
37.557, 0.016, 0.114, -0.014
37.574, 0.014, 0.105, -0.014
37.590, 0.009, 0.112, -0.014
37.607, 0.005, 0.078, -0.012
37.624, 0.004, 0.121, -0.014
37.640, 0.003, 0.120, -0.016
37.657, 0.005, 0.116, -0.016
37.674, 0.001, 0.119, -0.018
37.691, -0.002, 0.124, -0.018
37.707, 0.002, 0.121, -0.018
37.724, 0.002, 0.138, -0.021
37.741, 0.004, 0.145, -0.022
37.757, 0.003, 0.150, -0.023
37.774, -0.009, 0.141, -0.022
37.791, -0.004, 0.140, -0.021
37.807, -0.003, 0.134, -0.020
37.824, -0.003, 0.141, -0.020
37.841, -0.005, 0.144, -0.020
37.857, -0.005, 0.118, -0.015
37.874, -0.005, 0.152, -0.017
37.891, -0.004, 0.109, -0.010
37.907, -0.005, 0.145, -0.012
37.924, -0.006, 0.140, -0.011
37.940, -0.003, 0.146, -0.010
37.957, -0.003, 0.144, -0.008
37.974, -0.006, 0.148, -0.007
37.991, -0.006, 0.155, -0.005
38.007, -0.005, 0.132, -0.001
38.024, -0.007, 0.131, -0.001
38.041, -0.006, 0.134, 0.002
38.058, -0.004, 0.123, 0.003
38.074, -0.004, 0.143, 0.002
38.091, -0.004, 0.156, -0.002
38.107, -0.002, 0.151, 0.002
38.124, -0.002, 0.156, -0.000
38.141, -0.002, 0.156, -0.000
38.157, -0.002, 0.153, -0.001
38.174, -0.004, 0.151, -0.001
38.191, -0.003, 0.154, -0.000
38.207, 0.000, 0.135, 0.003
38.224, 0.004, 0.137, 0.003
38.240, 0.002, 0.144, 0.002
38.257, 0.008, 0.143, 0.003
38.274, 0.007, 0.136, 0.003
38.291, 0.010, 0.138, 0.004
38.307, 0.009, 0.138, 0.002
38.324, 0.010, 0.149, 0.001
38.340, 0.011, 0.142, 0.003
38.357, 0.013, 0.122, 0.002
38.374, 0.013, 0.157, -0.003
38.390, 0.012, 0.136, -0.000
38.407, 0.011, 0.135, 0.001
38.424, 0.010, 0.138, 0.001
38.440, 0.018, 0.152, -0.000
38.457, 0.008, 0.114, 0.002
38.474, 0.013, 0.148, 0.002
38.490, 0.009, 0.145, 0.003
38.507, 0.010, 0.127, 0.002
38.524, 0.011, 0.148, 0.001
38.541, 0.013, 0.144, 0.001
38.557, 0.015, 0.141, 0.001
38.574, 0.020, 0.144, 0.002
38.590, 0.019, 0.145, 0.000
38.607, 0.020, 0.144, -0.000
38.624, 0.020, 0.105, 0.004
38.640, 0.013, 0.146, -0.002
38.657, 0.021, 0.100, 0.004
38.674, 0.016, 0.142, -0.002
38.690, 0.028, 0.099, 0.004
38.707, 0.026, 0.088, 0.004
38.724, 0.028, 0.127, 0.001
38.740, 0.025, 0.126, 0.000
38.757, 0.022, 0.122, -0.001
38.774, 0.025, 0.128, -0.002
38.790, 0.027, 0.128, -0.002
38.807, 0.027, 0.132, -0.003
38.824, 0.025, 0.141, -0.003
38.840, 0.026, 0.127, -0.001
38.857, 0.026, 0.129, -0.002
38.874, 0.028, 0.087, 0.001
38.890, 0.029, 0.090, -0.001
38.907, 0.029, 0.088, -0.000
38.924, 0.030, 0.090, 0.001
38.940, 0.032, 0.130, -0.003
38.957, 0.032, 0.088, 0.001
38.974, 0.024, 0.085, 0.002
38.990, 0.030, 0.090, 0.003
39.007, 0.024, 0.091, 0.001
39.024, 0.025, 0.079, 0.005
39.040, 0.024, 0.113, 0.003
39.057, 0.020, 0.121, 0.003
39.074, 0.016, 0.082, 0.009
39.090, 0.016, 0.082, 0.009
39.107, 0.011, 0.086, 0.013
39.124, 0.015, 0.113, 0.012
39.141, 0.014, 0.123, 0.012
39.157, 0.013, 0.107, 0.019
39.174, 0.014, 0.112, 0.023
39.191, 0.014, 0.101, 0.025
39.207, 0.013, 0.101, 0.030
39.224, 0.009, 0.109, 0.035
39.241, 0.011, 0.138, 0.033
39.257, 0.008, 0.142, 0.034
39.274, 0.008, 0.101, 0.041
39.291, 0.004, 0.136, 0.039
39.307, -0.001, 0.116, 0.045
39.324, -0.002, 0.153, 0.044
39.341, -0.004, 0.162, 0.042
39.357, -0.003, 0.121, 0.048
39.374, 0.007, 0.114, 0.052
39.390, 0.006, 0.158, 0.047
39.407, 0.004, 0.146, 0.048
39.424, -0.002, 0.155, 0.053
39.441, -0.007, 0.132, 0.048
39.457, -0.006, 0.140, 0.047
39.474, -0.003, 0.138, 0.045
39.491, -0.003, 0.130, 0.048
39.507, -0.001, 0.155, 0.045
39.524, 0.004, 0.112, 0.044
39.540, -0.002, 0.148, 0.040
39.557, -0.015, 0.137, 0.033
39.574, -0.033, 0.133, 0.030
39.591, -0.034, 0.143, 0.028
39.607, -0.018, 0.121, 0.020
39.624, -0.015, 0.143, 0.019
39.641, -0.005, 0.133, 0.018
39.657, 0.010, 0.119, 0.018
39.674, 0.007, 0.125, 0.018
39.690, 0.011, 0.128, 0.016
39.707, 0.019, 0.124, 0.018
39.724, 0.011, 0.099, 0.019
39.741, 0.015, 0.119, 0.017
39.757, 0.018, 0.117, 0.015
39.774, 0.020, 0.122, 0.012
39.791, 0.027, 0.125, 0.010
39.807, 0.030, 0.127, 0.006
39.824, 0.028, 0.136, -0.001
39.841, 0.034, 0.143, -0.005
39.857, 0.032, 0.143, -0.014
39.874, 0.040, 0.133, -0.017
39.891, 0.042, 0.133, -0.019
39.907, 0.038, 0.139, -0.023
39.924, 0.035, 0.148, -0.028
39.941, 0.037, 0.141, -0.024
39.957, 0.039, 0.146, -0.030
39.974, 0.041, 0.143, -0.031
39.990, 0.043, 0.137, -0.031
40.007, 0.042, 0.137, -0.033
40.024, 0.039, 0.135, -0.032
40.041, 0.041, 0.147, -0.033
40.057, 0.036, 0.142, -0.035
40.074, 0.036, 0.139, -0.038
40.090, 0.031, 0.160, -0.040
40.107, 0.024, 0.110, -0.034
40.124, 0.015, 0.130, -0.039
40.141, 0.013, 0.143, -0.043
40.157, 0.013, 0.113, -0.039
40.174, 0.011, 0.122, -0.041
40.190, 0.011, 0.106, -0.041
40.207, 0.015, 0.091, -0.041
40.224, 0.020, 0.098, -0.043
40.241, 0.017, 0.106, -0.046
40.257, 0.013, 0.100, -0.053
40.274, 0.007, 0.078, -0.056
40.291, -0.001, 0.127, -0.065
40.307, -0.004, 0.118, -0.069
40.324, 0.001, 0.077, -0.065
40.341, -0.001, 0.121, -0.071
40.357, 0.000, 0.133, -0.066
40.374, -0.000, 0.112, -0.073
40.391, 0.003, 0.112, -0.071
40.407, -0.003, 0.111, -0.071
40.424, -0.004, 0.125, -0.071
40.441, 0.009, 0.122, -0.070
40.457, 0.018, 0.081, -0.062
40.475, 0.022, 0.136, -0.056
40.491, 0.021, 0.121, -0.061
40.507, 0.017, 0.073, -0.057
40.524, 0.018, 0.115, -0.060
40.541, 0.020, 0.097, -0.058
40.558, 0.025, 0.081, -0.056
40.574, 0.025, 0.124, -0.055
40.591, 0.025, 0.125, -0.056
40.607, 0.027, 0.131, -0.052
40.624, 0.021, 0.139, -0.043
40.641, 0.020, 0.137, -0.041
40.658, 0.020, 0.106, -0.038
40.674, 0.024, 0.144, -0.039
40.691, 0.020, 0.154, -0.037
40.707, 0.028, 0.113, -0.033
40.724, 0.028, 0.136, -0.035
40.741, 0.024, 0.134, -0.030
40.757, 0.021, 0.152, -0.031
40.774, 0.024, 0.126, -0.029
40.791, 0.025, 0.161, -0.030
40.807, 0.021, 0.169, -0.029
40.824, 0.026, 0.149, -0.025
40.841, 0.023, 0.151, -0.023
40.857, 0.022, 0.137, -0.019
40.874, 0.029, 0.137, -0.012
40.891, 0.023, 0.148, -0.012
40.907, 0.021, 0.166, -0.012
40.924, 0.025, 0.159, -0.009
40.941, 0.019, 0.160, -0.008
40.958, 0.019, 0.171, -0.008
40.975, 0.019, 0.144, -0.003
40.991, 0.024, 0.115, -0.001
41.007, 0.020, 0.150, -0.003
41.024, 0.022, 0.147, -0.003
41.041, 0.021, 0.128, -0.002
41.057, 0.016, 0.119, -0.003
41.074, 0.015, 0.106, -0.002
41.091, 0.016, 0.111, -0.002
41.107, 0.024, 0.100, -0.001
41.124, 0.029, 0.138, -0.003
41.141, 0.024, 0.130, -0.001
41.157, 0.016, 0.128, -0.005
41.174, 0.002, 0.138, -0.004
41.191, 0.001, 0.134, -0.006
41.207, 0.009, 0.127, -0.008
41.224, 0.021, 0.084, -0.006
41.241, 0.028, 0.094, -0.013
41.257, 0.029, 0.050, -0.017
41.274, 0.021, 0.004, -0.028
41.291, 0.025, -0.045, -0.031
41.307, 0.005, -0.072, -0.039
41.324, -0.025, -0.106, -0.052
41.340, -0.063, -0.171, -0.061
41.357, -0.116, -0.225, -0.070
41.374, -0.158, -0.317, -0.074
41.391, 0.055, -0.154, -0.136
41.407, 0.190, 0.085, -0.133
41.424, 0.067, 0.198, -0.100
41.441, -0.031, 0.192, -0.092
41.457, -0.178, 0.136, -0.018
41.474, -0.007, 0.034, 0.130
41.491, 0.051, 0.014, 0.175
41.507, 0.010, 0.188, 0.201
41.524, 0.011, 0.108, 0.208
41.541, 0.012, 0.110, 0.210
41.557, -0.003, 0.102, 0.219
41.574, 0.016, 0.114, 0.233
41.591, 0.006, 0.111, 0.235
41.607, 0.015, 0.112, 0.236
41.624, 0.010, 0.111, 0.236
41.641, 0.015, 0.118, 0.235
41.657, 0.013, 0.115, 0.236
41.674, 0.014, 0.118, 0.235
41.691, 0.014, 0.116, 0.236
41.707, 0.014, 0.114, 0.236
41.724, 0.014, 0.117, 0.237
41.741, 0.009, 0.110, 0.234
41.757, 0.015, 0.118, 0.236
41.775, 0.015, 0.114, 0.236
41.791, 0.015, 0.115, 0.236
41.807, 0.010, 0.124, 0.234
41.824, 0.015, 0.116, 0.237
41.841, 0.014, 0.118, 0.237
41.857, 0.014, 0.115, 0.236
41.875, 0.015, 0.114, 0.237
41.890, 0.015, 0.114, 0.237
41.907, 0.015, 0.114, 0.237
41.924, 0.014, 0.116, 0.236
41.941, 0.008, 0.122, 0.234
41.957, 0.014, 0.115, 0.236
41.974, 0.016, 0.116, 0.236
41.991, 0.007, 0.123, 0.234
42.007, 0.015, 0.115, 0.237
42.024, 0.008, 0.120, 0.235
42.041, 0.015, 0.114, 0.236
42.057, 0.015, 0.116, 0.236
42.074, 0.015, 0.114, 0.236
42.091, 0.015, 0.114, 0.237
42.107, 0.015, 0.116, 0.237
42.124, 0.015, 0.116, 0.237
42.140, 0.014, 0.117, 0.236
42.157, 0.015, 0.115, 0.236
42.174, 0.014, 0.117, 0.236
42.190, 0.014, 0.116, 0.237
42.207, 0.014, 0.113, 0.237
42.224, 0.014, 0.116, 0.237
42.240, 0.010, 0.108, 0.235
42.257, 0.015, 0.117, 0.236
42.274, 0.016, 0.115, 0.237
42.290, 0.009, 0.110, 0.235
42.307, 0.014, 0.116, 0.236
42.324, 0.014, 0.114, 0.237
42.340, 0.016, 0.116, 0.237
42.357, 0.016, 0.116, 0.237
42.374, 0.015, 0.115, 0.237
42.390, 0.009, 0.109, 0.235
42.407, 0.013, 0.113, 0.237
42.424, 0.014, 0.115, 0.237
42.440, 0.015, 0.114, 0.237
42.457, 0.009, 0.110, 0.235
42.474, 0.014, 0.117, 0.236
42.491, 0.015, 0.114, 0.237
42.507, 0.014, 0.114, 0.236
42.524, 0.015, 0.116, 0.237
42.540, 0.014, 0.113, 0.236
42.557, 0.015, 0.115, 0.236
42.574, 0.015, 0.115, 0.237
42.591, 0.014, 0.116, 0.236
42.607, 0.016, 0.116, 0.237
42.624, 0.008, 0.124, 0.234
42.641, 0.013, 0.116, 0.236
42.657, 0.016, 0.115, 0.237
42.674, 0.010, 0.109, 0.234
42.690, 0.014, 0.114, 0.237
42.707, 0.015, 0.115, 0.237
42.724, 0.015, 0.133, 0.233
42.740, 0.014, 0.115, 0.236
42.757, 0.016, 0.116, 0.237
42.774, 0.014, 0.116, 0.237
42.791, 0.015, 0.114, 0.237
42.807, 0.014, 0.117, 0.236
42.824, 0.015, 0.115, 0.237
42.840, 0.016, 0.116, 0.237
42.857, 0.015, 0.115, 0.237
42.874, 0.014, 0.116, 0.237
42.891, 0.014, 0.113, 0.237
42.907, 0.014, 0.115, 0.236
42.924, 0.014, 0.116, 0.236
42.940, 0.015, 0.116, 0.236
42.957, 0.008, 0.124, 0.234
42.974, 0.014, 0.114, 0.236
42.991, 0.009, 0.124, 0.234
43.007, 0.014, 0.115, 0.236
43.024, 0.009, 0.109, 0.235
43.041, 0.013, 0.114, 0.236
43.057, 0.015, 0.116, 0.237
43.074, 0.014, 0.114, 0.236
43.090, 0.013, 0.115, 0.236
43.107, 0.009, 0.109, 0.234
43.124, 0.014, 0.116, 0.236
43.140, 0.014, 0.114, 0.236
43.157, 0.014, 0.116, 0.236
43.174, 0.008, 0.121, 0.234
43.190, 0.015, 0.116, 0.236
43.207, 0.014, 0.115, 0.236
43.224, 0.006, 0.121, 0.234
43.240, 0.014, 0.114, 0.236
43.257, 0.009, 0.111, 0.234
43.274, 0.009, 0.110, 0.235
43.290, 0.009, 0.110, 0.235
43.308, 0.014, 0.115, 0.236
43.324, 0.013, 0.114, 0.236
43.340, 0.014, 0.115, 0.237
43.357, 0.014, 0.114, 0.236
43.374, 0.013, 0.115, 0.236
43.390, 0.014, 0.116, 0.236
43.408, 0.014, 0.116, 0.236
43.424, 0.014, 0.115, 0.236
43.441, 0.009, 0.109, 0.234
43.457, 0.014, 0.114, 0.236
43.474, 0.009, 0.110, 0.235
43.491, 0.014, 0.114, 0.236
43.507, 0.014, 0.115, 0.236
43.524, 0.008, 0.124, 0.234
43.541, 0.014, 0.115, 0.236
43.557, 0.014, 0.115, 0.236
43.574, 0.013, 0.112, 0.237
43.591, 0.007, 0.122, 0.234
43.607, 0.015, 0.116, 0.235
43.624, 0.014, 0.114, 0.236
43.640, 0.013, 0.114, 0.236
43.657, 0.014, 0.115, 0.237
43.674, 0.013, 0.114, 0.236
43.690, 0.013, 0.116, 0.236
43.707, 0.017, 0.111, 0.237
43.724, 0.014, 0.116, 0.236
43.740, 0.014, 0.114, 0.237
43.757, 0.009, 0.111, 0.234
43.774, 0.008, 0.121, 0.234
43.790, 0.015, 0.117, 0.236
43.807, 0.013, 0.115, 0.236
43.824, 0.013, 0.112, 0.237
43.841, 0.014, 0.116, 0.236
43.857, 0.014, 0.114, 0.236
43.874, 0.014, 0.115, 0.236
43.890, 0.014, 0.114, 0.237
43.907, 0.013, 0.114, 0.236
43.924, 0.014, 0.116, 0.236
43.940, 0.009, 0.109, 0.234
43.957, 0.015, 0.116, 0.236
43.974, 0.014, 0.114, 0.236
43.990, 0.009, 0.110, 0.234
44.007, 0.014, 0.115, 0.236
44.024, 0.014, 0.114, 0.236
44.040, 0.014, 0.113, 0.237
44.057, 0.013, 0.116, 0.236
44.074, 0.009, 0.110, 0.234
44.090, 0.013, 0.114, 0.236
44.107, 0.013, 0.115, 0.236
44.124, 0.014, 0.112, 0.237
44.140, 0.009, 0.110, 0.235
44.157, 0.013, 0.115, 0.236
44.174, 0.013, 0.114, 0.236
44.190, 0.014, 0.114, 0.236
44.207, 0.009, 0.111, 0.234
44.224, 0.014, 0.114, 0.236
44.240, 0.013, 0.115, 0.236
44.257, 0.015, 0.115, 0.236
44.274, 0.010, 0.109, 0.234
44.290, 0.014, 0.116, 0.236
44.307, 0.008, 0.110, 0.235
44.324, 0.014, 0.117, 0.236
44.340, 0.014, 0.114, 0.236
44.357, 0.013, 0.114, 0.236
44.374, 0.015, 0.115, 0.236
44.390, 0.014, 0.114, 0.236
44.407, 0.014, 0.114, 0.236
44.424, 0.009, 0.110, 0.235
44.440, 0.015, 0.114, 0.236
44.457, 0.014, 0.113, 0.236
44.474, 0.014, 0.114, 0.236
44.491, 0.015, 0.135, 0.233
44.507, 0.013, 0.115, 0.236
44.525, 0.009, 0.109, 0.234
44.542, 0.009, 0.110, 0.234
44.557, 0.014, 0.114, 0.236
44.574, 0.010, 0.108, 0.235
44.592, 0.014, 0.115, 0.236
44.607, 0.014, 0.115, 0.236
