0.086, 0.000, 0.000, 0.000
0.103, 0.000, 0.000, 0.000
0.120, 0.000, 0.000, 0.000
0.136, 0.000, 0.000, 0.000
0.153, 0.000, 0.000, 0.000
0.174, 0.000, 0.000, 0.000
0.186, 0.000, 0.000, 0.000
0.203, 0.000, 0.000, 0.000
0.220, 0.000, 0.000, 0.000
0.236, 0.000, 0.000, 0.000
0.253, 0.000, 0.000, 0.000
0.270, 0.000, 0.000, 0.000
0.287, 0.000, 0.000, 0.000
0.303, 0.000, 0.000, 0.000
0.320, 0.000, 0.000, 0.000
0.336, 0.000, 0.000, 0.000
0.353, 0.000, 0.000, 0.000
0.370, 0.000, 0.000, 0.000
0.387, 0.000, 0.000, 0.000
0.403, 0.000, 0.000, 0.000
0.420, 0.000, 0.000, 0.000
0.436, 0.000, 0.000, 0.000
0.453, 0.000, 0.000, 0.000
0.470, 0.000, 0.000, 0.000
0.487, 0.000, 0.000, 0.000
0.503, 0.000, -0.000, -0.001
0.520, -0.000, -0.000, -0.002
0.537, -0.001, -0.002, -0.003
0.553, -0.000, 0.000, -0.000
0.570, -0.000, -0.001, -0.002
0.587, 0.000, 0.002, 0.003
0.603, -0.001, -0.004, -0.004
0.620, -0.000, 0.003, 0.006
0.636, 0.000, 0.002, 0.002
0.653, 0.001, 0.006, 0.007
0.670, 0.001, -0.001, -0.001
0.687, -0.000, 0.000, 0.002
0.703, 0.000, -0.000, -0.000
0.720, 0.000, 0.000, 0.003
0.737, 0.000, -0.001, -0.001
0.753, 0.000, 0.000, 0.002
0.770, -0.001, 0.002, 0.002
0.786, -0.001, 0.000, 0.002
0.803, -0.001, 0.000, 0.001
0.820, 0.000, -0.002, -0.001
0.837, -0.001, 0.001, 0.002
0.853, -0.000, -0.000, 0.001
0.870, 0.000, 0.000, 0.001
0.887, 0.000, -0.000, 0.001
0.903, 0.000, 0.000, 0.000
0.920, 0.000, 0.000, 0.001
0.937, 0.001, -0.001, -0.000
0.953, -0.000, 0.001, 0.003
0.970, 0.001, -0.000, -0.001
0.986, 0.001, -0.001, -0.002
1.004, 0.001, -0.001, -0.001
1.020, -0.000, -0.002, -0.002
1.036, 0.000, -0.000, -0.001
1.053, -0.000, -0.004, -0.004
1.070, 0.001, 0.002, 0.002
1.087, 0.001, 0.001, 0.001
1.103, 0.001, 0.004, 0.005
1.120, 0.000, -0.000, -0.002
1.136, 0.000, -0.001, -0.002
1.153, 0.000, -0.000, -0.002
1.170, 0.001, -0.001, -0.002
1.186, 0.000, -0.003, -0.005
1.203, 0.001, -0.001, -0.002
1.220, -0.000, -0.001, -0.004
1.237, 0.001, 0.003, 0.003
1.253, 0.000, -0.003, -0.005
1.270, 0.000, -0.000, 0.001
1.287, 0.000, -0.001, -0.002
1.303, 0.000, 0.001, 0.000
1.320, -0.000, 0.000, 0.000
1.337, -0.000, 0.000, 0.002
1.353, -0.000, -0.000, -0.000
1.370, 0.000, -0.000, 0.001
1.386, 0.000, 0.000, 0.000
1.403, -0.000, 0.001, 0.002
1.420, -0.000, 0.001, 0.001
1.437, 0.000, 0.000, -0.000
1.453, 0.001, -0.001, -0.002
1.470, 0.001, -0.001, -0.000
1.486, 0.001, -0.003, -0.003
1.503, 0.000, 0.001, 0.003
1.520, 0.000, 0.000, 0.001
1.537, 0.000, 0.002, 0.004
1.553, 0.000, 0.000, -0.000
1.570, -0.001, -0.006, -0.005
1.587, -0.000, -0.002, -0.002
1.603, -0.001, -0.003, -0.003
1.620, 0.001, 0.003, 0.004
1.636, -0.000, -0.000, -0.000
1.653, 0.000, 0.000, 0.001
1.670, 0.000, -0.000, -0.001
1.687, 0.000, -0.000, 0.000
1.703, -0.000, -0.002, -0.002
1.720, 0.000, 0.002, 0.003
1.737, 0.001, 0.002, 0.000
1.754, 0.001, 0.005, 0.005
1.770, 0.001, -0.001, -0.004
1.787, -0.000, -0.001, -0.002
1.803, 0.000, -0.001, -0.003
1.820, 0.001, -0.002, -0.002
1.836, 0.000, -0.004, -0.005
1.853, 0.001, -0.001, -0.001
1.870, -0.006, 0.008, 0.012
1.886, -0.002, 0.007, 0.010
1.903, -0.003, 0.003, 0.003
1.920, 0.003, -0.003, -0.004
1.936, -0.000, 0.001, 0.001
1.953, -0.000, 0.002, 0.003
1.970, -0.000, -0.000, -0.002
1.986, -0.000, -0.000, -0.000
2.003, 0.000, -0.001, -0.003
2.020, -0.001, -0.004, -0.003
2.036, -0.001, -0.001, -0.001
2.053, -0.001, -0.000, 0.001
2.070, 0.001, 0.002, -0.000
2.086, 0.000, -0.001, -0.002
2.103, 0.000, -0.000, -0.001
2.120, -0.000, -0.000, 0.000
2.136, -0.000, 0.000, 0.000
2.153, 0.000, 0.000, 0.000
2.170, -0.000, 0.001, 0.001
2.186, -0.000, -0.000, -0.000
2.203, 0.000, 0.001, -0.000
2.220, 0.000, -0.003, -0.004
2.236, 0.000, 0.001, 0.001
2.253, -0.001, -0.003, -0.003
2.270, 0.001, 0.005, 0.004
2.286, 0.001, 0.001, 0.000
2.303, 0.002, 0.004, 0.004
2.320, -0.001, -0.003, -0.003
2.336, -0.001, -0.001, -0.001
2.353, -0.000, -0.002, -0.002
2.370, 0.001, 0.003, 0.004
2.386, 0.000, 0.000, -0.000
2.403, 0.000, 0.001, 0.001
2.420, -0.000, -0.000, -0.000
2.436, 0.000, -0.000, 0.000
2.453, 0.000, -0.000, -0.000
2.470, 0.001, -0.000, 0.001
2.487, 0.000, 0.000, 0.000
2.503, 0.000, -0.000, 0.001
2.522, 0.000, 0.000, -0.001
2.536, 0.000, 0.001, -0.000
2.553, 0.000, 0.000, -0.000
2.570, 0.000, -0.000, 0.001
2.587, 0.000, -0.001, -0.001
2.603, 0.000, 0.001, 0.001
2.621, -0.000, 0.000, -0.001
2.637, -0.000, -0.001, -0.001
2.653, -0.000, -0.001, -0.002
2.670, 0.001, -0.002, -0.004
2.686, 0.000, -0.002, -0.001
2.703, 0.000, -0.002, -0.001
2.720, -0.000, 0.001, 0.001
2.736, -0.000, 0.001, 0.001
2.753, 0.000, 0.000, -0.001
2.770, -0.000, -0.001, 0.001
2.786, -0.000, -0.000, 0.001
2.803, 0.000, -0.001, 0.000
2.820, -0.000, -0.000, -0.002
2.836, -0.000, -0.001, 0.000
2.853, -0.001, 0.001, 0.001
2.870, -0.000, -0.000, 0.002
2.886, 0.000, 0.000, 0.001
2.903, 0.000, -0.001, -0.002
2.920, -0.000, 0.001, 0.002
2.936, -0.000, 0.001, 0.001
2.953, -0.000, 0.001, 0.001
2.970, -0.000, 0.000, 0.000
2.986, -0.000, 0.000, 0.002
3.003, -0.000, 0.000, 0.001
3.020, 0.000, 0.000, 0.003
3.036, 0.000, 0.000, 0.001
3.053, -0.000, 0.001, 0.003
3.070, 0.000, 0.000, 0.000
3.086, 0.000, -0.000, 0.000
3.103, 0.000, 0.000, -0.000
3.120, 0.000, -0.000, 0.001
3.136, 0.000, 0.000, 0.001
3.153, 0.001, -0.000, 0.002
3.170, 0.000, 0.000, 0.001
3.186, 0.000, -0.000, 0.000
3.203, 0.000, -0.000, 0.001
3.220, 0.000, 0.000, 0.001
3.237, 0.000, -0.000, 0.001
3.253, 0.000, 0.000, 0.000
3.270, -0.000, 0.000, -0.001
3.287, 0.000, 0.000, 0.000
3.303, 0.000, 0.001, -0.000
3.320, 0.000, -0.001, 0.001
3.336, 0.000, -0.001, -0.001
3.353, 0.000, -0.001, 0.001
3.370, 0.000, 0.002, -0.001
3.387, -0.000, 0.002, 0.001
3.403, 0.000, 0.002, -0.001
3.420, -0.000, -0.000, 0.000
3.436, -0.000, -0.000, -0.000
3.453, -0.000, 0.000, 0.000
3.470, 0.000, -0.000, 0.000
3.487, 0.000, -0.001, -0.002
3.503, 0.001, -0.001, -0.001
3.520, -0.000, -0.001, -0.003
3.536, -0.000, -0.000, -0.000
3.553, -0.001, -0.001, -0.001
3.570, -0.001, -0.005, -0.007
3.586, -0.000, -0.002, -0.003
3.603, -0.001, -0.005, -0.007
3.620, 0.001, 0.000, 0.000
3.637, -0.000, 0.001, 0.001
3.653, 0.001, 0.002, 0.003
3.670, 0.000, 0.003, 0.003
3.686, 0.000, -0.003, -0.004
3.703, -0.000, 0.001, -0.000
3.720, 0.001, 0.001, 0.000
3.736, 0.000, 0.003, 0.005
3.753, 0.001, 0.001, 0.000
3.770, 0.000, -0.001, 0.001
3.787, 0.001, -0.001, -0.002
3.803, 0.001, -0.001, 0.001
3.820, -0.000, 0.001, 0.002
3.837, -0.001, 0.001, 0.003
3.853, -0.001, 0.001, 0.002
3.870, 0.001, -0.002, -0.003
3.887, 0.001, -0.001, -0.001
3.903, 0.000, -0.001, -0.001
3.920, 0.000, 0.001, 0.002
3.936, 0.001, -0.001, -0.001
3.953, 0.001, -0.001, -0.001
3.970, -0.000, 0.001, 0.001
3.987, -0.000, 0.001, 0.002
4.003, -0.000, 0.000, 0.003
4.020, 0.000, 0.001, 0.002
4.036, -0.000, 0.001, 0.001
4.053, -0.001, 0.002, 0.003
4.070, 0.001, -0.002, -0.003
4.086, 0.001, -0.000, -0.002
4.103, 0.001, -0.001, -0.003
4.120, -0.000, -0.000, -0.001
4.136, -0.000, -0.000, -0.001
4.153, -0.000, -0.000, -0.001
4.170, -0.000, 0.001, -0.001
4.186, -0.000, 0.001, -0.001
4.203, -0.000, 0.000, -0.000
4.220, 0.000, -0.000, 0.000
4.236, -0.000, 0.000, -0.000
4.253, -0.000, 0.001, 0.002
4.270, 0.000, -0.002, -0.002
4.286, 0.000, -0.001, -0.002
4.303, 0.001, -0.002, -0.004
4.320, -0.000, 0.000, 0.001
4.337, -0.000, 0.001, 0.002
4.353, -0.001, 0.001, 0.001
4.370, -0.001, 0.001, 0.000
4.387, -0.000, 0.000, -0.000
4.403, -0.000, -0.000, -0.002
4.420, 0.001, -0.000, -0.001
4.436, 0.001, -0.000, -0.001
4.453, 0.000, -0.000, 0.001
4.470, 0.000, 0.000, -0.001
4.486, -0.000, 0.001, 0.001
4.503, 0.000, 0.000, -0.001
4.520, -0.000, -0.001, 0.000
4.537, -0.000, -0.000, 0.000
4.553, -0.001, -0.003, -0.003
4.570, 0.000, 0.002, 0.002
4.586, 0.000, 0.002, 0.003
4.603, 0.000, 0.002, 0.002
4.620, 0.001, 0.003, 0.004
4.636, 0.001, 0.003, 0.004
4.653, 0.001, 0.003, 0.004
4.670, 0.000, 0.003, 0.007
4.686, -0.000, 0.003, 0.004
4.703, 0.001, 0.005, 0.007
4.720, -0.000, 0.001, 0.002
4.736, -0.000, 0.000, 0.002
4.753, -0.001, 0.001, 0.004
4.770, -0.000, -0.000, 0.001
4.787, 0.000, -0.001, -0.000
4.803, -0.000, 0.000, 0.001
4.820, -0.000, 0.000, 0.000
4.836, -0.000, 0.001, 0.002
4.853, -0.000, -0.000, 0.000
4.870, -0.000, -0.000, 0.001
4.887, -0.000, 0.000, 0.001
4.903, 0.000, -0.000, 0.001
4.920, 0.000, 0.000, -0.000
4.937, 0.000, -0.001, -0.001
4.953, -0.000, 0.002, 0.003
4.970, -0.000, 0.001, 0.002
4.987, 0.000, 0.001, 0.003
5.003, -0.000, -0.000, -0.001
5.020, -0.000, 0.000, 0.000
5.036, -0.000, 0.001, 0.002
5.053, 0.000, -0.001, -0.001
5.070, 0.000, -0.000, -0.002
5.086, -0.000, 0.000, -0.000
5.103, -0.000, -0.000, 0.000
5.120, -0.000, 0.001, 0.001
5.136, -0.000, -0.000, -0.000
5.153, -0.000, 0.002, 0.001
5.170, -0.001, 0.000, 0.000
5.186, -0.000, -0.001, -0.000
5.203, -0.000, -0.001, -0.002
5.220, -0.001, -0.007, -0.007
5.236, -0.000, -0.002, -0.002
5.253, -0.000, -0.004, -0.003
5.270, 0.001, 0.003, 0.002
5.287, 0.000, 0.000, -0.000
5.303, -0.000, 0.001, -0.001
5.320, -0.001, -0.004, -0.005
5.336, -0.000, -0.003, -0.004
5.353, -0.000, -0.002, -0.002
5.370, -0.000, 0.004, 0.006
5.387, -0.000, 0.000, 0.002
5.403, -0.001, 0.001, 0.003
5.420, 0.000, -0.001, 0.001
5.436, -0.001, 0.001, 0.002
5.453, 0.000, -0.001, 0.000
5.470, 0.000, 0.001, 0.000
5.486, 0.001, 0.000, 0.001
5.503, 0.000, 0.000, 0.000
5.520, 0.000, -0.002, -0.002
5.536, 0.000, -0.001, -0.001
5.553, 0.000, -0.004, -0.004
5.570, -0.000, 0.003, 0.006
5.586, -0.000, 0.003, 0.004
5.603, 0.000, 0.005, 0.007
5.620, -0.001, -0.003, -0.005
5.636, -0.001, -0.001, -0.001
5.653, -0.001, -0.001, -0.000
5.670, 0.001, 0.003, 0.003
5.686, 0.000, 0.000, -0.000
5.703, 0.000, 0.000, 0.001
5.720, -0.000, 0.000, -0.000
5.736, -0.000, -0.003, -0.004
5.753, -0.000, -0.000, 0.000
5.770, 0.001, -0.002, -0.003
5.786, 0.001, 0.002, 0.001
5.803, 0.001, -0.001, -0.003
5.820, -0.000, 0.001, -0.001
5.836, -0.000, 0.001, 0.002
5.853, 0.000, 0.000, -0.001
5.870, 0.000, -0.001, 0.000
5.886, 0.000, -0.001, -0.002
5.903, -0.000, -0.001, -0.000
5.920, 0.000, 0.001, -0.001
5.937, -0.000, 0.000, -0.001
5.953, -0.000, 0.000, -0.001
5.970, -0.001, 0.001, 0.002
5.986, 0.000, 0.001, 0.001
6.003, -0.000, 0.002, 0.002
6.020, 0.001, -0.002, -0.004
6.037, 0.000, -0.001, -0.002
6.053, 0.001, -0.002, -0.004
6.070, -0.000, 0.001, 0.001
6.086, -0.000, 0.001, 0.002
6.103, -0.000, -0.002, -0.002
6.120, 0.001, 0.004, 0.004
6.136, 0.000, -0.001, -0.001
6.153, 0.001, 0.005, 0.006
6.170, -0.000, -0.001, -0.000
6.186, 0.000, 0.003, 0.004
6.203, -0.000, -0.000, 0.001
6.220, 0.001, -0.002, 0.001
6.236, -0.000, -0.004, -0.004
6.253, 0.000, -0.001, -0.000
6.270, -0.002, -0.002, -0.003
6.286, -0.000, 0.001, 0.001
6.303, -0.001, -0.001, -0.002
6.320, 0.000, 0.002, 0.004
6.336, -0.001, -0.002, -0.001
6.353, -0.000, -0.000, 0.003
6.370, -0.000, 0.001, 0.002
6.386, 0.000, 0.003, 0.005
6.403, -0.002, -0.000, -0.000
6.420, 0.001, 0.002, 0.004
6.436, -0.000, 0.004, 0.005
6.453, 0.001, 0.005, 0.007
6.470, 0.000, 0.000, -0.001
6.487, -0.000, -0.004, -0.006
6.503, -0.000, -0.001, -0.002
6.520, -0.000, -0.001, -0.002
6.537, 0.001, 0.002, 0.002
6.553, -0.000, -0.000, -0.000
6.570, -0.001, 0.001, -0.001
6.586, -0.001, 0.001, 0.001
6.603, -0.000, -0.000, -0.002
6.620, -0.001, -0.001, 0.000
6.636, 0.000, 0.000, 0.000
6.653, -0.000, -0.000, 0.001
6.670, 0.001, 0.000, -0.001
6.686, -0.000, -0.000, -0.001
6.703, -0.000, 0.001, -0.000
6.720, -0.000, 0.000, -0.000
6.736, -0.000, -0.000, 0.000
6.753, -0.000, 0.001, 0.002
6.770, 0.000, -0.000, -0.001
6.786, -0.000, -0.003, -0.005
6.803, 0.001, -0.001, -0.003
6.820, -0.000, -0.000, 0.000
6.836, 0.000, 0.003, 0.005
6.853, -0.000, -0.000, -0.001
6.870, -0.000, -0.001, 0.000
6.887, -0.000, 0.000, 0.000
6.903, -0.001, 0.001, 0.002
6.920, -0.001, 0.002, 0.001
6.936, 0.000, -0.001, -0.000
6.953, -0.001, -0.003, -0.004
6.970, 0.000, 0.003, 0.006
6.986, -0.001, 0.004, 0.007
7.003, 0.000, 0.006, 0.010
7.020, -0.000, 0.001, -0.001
7.036, -0.000, 0.000, -0.000
7.053, -0.001, -0.003, -0.005
7.070, 0.000, 0.002, 0.006
7.086, 0.000, 0.002, 0.005
7.103, 0.001, 0.004, 0.009
7.120, -0.000, 0.001, 0.002
7.136, 0.000, -0.000, 0.000
7.153, -0.000, 0.001, 0.002
7.170, -0.001, -0.001, 0.001
7.186, -0.001, 0.000, 0.003
7.203, 0.000, -0.002, -0.000
7.220, 0.001, -0.001, -0.001
7.236, 0.001, -0.002, -0.004
7.253, -0.000, -0.003, -0.003
7.270, -0.001, -0.004, -0.000
7.286, -0.000, -0.000, 0.003
7.303, -0.000, -0.000, 0.003
7.320, 0.001, 0.006, 0.007
7.337, 0.001, 0.002, 0.003
7.353, 0.001, 0.007, 0.006
7.370, 0.001, 0.001, -0.002
7.387, 0.000, 0.002, 0.001
7.403, 0.001, -0.002, -0.003
7.420, 0.002, 0.002, 0.003
7.436, 0.002, 0.002, 0.002
7.453, 0.001, 0.005, 0.006
7.470, -0.001, 0.002, -0.000
7.487, -0.001, 0.000, -0.003
7.503, 0.000, 0.003, -0.000
7.522, 0.001, 0.002, -0.000
7.536, 0.000, -0.002, -0.003
7.553, -0.001, -0.002, -0.002
7.570, -0.001, -0.002, -0.005
7.586, 0.001, 0.005, 0.003
7.603, 0.000, 0.002, -0.002
7.620, -0.001, 0.002, -0.001
7.636, 0.000, 0.003, -0.002
7.653, 0.000, 0.000, -0.003
7.670, 0.002, 0.006, 0.003
7.687, 0.002, 0.005, 0.002
7.703, 0.001, 0.007, 0.002
7.720, -0.002, 0.000, -0.006
7.736, -0.003, 0.005, -0.005
7.753, -0.003, 0.008, -0.001
7.770, -0.001, 0.012, 0.002
7.786, -0.002, 0.007, 0.004
7.803, -0.004, 0.006, 0.001
7.820, -0.005, 0.001, -0.000
7.836, -0.005, 0.001, -0.002
7.853, -0.003, -0.001, 0.001
7.870, -0.003, -0.002, 0.004
7.887, -0.003, -0.003, 0.002
7.903, -0.005, -0.003, 0.009
7.920, -0.006, -0.005, 0.011
7.937, -0.007, -0.006, 0.014
7.953, -0.007, -0.007, 0.014
7.970, -0.007, -0.011, 0.012
7.986, -0.005, -0.013, 0.012
8.003, 0.001, -0.022, 0.005
8.020, 0.004, -0.032, -0.001
8.037, 0.004, -0.033, -0.000
8.053, 0.003, -0.039, 0.001
8.070, -0.001, -0.025, 0.011
8.086, -0.000, -0.028, 0.007
8.103, 0.002, -0.025, 0.005
8.120, 0.005, -0.031, -0.001
8.136, 0.008, -0.038, -0.003
8.153, 0.008, -0.038, 0.004
8.170, 0.011, -0.044, 0.007
8.186, 0.011, -0.039, 0.014
8.203, 0.012, -0.046, 0.020
8.220, 0.007, -0.042, 0.025
8.236, 0.015, -0.062, 0.020
8.253, 0.015, -0.061, 0.014
8.270, 0.019, -0.071, 0.010
8.286, 0.013, -0.063, 0.015
8.303, 0.021, -0.090, 0.007
8.320, 0.026, -0.095, 0.005
8.336, 0.028, -0.104, -0.001
8.353, 0.025, -0.104, 0.014
8.370, 0.027, -0.119, 0.004
8.386, 0.030, -0.127, 0.004
8.403, 0.035, -0.145, -0.003
8.420, 0.025, -0.146, 0.017
8.436, 0.033, -0.177, 0.018
8.453, 0.025, -0.159, 0.026
8.470, 0.038, -0.179, 0.014
8.486, 0.032, -0.160, 0.024
8.503, 0.040, -0.201, 0.036
8.520, 0.036, -0.197, 0.053
8.536, 0.039, -0.236, 0.069
8.553, 0.034, -0.211, 0.068
8.570, 0.030, -0.222, 0.092
8.586, 0.027, -0.200, 0.086
8.603, 0.032, -0.243, 0.104
8.620, 0.036, -0.245, 0.093
8.636, 0.039, -0.290, 0.123
8.653, 0.036, -0.263, 0.123
8.670, 0.035, -0.268, 0.133
8.687, 0.029, -0.231, 0.128
8.703, 0.033, -0.275, 0.163
8.720, 0.039, -0.293, 0.155
8.736, 0.037, -0.299, 0.167
8.753, 0.038, -0.305, 0.177
8.770, 0.034, -0.312, 0.214
8.786, 0.032, -0.312, 0.226
8.803, 0.033, -0.328, 0.260
8.821, 0.032, -0.320, 0.273
8.837, 0.036, -0.334, 0.285
8.853, 0.029, -0.327, 0.313
8.870, 0.035, -0.325, 0.293
8.886, 0.038, -0.338, 0.325
8.904, 0.042, -0.343, 0.353
8.920, 0.044, -0.349, 0.396
8.936, 0.052, -0.370, 0.440
8.953, 0.057, -0.317, 0.392
8.970, 0.056, -0.310, 0.397
8.987, 0.057, -0.260, 0.357
9.003, 0.075, -0.279, 0.414
9.020, 0.089, -0.269, 0.428
9.036, 0.122, -0.279, 0.487
9.053, 0.122, -0.221, 0.443
9.070, 0.133, -0.192, 0.447
9.087, 0.130, -0.145, 0.400
9.103, 0.176, -0.141, 0.469
9.120, 0.185, -0.112, 0.481
9.136, 0.203, -0.087, 0.484
9.153, 0.226, -0.047, 0.489
9.170, 0.246, -0.023, 0.496
9.187, 0.263, 0.007, 0.505
9.203, 0.299, 0.044, 0.519
9.220, 0.318, 0.069, 0.517
9.236, 0.339, 0.099, 0.527
9.253, 0.355, 0.141, 0.522
9.270, 0.372, 0.172, 0.535
9.287, 0.387, 0.201, 0.534
9.303, 0.413, 0.239, 0.531
9.320, 0.440, 0.275, 0.540
9.336, 0.510, 0.345, 0.599
9.353, 0.469, 0.344, 0.533
9.371, 0.475, 0.348, 0.500
9.386, 0.429, 0.339, 0.442
9.403, 0.503, 0.422, 0.502
9.420, 0.520, 0.471, 0.518
9.436, 0.523, 0.486, 0.503
9.453, 0.542, 0.536, 0.503
9.470, 0.531, 0.546, 0.489
9.486, 0.584, 0.626, 0.522
9.503, 0.538, 0.605, 0.471
9.520, 0.540, 0.627, 0.462
9.536, 0.498, 0.603, 0.423
9.553, 0.532, 0.677, 0.449
9.570, 0.531, 0.694, 0.444
9.586, 0.528, 0.714, 0.440
9.603, 0.523, 0.733, 0.429
9.620, 0.534, 0.773, 0.433
9.636, 0.584, 0.871, 0.472
9.653, 0.512, 0.790, 0.414
9.670, 0.487, 0.774, 0.397
9.686, 0.421, 0.694, 0.347
9.703, 0.476, 0.810, 0.393
9.720, 0.466, 0.819, 0.388
9.736, 0.455, 0.820, 0.382
9.753, 0.441, 0.834, 0.381
9.770, 0.429, 0.833, 0.378
9.787, 0.417, 0.838, 0.375
9.803, 0.388, 0.818, 0.364
9.820, 0.388, 0.840, 0.374
9.836, 0.369, 0.829, 0.364
9.853, 0.346, 0.812, 0.355
9.870, 0.328, 0.806, 0.355
9.887, 0.312, 0.795, 0.353
9.903, 0.346, 0.940, 0.414
9.920, 0.324, 0.909, 0.397
9.936, 0.308, 0.898, 0.396
9.953, 0.235, 0.741, 0.329
9.970, 0.216, 0.721, 0.322
9.987, 0.201, 0.707, 0.318
10.010, 0.175, 0.682, 0.314
10.020, 0.162, 0.659, 0.304
10.036, 0.148, 0.649, 0.300
10.053, 0.127, 0.620, 0.290
10.070, 0.112, 0.608, 0.291
10.086, 0.097, 0.579, 0.284
10.106, 0.072, 0.549, 0.277
10.120, 0.060, 0.529, 0.273
10.137, 0.050, 0.515, 0.271
10.153, 0.032, 0.477, 0.261
10.170, 0.020, 0.457, 0.255
10.187, 0.009, 0.433, 0.247
10.203, -0.005, 0.412, 0.245
10.220, -0.014, 0.391, 0.242
10.236, -0.023, 0.370, 0.234
10.253, -0.034, 0.337, 0.226
10.270, -0.043, 0.320, 0.220
10.286, -0.048, 0.299, 0.216
10.303, -0.056, 0.269, 0.207
10.320, -0.061, 0.248, 0.201
10.337, -0.066, 0.234, 0.201
10.353, -0.070, 0.203, 0.189
10.370, -0.072, 0.184, 0.181
10.387, -0.074, 0.167, 0.174
10.403, -0.078, 0.146, 0.170
10.420, -0.080, 0.132, 0.168
10.437, -0.081, 0.117, 0.164
10.454, -0.079, 0.094, 0.157
10.470, -0.077, 0.080, 0.157
10.487, -0.076, 0.068, 0.154
10.503, -0.073, 0.049, 0.149
10.520, -0.073, 0.040, 0.151
10.537, -0.071, 0.029, 0.150
10.554, -0.067, 0.015, 0.145
10.571, -0.060, 0.006, 0.139
10.587, -0.057, -0.001, 0.136
10.603, -0.051, -0.012, 0.132
10.626, -0.047, -0.015, 0.130
10.637, -0.047, -0.025, 0.143
10.653, -0.039, -0.029, 0.128
10.671, -0.037, -0.030, 0.131
10.687, -0.026, -0.030, 0.107
10.703, -0.021, -0.036, 0.113
10.720, -0.014, -0.041, 0.103
10.737, -0.009, -0.049, 0.110
10.753, -0.002, -0.043, 0.089
10.770, 0.001, -0.044, 0.087
10.787, 0.005, -0.037, 0.074
10.803, 0.012, -0.040, 0.080
10.820, 0.016, -0.037, 0.075
10.837, 0.022, -0.035, 0.069
10.853, 0.028, -0.033, 0.063
10.870, 0.032, -0.030, 0.058
10.887, 0.036, -0.028, 0.054
10.903, 0.043, -0.021, 0.050
10.920, 0.047, -0.019, 0.044
10.937, 0.059, -0.015, 0.047
10.954, 0.055, -0.010, 0.035
10.970, 0.059, -0.004, 0.034
10.987, 0.053, 0.003, 0.025
11.004, 0.065, 0.008, 0.023
11.020, 0.067, 0.011, 0.020
11.037, 0.070, 0.015, 0.015
11.053, 0.071, 0.023, 0.011
11.070, 0.074, 0.028, 0.005
11.087, 0.073, 0.031, 0.001
11.103, 0.077, 0.039, -0.004
11.120, 0.075, 0.043, -0.006
11.137, 0.076, 0.050, -0.012
11.153, 0.075, 0.053, -0.018
11.170, 0.074, 0.057, -0.025
11.187, 0.075, 0.062, -0.025
11.204, 0.074, 0.067, -0.033
11.220, 0.074, 0.071, -0.038
11.237, 0.081, 0.084, -0.048
11.253, 0.068, 0.078, -0.045
11.270, 0.069, 0.082, -0.053
11.287, 0.065, 0.083, -0.057
11.303, 0.065, 0.088, -0.062
11.321, 0.064, 0.089, -0.062
11.337, 0.054, 0.081, -0.059
11.358, 0.059, 0.095, -0.074
11.370, 0.055, 0.095, -0.075
11.387, 0.053, 0.096, -0.078
11.404, 0.050, 0.097, -0.083
11.420, 0.046, 0.099, -0.087
11.437, 0.051, 0.114, -0.104
11.454, 0.041, 0.100, -0.093
11.470, 0.038, 0.102, -0.099
11.487, 0.030, 0.086, -0.090
11.503, 0.033, 0.101, -0.108
11.520, 0.031, 0.102, -0.112
11.536, 0.029, 0.101, -0.115
11.553, 0.025, 0.098, -0.120
11.570, 0.025, 0.097, -0.121
11.587, 0.022, 0.097, -0.123
11.603, 0.019, 0.096, -0.131
11.620, 0.016, 0.089, -0.130
11.637, 0.013, 0.090, -0.136
11.653, 0.010, 0.085, -0.135
11.670, 0.008, 0.084, -0.141
11.687, 0.006, 0.079, -0.143
11.703, 0.003, 0.075, -0.144
11.720, 0.002, 0.081, -0.159
11.737, -0.001, 0.085, -0.185
11.754, -0.003, 0.074, -0.172
11.770, -0.004, 0.068, -0.160
11.787, -0.005, 0.057, -0.141
11.804, -0.007, 0.062, -0.170
11.820, -0.010, 0.056, -0.169
11.837, -0.011, 0.056, -0.171
11.853, -0.014, 0.052, -0.171
11.870, -0.013, 0.047, -0.174
11.887, -0.015, 0.043, -0.174
11.903, -0.016, 0.038, -0.170
11.920, -0.017, 0.037, -0.172
11.937, -0.020, 0.038, -0.197
11.953, -0.019, 0.028, -0.178
11.970, -0.020, 0.028, -0.175
11.987, -0.017, 0.020, -0.151
12.003, -0.020, 0.021, -0.177
12.021, -0.021, 0.016, -0.179
12.037, -0.022, 0.014, -0.179
12.053, -0.023, 0.010, -0.182
12.070, -0.022, 0.008, -0.183
12.087, -0.022, 0.006, -0.183
12.103, -0.020, 0.001, -0.174
12.120, -0.020, 0.000, -0.182
12.137, -0.020, -0.004, -0.183
12.153, -0.020, -0.006, -0.187
12.170, -0.021, -0.009, -0.186
12.187, -0.021, -0.010, -0.185
12.204, -0.021, -0.012, -0.187
12.220, -0.018, -0.015, -0.188
12.237, -0.020, -0.017, -0.210
12.253, -0.017, -0.020, -0.186
12.270, -0.017, -0.017, -0.179
12.287, -0.013, -0.018, -0.153
12.303, -0.015, -0.019, -0.169
12.320, -0.016, -0.021, -0.165
12.337, -0.015, -0.022, -0.163
12.353, -0.013, -0.024, -0.157
12.370, -0.011, -0.024, -0.153
12.387, -0.010, -0.024, -0.146
12.404, -0.009, -0.024, -0.142
12.420, -0.007, -0.024, -0.139
12.437, -0.007, -0.027, -0.153
12.453, -0.004, -0.024, -0.129
12.470, -0.003, -0.024, -0.120
12.487, -0.003, -0.018, -0.099
12.503, -0.002, -0.021, -0.113
12.521, -0.001, -0.020, -0.111
12.537, 0.001, -0.022, -0.108
12.554, 0.002, -0.018, -0.097
12.570, 0.003, -0.016, -0.094
12.587, 0.003, -0.016, -0.096
12.604, 0.005, -0.016, -0.096
12.623, 0.006, -0.017, -0.094
12.637, 0.007, -0.015, -0.088
12.654, 0.009, -0.012, -0.089
12.670, 0.009, -0.012, -0.089
12.687, 0.011, -0.011, -0.088
12.704, 0.011, -0.010, -0.085
12.720, 0.013, -0.009, -0.090
12.737, 0.013, -0.006, -0.087
12.754, 0.015, -0.005, -0.087
12.770, 0.014, -0.003, -0.080
12.787, 0.014, -0.003, -0.079
12.803, 0.016, -0.000, -0.080
12.820, 0.015, 0.002, -0.078
12.837, 0.017, 0.005, -0.092
12.854, 0.013, 0.007, -0.076
12.870, 0.014, 0.007, -0.079
12.887, 0.012, 0.008, -0.064
12.903, 0.015, 0.009, -0.079
12.920, 0.014, 0.012, -0.082
12.937, 0.016, 0.013, -0.081
12.953, 0.014, 0.016, -0.080
12.970, 0.014, 0.016, -0.078
12.987, 0.012, 0.018, -0.081
13.003, 0.013, 0.018, -0.081
13.020, 0.012, 0.021, -0.081
13.037, 0.013, 0.023, -0.093
13.054, 0.011, 0.023, -0.083
13.070, 0.012, 0.019, -0.085
13.087, 0.010, 0.021, -0.068
13.103, 0.010, 0.021, -0.079
13.120, 0.008, 0.025, -0.075
13.137, 0.008, 0.025, -0.077
13.153, 0.006, 0.029, -0.070
13.170, 0.008, 0.027, -0.072
13.187, 0.008, 0.024, -0.071
13.204, 0.007, 0.027, -0.067
13.220, 0.005, 0.026, -0.062
13.237, 0.005, 0.031, -0.071
13.253, 0.003, 0.025, -0.063
13.270, 0.002, 0.030, -0.062
13.287, 0.002, 0.025, -0.052
13.303, 0.002, 0.030, -0.064
13.320, 0.001, 0.027, -0.061
13.337, 0.001, 0.026, -0.062
13.353, 0.001, 0.025, -0.063
13.370, -0.001, 0.027, -0.066
13.387, -0.001, 0.026, -0.065
13.403, -0.003, 0.027, -0.064
13.420, -0.002, 0.027, -0.065
13.437, 0.000, 0.024, -0.071
13.453, -0.001, 0.024, -0.070
13.470, -0.002, 0.022, -0.070
13.487, -0.003, 0.025, -0.077
13.503, -0.002, 0.021, -0.072
13.520, -0.002, 0.019, -0.072
13.537, -0.002, 0.019, -0.074
13.554, -0.003, 0.019, -0.068
13.571, -0.002, 0.017, -0.073
13.587, -0.003, 0.011, -0.063
13.603, -0.003, 0.013, -0.075
13.620, -0.001, 0.010, -0.077
13.637, -0.002, 0.011, -0.078
13.653, -0.006, 0.006, -0.078
13.670, -0.010, 0.005, -0.073
13.687, -0.012, 0.002, -0.070
13.704, -0.015, -0.004, -0.070
13.720, -0.017, -0.008, -0.072
13.736, -0.026, -0.009, -0.072
13.753, -0.029, -0.016, -0.065
13.770, -0.034, -0.023, -0.060
13.787, -0.035, -0.028, -0.057
13.803, -0.052, -0.036, -0.053
13.820, -0.062, -0.036, -0.053
13.836, -0.081, -0.051, -0.058
13.854, -0.079, -0.053, -0.049
13.870, -0.087, -0.060, -0.045
13.886, -0.085, -0.058, -0.039
13.904, -0.122, -0.085, -0.048
13.920, -0.129, -0.089, -0.047
13.936, -0.159, -0.107, -0.045
13.953, -0.137, -0.093, -0.040
13.970, -0.150, -0.101, -0.037
13.990, -0.132, -0.092, -0.034
14.003, -0.165, -0.113, -0.034
14.020, -0.168, -0.117, -0.037
14.037, -0.177, -0.122, -0.036
14.053, -0.208, -0.147, -0.045
14.070, -0.214, -0.148, -0.043
14.087, -0.219, -0.155, -0.048
14.103, -0.200, -0.141, -0.035
14.120, -0.203, -0.143, -0.034
14.137, -0.237, -0.168, -0.036
14.153, -0.217, -0.153, -0.035
14.170, -0.220, -0.154, -0.031
14.187, -0.192, -0.135, -0.024
14.203, -0.225, -0.161, -0.026
14.220, -0.229, -0.164, -0.028
14.237, -0.231, -0.169, -0.028
14.253, -0.225, -0.164, -0.024
14.270, -0.240, -0.183, -0.025
14.287, -0.238, -0.182, -0.024
14.303, -0.250, -0.196, -0.025
14.320, -0.235, -0.183, -0.022
14.337, -0.268, -0.211, -0.024
14.353, -0.231, -0.184, -0.023
14.370, -0.237, -0.195, -0.020
14.387, -0.203, -0.169, -0.018
14.404, -0.234, -0.198, -0.017
14.420, -0.231, -0.198, -0.028
14.437, -0.260, -0.226, -0.027
14.453, -0.222, -0.197, -0.024
14.470, -0.229, -0.203, -0.017
14.487, -0.196, -0.177, -0.015
14.503, -0.268, -0.242, -0.015
14.520, -0.247, -0.227, -0.011
14.537, -0.278, -0.255, -0.011
14.553, -0.207, -0.193, -0.009
14.570, -0.206, -0.193, -0.008
14.587, -0.171, -0.162, -0.006
14.603, -0.195, -0.184, -0.007
14.620, -0.200, -0.189, -0.005
14.637, -0.223, -0.209, -0.007
14.653, -0.191, -0.181, -0.004
14.670, -0.190, -0.176, -0.013
14.687, -0.161, -0.151, -0.011
14.703, -0.188, -0.173, -0.015
14.720, -0.177, -0.166, -0.009
14.737, -0.202, -0.188, -0.012
14.753, -0.171, -0.158, -0.011
14.770, -0.175, -0.161, -0.010
14.787, -0.147, -0.132, -0.010
14.803, -0.171, -0.156, -0.012
14.820, -0.169, -0.146, -0.018
14.837, -0.188, -0.164, -0.018
14.853, -0.161, -0.136, -0.017
14.870, -0.160, -0.138, -0.017
14.886, -0.139, -0.119, -0.017
14.903, -0.164, -0.139, -0.019
14.920, -0.158, -0.133, -0.012
14.936, -0.177, -0.150, -0.012
14.953, -0.152, -0.128, -0.007
14.970, -0.153, -0.128, -0.008
14.986, -0.131, -0.109, -0.004
15.003, -0.147, -0.126, -0.003
15.020, -0.152, -0.130, -0.003
15.037, -0.165, -0.146, 0.003
15.053, -0.147, -0.131, 0.006
15.070, -0.139, -0.131, 0.009
15.086, -0.122, -0.117, 0.008
15.104, -0.136, -0.138, 0.015
15.120, -0.140, -0.143, 0.019
15.136, -0.137, -0.146, 0.023
15.153, -0.135, -0.151, 0.028
15.170, -0.129, -0.149, 0.031
15.186, -0.129, -0.153, 0.033
15.203, -0.129, -0.163, 0.034
15.220, -0.128, -0.169, 0.039
15.237, -0.127, -0.174, 0.041
15.253, -0.127, -0.178, 0.043
15.270, -0.128, -0.181, 0.040
15.286, -0.128, -0.186, 0.037
15.304, -0.127, -0.188, 0.038
15.320, -0.127, -0.189, 0.033
15.336, -0.145, -0.218, 0.037
15.353, -0.131, -0.196, 0.026
15.370, -0.132, -0.198, 0.023
15.386, -0.113, -0.171, 0.016
15.403, -0.131, -0.195, 0.015
15.420, -0.131, -0.201, 0.011
15.436, -0.154, -0.224, 0.006
15.453, -0.141, -0.204, -0.001
15.470, -0.143, -0.197, -0.003
15.487, -0.124, -0.170, -0.011
15.505, -0.146, -0.189, -0.016
15.520, -0.150, -0.189, -0.019
15.536, -0.174, -0.211, -0.028
15.553, -0.154, -0.184, -0.033
15.570, -0.155, -0.179, -0.039
15.586, -0.137, -0.155, -0.038
15.603, -0.161, -0.176, -0.047
15.620, -0.162, -0.173, -0.046
15.636, -0.165, -0.168, -0.046
15.654, -0.160, -0.160, -0.052
15.670, -0.186, -0.174, -0.066
15.686, -0.186, -0.173, -0.073
15.703, -0.200, -0.179, -0.083
15.720, -0.178, -0.159, -0.082
15.736, -0.206, -0.184, -0.104
15.753, -0.179, -0.157, -0.096
15.770, -0.188, -0.163, -0.099
15.787, -0.159, -0.137, -0.088
15.803, -0.190, -0.163, -0.105
15.820, -0.183, -0.156, -0.108
15.838, -0.186, -0.158, -0.110
15.853, -0.180, -0.156, -0.108
15.870, -0.180, -0.159, -0.112
15.886, -0.208, -0.188, -0.124
15.906, -0.187, -0.170, -0.114
15.920, -0.188, -0.172, -0.100
15.936, -0.181, -0.167, -0.102
15.953, -0.175, -0.165, -0.093
15.970, -0.170, -0.164, -0.100
15.986, -0.147, -0.144, -0.083
16.003, -0.166, -0.169, -0.100
16.020, -0.167, -0.171, -0.100
16.037, -0.182, -0.195, -0.108
16.053, -0.160, -0.173, -0.094
16.070, -0.150, -0.169, -0.085
16.086, -0.130, -0.150, -0.072
16.106, -0.147, -0.177, -0.077
16.120, -0.149, -0.185, -0.085
16.136, -0.145, -0.184, -0.080
16.153, -0.139, -0.179, -0.073
16.171, -0.139, -0.191, -0.075
16.186, -0.138, -0.184, -0.073
16.203, -0.136, -0.194, -0.075
16.220, -0.132, -0.183, -0.076
16.239, -0.130, -0.187, -0.069
16.253, -0.130, -0.181, -0.073
16.270, -0.136, -0.186, -0.062
16.286, -0.135, -0.182, -0.068
16.303, -0.139, -0.187, -0.073
16.320, -0.136, -0.178, -0.079
16.337, -0.141, -0.181, -0.078
16.353, -0.138, -0.179, -0.079
16.370, -0.140, -0.181, -0.080
16.386, -0.140, -0.182, -0.092
16.403, -0.144, -0.178, -0.081
16.420, -0.139, -0.181, -0.085
16.437, -0.140, -0.180, -0.083
16.453, -0.139, -0.182, -0.091
16.470, -0.143, -0.181, -0.092
16.487, -0.141, -0.178, -0.086
16.503, -0.144, -0.180, -0.082
16.520, -0.143, -0.178, -0.072
16.536, -0.158, -0.204, -0.080
16.553, -0.136, -0.180, -0.063
16.570, -0.136, -0.177, -0.052
16.586, -0.119, -0.158, -0.041
16.603, -0.134, -0.181, -0.042
16.620, -0.131, -0.183, -0.045
16.636, -0.148, -0.210, -0.045
16.653, -0.128, -0.186, -0.036
16.670, -0.129, -0.189, -0.034
16.687, -0.109, -0.163, -0.022
16.703, -0.128, -0.189, -0.023
16.720, -0.126, -0.192, -0.026
16.736, -0.127, -0.193, -0.029
16.753, -0.124, -0.194, -0.032
16.770, -0.123, -0.191, -0.019
16.787, -0.125, -0.189, -0.016
16.803, -0.141, -0.224, -0.025
16.820, -0.146, -0.230, -0.033
16.836, -0.162, -0.255, -0.032
16.853, -0.132, -0.198, -0.015
16.870, -0.129, -0.199, -0.017
16.887, -0.124, -0.195, -0.015
16.903, -0.135, -0.206, -0.012
16.920, -0.138, -0.204, 0.004
16.936, -0.128, -0.194, 0.004
16.953, -0.141, -0.216, 0.006
16.970, -0.143, -0.218, 0.006
16.986, -0.146, -0.218, 0.012
17.003, -0.146, -0.220, 0.020
17.020, -0.146, -0.218, 0.019
17.039, -0.169, -0.253, 0.024
17.053, -0.152, -0.227, 0.017
17.070, -0.158, -0.229, 0.024
17.087, -0.134, -0.196, 0.018
17.104, -0.158, -0.230, 0.023
17.120, -0.157, -0.235, 0.013
17.136, -0.186, -0.270, 0.017
17.153, -0.162, -0.229, 0.017
17.170, -0.160, -0.235, 0.009
17.187, -0.133, -0.194, 0.007
17.203, -0.153, -0.232, -0.007
17.220, -0.148, -0.217, -0.003
17.237, -0.153, -0.216, -0.006
17.253, -0.148, -0.203, -0.009
17.270, -0.142, -0.205, -0.020
17.287, -0.137, -0.199, -0.030
17.303, -0.133, -0.189, -0.035
17.320, -0.129, -0.183, -0.050
17.336, -0.136, -0.196, -0.066
17.353, -0.114, -0.162, -0.072
17.370, -0.113, -0.149, -0.063
17.386, -0.094, -0.121, -0.069
17.403, -0.100, -0.127, -0.088
17.420, -0.094, -0.123, -0.103
17.436, -0.097, -0.123, -0.119
17.453, -0.080, -0.099, -0.118
17.470, -0.073, -0.083, -0.117
17.486, -0.061, -0.060, -0.109
17.503, -0.061, -0.058, -0.133
17.520, -0.057, -0.049, -0.141
17.536, -0.053, -0.045, -0.172
17.553, -0.043, -0.026, -0.157
17.570, -0.045, -0.012, -0.152
17.586, -0.033, -0.003, -0.142
17.603, -0.034, 0.005, -0.167
17.620, -0.027, 0.009, -0.185
17.636, -0.029, 0.023, -0.209
17.653, -0.021, 0.030, -0.192
17.670, -0.016, 0.033, -0.191
17.687, -0.013, 0.038, -0.165
17.707, -0.012, 0.040, -0.182
17.720, -0.051, 0.197, -0.759
17.736, -0.042, 0.192, -0.760
17.753, -0.044, 0.205, -0.780
17.770, -0.005, 0.061, -0.211
17.787, -0.007, 0.068, -0.221
17.803, 0.000, 0.067, -0.216
17.820, 0.002, 0.064, -0.209
17.836, 0.006, 0.064, -0.199
17.853, 0.004, 0.064, -0.176
17.870, 0.005, 0.065, -0.163
17.887, 0.005, 0.069, -0.137
17.903, 0.008, 0.068, -0.111
17.922, 0.012, 0.066, -0.097
17.936, 0.013, 0.072, -0.092
17.953, 0.012, 0.058, -0.076
17.970, 0.010, 0.070, -0.045
17.986, 0.009, 0.060, -0.032
18.003, 0.011, 0.074, -0.028
18.022, 0.010, 0.061, -0.042
18.037, 0.016, 0.075, -0.054
18.053, 0.018, 0.061, -0.050
18.070, 0.012, 0.070, -0.046
18.087, 0.007, 0.053, -0.034
18.103, 0.008, 0.062, -0.047
18.120, 0.017, 0.049, -0.059
18.136, 0.017, 0.059, -0.069
18.153, 0.017, 0.046, -0.068
18.170, 0.017, 0.046, -0.078
18.186, 0.016, 0.036, -0.072
18.203, 0.017, 0.044, -0.086
18.220, 0.021, 0.037, -0.093
18.236, 0.022, 0.036, -0.099
18.253, 0.027, 0.029, -0.104
18.270, 0.023, 0.033, -0.102
18.287, 0.022, 0.032, -0.103
18.303, 0.024, 0.026, -0.117
18.320, 0.023, 0.026, -0.113
18.340, 0.029, 0.019, -0.140
18.353, 0.019, 0.025, -0.107
18.370, 0.026, 0.007, -0.130
18.386, 0.022, 0.005, -0.112
18.403, 0.026, 0.003, -0.130
18.420, 0.023, 0.009, -0.120
18.437, 0.030, -0.003, -0.149
18.453, 0.028, -0.009, -0.134
18.470, 0.032, -0.012, -0.132
18.487, 0.025, -0.008, -0.109
18.503, 0.033, -0.020, -0.138
18.520, 0.024, -0.012, -0.124
18.537, 0.030, -0.017, -0.137
18.553, 0.023, -0.015, -0.114
18.570, 0.021, -0.019, -0.112
18.587, 0.021, -0.026, -0.104
18.603, 0.020, -0.022, -0.101
18.620, 0.034, -0.044, -0.134
18.636, 0.030, -0.038, -0.129
18.653, 0.029, -0.043, -0.124
18.670, 0.022, -0.031, -0.103
18.687, 0.026, -0.037, -0.110
18.703, 0.025, -0.037, -0.103
18.720, 0.020, -0.033, -0.089
18.736, 0.020, -0.031, -0.089
18.753, 0.021, -0.032, -0.089
18.770, 0.013, -0.021, -0.072
18.787, 0.008, -0.016, -0.059
18.803, 0.013, -0.024, -0.081
18.820, 0.021, -0.034, -0.098
18.836, 0.018, -0.025, -0.091
18.853, 0.014, -0.013, -0.071
18.870, 0.013, -0.014, -0.078
18.887, 0.015, -0.014, -0.082
18.903, 0.015, -0.017, -0.089
18.920, 0.025, -0.014, -0.084
18.936, 0.020, -0.007, -0.083
18.953, 0.019, 0.000, -0.074
18.970, 0.015, 0.007, -0.073
18.987, 0.017, 0.003, -0.085
19.003, 0.017, 0.006, -0.085
19.020, 0.010, 0.012, -0.078
19.036, 0.008, 0.016, -0.060
19.053, 0.012, 0.015, -0.081
19.070, 0.005, 0.016, -0.078
19.087, 0.007, 0.018, -0.079
19.103, 0.001, 0.020, -0.076
19.120, 0.002, 0.020, -0.080
19.137, 0.000, 0.020, -0.090
19.153, -0.000, 0.017, -0.080
19.170, 0.002, 0.015, -0.083
19.187, 0.001, 0.015, -0.069
19.203, -0.003, 0.018, -0.077
19.220, -0.005, 0.014, -0.078
19.236, -0.010, 0.017, -0.087
19.253, -0.008, 0.012, -0.075
19.270, -0.014, 0.015, -0.081
19.287, -0.007, 0.004, -0.078
19.303, -0.014, 0.006, -0.086
19.320, -0.010, 0.007, -0.075
19.337, -0.013, 0.007, -0.085
19.353, -0.009, 0.001, -0.082
19.370, -0.008, -0.009, -0.092
19.387, -0.008, -0.006, -0.079
19.404, -0.009, -0.003, -0.072
19.420, -0.009, -0.001, -0.062
19.437, -0.010, -0.010, -0.072
19.453, -0.008, -0.016, -0.076
19.470, -0.012, -0.012, -0.066
19.487, -0.011, -0.013, -0.055
19.503, -0.009, -0.023, -0.063
19.520, -0.005, -0.027, -0.063
19.537, -0.005, -0.034, -0.059
19.553, -0.009, -0.029, -0.049
19.570, -0.010, -0.024, -0.021
19.587, -0.006, -0.023, -0.018
19.603, -0.006, -0.032, -0.020
19.620, 0.002, -0.044, -0.042
19.637, -0.007, -0.046, -0.063
19.653, -0.003, -0.046, -0.094
19.670, -0.012, -0.045, -0.143
19.687, 0.000, -0.054, -0.203
19.703, -0.012, -0.056, -0.309
19.720, 0.002, -0.085, -0.415
19.737, -0.011, -0.091, -0.584
19.753, -0.004, -0.095, -0.631
19.770, -0.023, -0.077, -0.711
19.787, -0.020, -0.076, -0.707
19.803, 0.022, 0.023, -0.921
19.820, -0.004, 0.036, -0.600
19.837, -0.055, 0.051, -0.242
19.853, -0.131, -0.031, 0.191
19.870, -0.128, -0.039, 0.089
19.887, -0.107, -0.037, -0.053
19.903, -0.121, -0.039, -0.198
19.920, -0.095, -0.012, -0.156
19.937, -0.061, -0.003, -0.095
19.953, -0.020, 0.006, 0.016
19.970, -0.002, -0.008, -0.004
19.987, 0.007, 0.002, -0.017
20.003, 0.017, 0.005, 0.005
20.020, 0.007, 0.006, 0.002
20.036, 0.001, 0.001, -0.002
20.053, -0.000, 0.000, 0.002
20.070, 0.001, -0.001, -0.006
20.087, 0.001, -0.001, -0.003
20.103, 0.001, 0.000, -0.003
20.120, 0.001, -0.001, -0.004
20.137, 0.001, -0.002, -0.003
20.153, 0.001, -0.002, -0.004
20.170, -0.000, 0.002, 0.002
20.187, 0.000, -0.000, -0.001
20.203, 0.000, 0.000, -0.001
20.220, -0.000, -0.000, -0.001
20.237, -0.000, 0.001, -0.002
20.253, -0.000, -0.000, -0.001
20.270, 0.000, -0.000, 0.001
20.287, 0.001, -0.001, -0.002
20.303, 0.000, 0.000, -0.000
20.320, 0.002, -0.003, -0.003
20.337, 0.000, -0.000, 0.000
20.353, 0.001, -0.002, -0.001
20.370, 0.001, -0.002, -0.002
20.387, 0.001, -0.002, -0.001
20.403, 0.001, -0.002, -0.001
20.420, -0.000, 0.002, 0.003
20.437, 0.000, 0.000, 0.000
20.453, 0.000, 0.001, 0.000
20.470, 0.002, -0.003, -0.005
20.487, 0.001, -0.001, -0.002
20.503, 0.002, -0.003, -0.005
20.520, -0.002, 0.002, 0.005
20.537, -0.001, 0.001, 0.002
20.553, -0.002, 0.002, 0.005
20.570, 0.000, 0.000, 0.001
20.587, 0.001, -0.001, -0.001
20.603, 0.001, -0.000, 0.001
20.620, -0.000, 0.000, 0.002
20.637, -0.001, 0.002, 0.003
20.653, -0.000, 0.000, 0.002
20.670, 0.002, -0.004, -0.004
20.687, 0.001, -0.002, -0.002
20.703, 0.002, -0.003, -0.004
20.720, -0.001, 0.001, 0.000
20.737, -0.000, 0.000, 0.000
20.753, -0.002, 0.002, 0.003
20.770, -0.000, 0.001, 0.002
20.787, 0.001, -0.000, 0.000
20.803, 0.001, -0.000, -0.001
20.820, 0.000, 0.001, -0.000
20.837, 0.000, 0.001, -0.001
20.853, -0.000, 0.001, -0.000
20.870, -0.000, -0.001, -0.001
20.887, 0.000, -0.002, -0.003
20.903, -0.001, -0.001, -0.001
20.920, 0.002, -0.002, -0.004
20.937, 0.000, -0.000, 0.001
20.953, 0.001, -0.002, -0.004
20.970, -0.002, 0.003, 0.005
20.987, -0.002, 0.002, 0.003
21.003, -0.001, 0.002, 0.003
21.020, -0.001, 0.001, 0.003
21.037, -0.000, 0.000, 0.000
21.053, -0.002, 0.002, 0.005
21.070, 0.000, 0.001, -0.000
21.087, -0.001, 0.002, 0.002
21.103, 0.000, 0.000, 0.000
21.120, 0.000, -0.000, 0.000
21.137, 0.000, 0.000, -0.000
21.153, -0.000, 0.000, -0.000
21.170, 0.002, -0.003, -0.004
21.187, 0.001, -0.001, 0.001
21.203, 0.001, -0.000, 0.001
21.220, -0.001, 0.002, 0.005
21.237, 0.001, -0.001, -0.002
21.253, 0.001, -0.000, 0.001
21.270, 0.000, -0.000, -0.001
21.287, 0.000, -0.000, -0.001
21.303, -0.000, -0.000, -0.001
21.320, 0.000, 0.000, 0.001
21.337, -0.001, 0.002, 0.002
21.353, 0.002, -0.001, -0.002
21.370, 0.001, -0.001, -0.003
21.387, 0.000, -0.000, -0.000
21.404, 0.000, 0.000, -0.001
21.420, -0.002, 0.002, 0.004
21.437, -0.001, 0.001, 0.001
21.453, -0.002, 0.002, 0.004
21.470, -0.000, 0.000, 0.000
21.487, -0.000, 0.000, -0.000
21.503, -0.000, 0.000, 0.001
21.520, -0.000, -0.001, 0.000
21.537, 0.000, -0.000, 0.001
21.553, 0.000, -0.000, 0.001
21.570, 0.001, 0.000, 0.001
21.587, 0.000, -0.000, 0.000
21.604, 0.001, -0.001, -0.002
21.620, 0.001, -0.001, -0.003
21.637, 0.000, 0.000, 0.000
21.653, -0.001, 0.002, 0.002
21.670, 0.000, -0.001, -0.002
21.687, 0.000, -0.001, -0.002
21.703, 0.001, -0.003, -0.004
21.720, -0.002, 0.003, 0.005
21.737, -0.001, 0.002, 0.002
21.753, -0.003, 0.003, 0.005
21.770, -0.001, 0.000, -0.000
21.787, -0.000, -0.000, -0.001
21.803, -0.000, 0.000, -0.000
21.820, -0.000, 0.000, -0.001
21.837, 0.000, -0.001, -0.003
21.853, -0.001, 0.001, -0.001
21.870, -0.000, -0.000, -0.000
21.887, -0.000, -0.000, -0.000
21.903, 0.000, -0.001, -0.001
